 time                   v(vb,gb)               v(db,dg)               v(a_56346_55631#,DVSS_B.t335) i(Vport0)             
 1.000000000000000e-09  3.219765269830443e-05  3.210342685603363e-05  1.003744668324842e-05  1.492060489385268e-07 
 1.000383409608644e-09  3.221000198532023e-05  3.211574027539778e-05  1.004129638809516e-05  1.492624247516359e-07 
 1.001150228825931e-09  3.223470904242431e-05  3.214037630490758e-05  1.004899813417568e-05  1.493735669807029e-07 
 1.002683867260505e-09  3.228417180577855e-05  3.218970205834538e-05  1.006441475721437e-05  1.495866247999779e-07 
 1.005751144129653e-09  3.238327286862880e-05  3.228855434466083e-05  1.009529405765134e-05  1.499798134307202e-07 
 1.011885697867949e-09  3.258205716164794e-05  3.248695932429208e-05  1.015720259221709e-05  1.506601609124632e-07 
 1.024154805344542e-09  3.298130074108396e-05  3.288589802633559e-05  1.028146229073001e-05  1.517294897093823e-07 
 1.048693020297727e-09  3.378361720990152e-05  3.368879051207623e-05  1.053115052472875e-05  1.532249171289030e-07 
 1.072096175669117e-09  3.455131257346240e-05  3.445774347036888e-05  1.077028937024667e-05  1.542294974068287e-07 
 1.106471507682806e-09  3.568054619782856e-05  3.558900004513029e-05  1.112272420190419e-05  1.554047480558427e-07 
 1.146145712008609e-09  3.698498282135094e-05  3.689562926089758e-05  1.153088103667094e-05  1.565266412301902e-07 
 1.222137929881916e-09  3.948523286555368e-05  3.939940390942935e-05  1.231612938876283e-05  1.582804862529961e-07 
 1.325841294592650e-09  4.289975193142398e-05  4.281753782293255e-05  1.339420785154887e-05  1.600780935042040e-07 
 1.474425805297596e-09  4.779549238835866e-05  4.771676206820993e-05  1.495028952822719e-05  1.618334850896314e-07 
 1.640270750777228e-09  5.326313493721308e-05  5.318674078093559e-05  1.670121892811550e-05  1.630407562608053e-07 
 1.848615931001298e-09  6.013466385829793e-05  6.005987710912422e-05  1.891939890392991e-05  1.639145078042801e-07 
 2.078687636466324e-09  6.772465843290342e-05  6.765072459935861e-05  2.139042536042832e-05  1.644321283992121e-07 
 2.365789332343043e-09  7.719732969044523e-05  7.712383968472784e-05  2.450251564268507e-05  1.647766408575883e-07 
 2.689690729679621e-09  8.788488567758404e-05  8.781155180369420e-05  2.804825742750199e-05  1.649971379158592e-07 
 3.086211612462126e-09  1.009689607970923e-04  1.008956529687647e-04  3.243487543656309e-05  1.651856045239095e-07 
 3.532408803148516e-09  1.156923459539248e-04  1.156190057639586e-04  3.742681424195360e-05  1.653661553322169e-07 
 4.064838651748737e-09  1.332612330048055e-04  1.331878366775055e-04  4.345487931302082e-05  1.655713750012010e-07 
 4.662446044695655e-09  1.529808335532473e-04  1.529073702021399e-04  5.030689624281554e-05  1.657980334305487e-07 
 5.367664059024003e-09  1.762513320715313e-04  1.761777885231161e-04  5.850195046619159e-05  1.660632367871345e-07 
 6.169272211677818e-09  2.027024799516052e-04  2.026288444498872e-04  6.795215658643277e-05  1.663626316302456e-07 
 7.123344878937624e-09  2.341845976403744e-04  2.341108519881885e-04  7.937708138829112e-05  1.667170065337445e-07 
 8.236467173741951e-09  2.709149788341986e-04  2.708411039910577e-04  9.293933400554762e-05  1.671285925673024e-07 
 9.589193470132466e-09  3.155517262360742e-04  3.154776938195598e-04  1.097456412971471e-04  1.676270025556685e-07 
 1.121307166094268e-08  3.691358461045888e-04  3.690616239823614e-04  1.303769975057264e-04  1.682235717470618e-07 
 1.321129283293962e-08  4.350724000377566e-04  4.349979440115913e-04  1.564297448849586e-04  1.689558371308682e-07 
 1.559832130611068e-08  5.138386781194824e-04  5.137639421694449e-04  1.884913300820488e-04  1.698284836346033e-07 
 1.840384536350783e-08  6.064143255485800e-04  6.063392600781088e-04  2.274503145498050e-04  1.708515889983979e-07 
 2.153085256521234e-08  7.095981643390898e-04  7.095227309456023e-04  2.724575627578088e-04  1.719888882336933e-07 
 2.495269987608437e-08  8.225110397010628e-04  8.224352029984778e-04  3.235683178014714e-04  1.732299045755213e-07 
 2.860303481639815e-08  9.429634788260300e-04  9.428872110667735e-04  3.801696886186511e-04  1.745498472326125e-07 
 3.250619127662195e-08  1.071758444572142e-03  1.071681715041781e-03  4.429867621317826e-04  1.759568746080615e-07 
 3.663927441933938e-08  1.208140463336410e-03  1.208063243855987e-03  5.120008077956304e-04  1.774420560558207e-07 
 4.103659209728355e-08  1.353241615492938e-03  1.353163873718823e-03  5.881425567063239e-04  1.790170584291766e-07 
 4.568420992505472e-08  1.506602101269420e-03  1.506523806331422e-03  6.715430166202022e-04  1.806761713323995e-07 
 5.061387320654279e-08  1.669269443323601e-03  1.669190560466044e-03  7.631536414954668e-04  1.824300198722514e-07 
 5.581780306127901e-08  1.840986959154584e-03  1.840907454359487e-03  8.632249331263701e-04  1.842750746614061e-07 
 6.132668107405203e-08  2.022767071537394e-03  2.022686907005238e-03  9.727511237897261e-04  1.862214646137338e-07 
 6.713886678953353e-08  2.214555651738074e-03  2.214474789665974e-03  1.092116461918958e-03  1.882678059612696e-07 
 7.328506910478651e-08  2.417366024126209e-03  2.417284422903212e-03  1.222377422326367e-03  1.904241204268940e-07 
 7.976968290399209e-08  2.631343212227007e-03  2.631260829506841e-03  1.364064691456075e-03  1.926911078307932e-07 
 8.662458300409782e-08  2.857539013404823e-03  2.857455802869108e-03  1.518320619896679e-03  1.950790825034107e-07 
 9.331229150204891e-08  3.078217903458633e-03  3.078133883678883e-03  1.672992578950602e-03  1.974009026218199e-07 
 1.000000000000000e-07  3.298896815624046e-03  3.298811985136994e-03  1.831545509394456e-03  1.997153904448199e-07 
 1.003013220910689e-07  3.308839747551673e-03  3.308754880844005e-03  1.838781454741688e-03  1.998196607308392e-07 
 1.009039662732068e-07  3.328725613884864e-03  3.328640673470800e-03  1.853268082492168e-03  2.000275835623498e-07 
 1.021092546374825e-07  3.368497344164381e-03  3.368412257909651e-03  1.882329272947082e-03  2.004439839290559e-07 
 1.045198313660340e-07  3.448040808952537e-03  3.447955429517792e-03  1.940798648709278e-03  2.012755560955055e-07 
 1.093409848231369e-07  3.607127744071446e-03  3.607041779118113e-03  2.059088284780632e-03  2.029366996166454e-07 
 1.177964829288736e-07  3.886139688820278e-03  3.886052694139157e-03  2.270691914801304e-03  2.058417293776438e-07 
 1.268814876631835e-07  4.185923931173965e-03  4.185835828922074e-03  2.503574919903669e-03  2.089529592538561e-07 
 1.368473671011666e-07  4.514775046987392e-03  4.514685726521204e-03  2.765095605462819e-03  2.123540203515776e-07 
 1.468078468624920e-07  4.843448017649729e-03  4.843357478311042e-03  3.032284129459932e-03  2.157426082661634e-07 
 1.577930869944940e-07  5.205935764911757e-03  5.205843878014527e-03  3.333087635257038e-03  2.194678633867846e-07 
 1.690870081439839e-07  5.578609311616398e-03  5.578516037885162e-03  3.648428826317824e-03  2.232866479189107e-07 
 1.814847147387000e-07  5.987705289394423e-03  5.987610489914267e-03  4.000979982645913e-03  2.274662009490807e-07 
 1.943707717746359e-07  6.412915750295001e-03  6.412819363457774e-03  4.373773334955487e-03  2.317987269364341e-07 
 2.084570216136838e-07  6.877729872354156e-03  6.877631746875496e-03  4.787863136923140e-03  2.365219840465036e-07 
 2.232533933454522e-07  7.365976433340105e-03  7.365876480007383e-03  5.229354295809200e-03  2.414713703551191e-07 
 2.394158403611039e-07  7.899300406179125e-03  7.899198452771086e-03  5.718271290485807e-03  2.468647499231238e-07 
 2.565672423212771e-07  8.465257677948031e-03  8.465153600507508e-03  6.243692993811269e-03  2.525760455532391e-07 
 2.753385755664238e-07  9.084669038531544e-03  9.084562632998155e-03  6.825381440983893e-03  2.588138575442429e-07 
 2.954699463321638e-07  9.748958583934127e-03  9.748849680095456e-03  7.455733964564821e-03  2.654916557641596e-07 
 3.176087149903415e-07  1.047948774210458e-02  1.047937608747074e-02  8.155419281470889e-03  2.728227390756140e-07 
 3.416338838569397e-07  1.127226386351240e-02  1.127214922226768e-02  8.921014772081754e-03  2.807669668933014e-07 
 3.682707280112488e-07  1.215121938658661e-02  1.215110143084606e-02  9.775980114505284e-03  2.895628277520829e-07 
 3.975921560919376e-07  1.311876013050029e-02  1.311863852498569e-02  1.072299002732177e-02  2.992344548886934e-07 
 4.305101812051394e-07  1.420498046714416e-02  1.420485476118397e-02  1.179177628604822e-02  3.100814825783727e-07 
 4.674201978199642e-07  1.542292751794201e-02  1.542279721334578e-02  1.299542214163392e-02  3.222344320990496e-07 
 5.096462698140812e-07  1.681629239912330e-02  1.681615683092389e-02  1.437728404589262e-02  3.361282662049966e-07 
 5.582225778768352e-07  1.841920073257214e-02  1.841905910871978e-02  1.597133502321525e-02  3.521037423994146e-07 
 6.154361619033903e-07  2.030711966640378e-02  2.030697090805678e-02  1.785267551877976e-02  3.709122985560628e-07 
 6.838474745011851e-07  2.256453834531332e-02  2.256438105636407e-02  2.010548112967622e-02  3.933964618868791e-07 
 7.683310732277798e-07  2.535230615168574e-02  2.535213832671243e-02  2.289016429191586e-02  4.211579775569054e-07 
 8.683310732277798e-07  2.865208013613303e-02  2.865189984147646e-02  2.618804856975590e-02  4.540157485492687e-07 
 9.683310732277799e-07  3.195185412405181e-02  3.195166135977343e-02  2.948672896819164e-02  4.868722359301065e-07 
 1.068331073227780e-06  3.525162811008206e-02  3.525142287813817e-02  3.278569181148029e-02  5.197290440993920e-07 
 1.168331073227780e-06  3.855140209546031e-02  3.855118439622759e-02  3.608474287434429e-02  5.525859275798681e-07 
 1.268331073227780e-06  4.185117607737236e-02  4.185094591294166e-02  3.938380821812514e-02  5.854436478769781e-07 
 1.368331073227780e-06  4.515095005797531e-02  4.515070742880060e-02  4.268285918188485e-02  6.183016550347968e-07 
 1.468331073227780e-06  4.845072403480282e-02  4.845046894303107e-02  4.598188413118152e-02  6.511605959455858e-07 
 1.568331073227781e-06  5.175049801019878e-02  5.175023045631111e-02  4.928087781272188e-02  6.840198593552308e-07 
 1.668331073227781e-06  5.505027198176669e-02  5.504999196792663e-02  5.257983734053851e-02  7.168800700070425e-07 
 1.768331073227781e-06  5.835004595181983e-02  5.834975347853902e-02  5.587876068414935e-02  7.497406270066740e-07 
 1.868331073227781e-06  6.164981991799801e-02  6.164951498746000e-02  5.917764609586010e-02  7.826021438286731e-07 
 1.968331073227781e-06  6.494959388260117e-02  6.494927649534107e-02  6.247649189261933e-02  8.154640243457110e-07 
 2.068331073227781e-06  6.824936784328005e-02  6.824903800150210e-02  6.577529637344809e-02  8.483268786739096e-07 
 2.168331073227781e-06  7.154914180243985e-02  7.154879950666321e-02  6.907405778544957e-02  8.811900758943260e-07 
 2.268331073227781e-06  7.484891575761476e-02  7.484856101006748e-02  7.237277430902235e-02  9.140542650780313e-07 
 2.368331073227781e-06  7.814868971115528e-02  7.814832251239819e-02  7.567144405289859e-02  9.469188332500628e-07 
 2.468331073227780e-06  8.144846366072239e-02  8.144808401298331e-02  7.897006504635140e-02  9.797843874664855e-07 
 2.568331073227780e-06  8.474823760865402e-02  8.474784551249655e-02  8.226863523595940e-02  1.012650319047512e-06 
 2.668331073227780e-06  8.804801155252887e-02  8.804760701021289e-02  8.556715248350774e-02  1.045517262124771e-06 
 2.768331073227780e-06  9.134778549479530e-02  9.134736850687862e-02  8.886561456287152e-02  1.078384571089680e-06 
 2.868331073227780e-06  9.464755943293707e-02  9.464713000170673e-02  9.216401915290022e-02  1.111252911701345e-06 
 2.968331073227780e-06  9.794733336942361e-02  9.794689149545653e-02  9.546236383484406e-02  1.144121631093099e-06 
 3.068331073227780e-06  1.012471073017436e-01  1.012466529873463e-01  9.876064609005171e-02  1.176991393095034e-06 
 3.168331073227780e-06  1.045468812323812e-01  1.045464144781439e-01  1.020588632972689e-01  1.209861539872235e-06 
 3.268331073227780e-06  1.078466551588273e-01  1.078461759670704e-01  1.053570127230957e-01  1.242732734463759e-06 
 3.368331073227779e-06  1.111464290834540e-01  1.111459374548198e-01  1.086550915209212e-01  1.275604355311223e-06 
 3.468331073227779e-06  1.144462030037986e-01  1.144456989406442e-01  1.119530967260300e-01  1.308477050535064e-06 
 3.568331073227779e-06  1.177459769224032e-01  1.177454604253502e-01  1.152510252510105e-01  1.341350141650212e-06 
 3.668331073227779e-06  1.210457508367323e-01  1.210452219081432e-01  1.185488738783650e-01  1.374224300633018e-06 
 3.768331073227779e-06  1.243455247490426e-01  1.243449833896404e-01  1.218466392596262e-01  1.407098943228590e-06 
 3.868331073227779e-06  1.276452986571465e-01  1.276447448692786e-01  1.251443179065676e-01  1.439974626116615e-06 
 3.968331073227779e-06  1.309450725630221e-01  1.309445063474902e-01  1.284419061856523e-01  1.472850856940913e-06 
 4.068331073227779e-06  1.342448464646734e-01  1.342442678238405e-01  1.317394002919597e-01  1.505728128695998e-06 
 4.168331073227779e-06  1.375446203641260e-01  1.375440292987937e-01  1.350367962846662e-01  1.538605932552755e-06 
 4.268331073227779e-06  1.408443942591038e-01  1.408437907717295e-01  1.383340900740421e-01  1.571484854625651e-06 
 4.368331073227779e-06  1.441441681519391e-01  1.441435522433157e-01  1.416312773926727e-01  1.604364283653616e-06 
 4.468331073227779e-06  1.474439420402089e-01  1.474433137128367e-01  1.449283537933763e-01  1.637244854156844e-06 
 4.568331073227779e-06  1.507437159261643e-01  1.507430751809060e-01  1.482253146433991e-01  1.670125981505732e-06 
 4.668331073227778e-06  1.540434898074140e-01  1.540428366468307e-01  1.515221551182429e-01  1.703008289187630e-06 
 4.768331073227778e-06  1.573432636862834e-01  1.573425981112736e-01  1.548188701967810e-01  1.735891167495773e-06 
 4.868331073227778e-06  1.606430375603284e-01  1.606423595735050e-01  1.581154546412645e-01  1.768775259388043e-06 
 4.968331073227778e-06  1.639428114318505e-01  1.639421210341759e-01  1.614119030102583e-01  1.801659959376518e-06 
 5.068331073227778e-06  1.672425852984890e-01  1.672418824926137e-01  1.647082096390602e-01  1.834545882607992e-06 
 5.168331073227778e-06  1.705423591624291e-01  1.705416439493902e-01  1.680043686299004e-01  1.867432462702147e-06 
 5.268331073227778e-06  1.738421330215021e-01  1.738414054039618e-01  1.713003738428231e-01  1.900320251023459e-06 
 5.368331073227778e-06  1.771419068776152e-01  1.771411668567173e-01  1.745962188832081e-01  1.933208772146630e-06 
 5.468331073227778e-06  1.804416807286041e-01  1.804409283071174e-01  1.778918970965027e-01  1.966098575604263e-06 
 5.568331073227777e-06  1.837414545766156e-01  1.837406897557093e-01  1.811874015566486e-01  1.998989106229286e-06 
 5.668331073227777e-06  1.870412284191292e-01  1.870404512017200e-01  1.844827250544034e-01  2.031881031015898e-06 
 5.768331073227777e-06  1.903410022587217e-01  1.903402126459797e-01  1.877778600867197e-01  2.064773652605208e-06 
 5.868331073227777e-06  1.936407760927272e-01  1.936399740876235e-01  1.910727988436109e-01  2.097667684509753e-06 
 5.968331073227777e-06  1.969405499233111e-01  1.969397355272099e-01  1.943675331988458e-01  2.130562564623561e-06 
 6.068331073227777e-06  2.002403237483016e-01  2.002394969642001e-01  1.976620547021579e-01  2.163458843728226e-06 
 6.168331073227777e-06  2.035400975698241e-01  2.035392583991279e-01  2.009563545544377e-01  2.196355971819197e-06 
 6.268331073227777e-06  2.068398713851574e-01  2.068390198310944e-01  2.042504235971261e-01  2.229254680089311e-06 
 6.368331073227777e-06  2.101396451970755e-01  2.101387812610615e-01  2.075442523088104e-01  2.262154203539321e-06 
 6.468331073227776e-06  2.134394190026258e-01  2.134385426879793e-01  2.108378307855845e-01  2.295055349856423e-06 
 6.568331073227776e-06  2.167391928043465e-01  2.167383041126548e-01  2.141311487177780e-01  2.327957430730026e-06 
 6.668331073227776e-06  2.200389665995358e-01  2.200380655342060e-01  2.174241953850989e-01  2.360861170441812e-06 
 6.768331073227776e-06  2.233387403907067e-01  2.233378269534239e-01  2.207169596376577e-01  2.393765887814370e-06 
 6.868331073227776e-06  2.266385141750039e-01  2.266375883693273e-01  2.240094298811537e-01  2.426672357533501e-06 
 6.968331073227776e-06  2.299382879549684e-01  2.299373497827269e-01  2.273015940561557e-01  2.459579887624867e-06 
 7.068331073227776e-06  2.332380617278592e-01  2.332371111927199e-01  2.305934396202730e-01  2.492489214416062e-06 
 7.168331073227776e-06  2.365378354959456e-01  2.365368725999377e-01  2.338849535365871e-01  2.525399735028141e-06 
 7.268331073227776e-06  2.398376092569007e-01  2.398366340037529e-01  2.371761222502900e-01  2.558312048093275e-06 
 7.368331073227775e-06  2.431373830126716e-01  2.431363954045874e-01  2.404669316661524e-01  2.591225655315523e-06 
 7.468331073227775e-06  2.464371567607734e-01  2.464361568017124e-01  2.437573671387397e-01  2.624141206397316e-06 
 7.568331073227775e-06  2.497369305032215e-01  2.497359181955938e-01  2.470474134414115e-01  2.657058180338644e-06 
 7.668331073227776e-06  2.530367042379168e-01  2.530356795857610e-01  2.503370547528639e-01  2.689977098167078e-06 
 7.768331073227777e-06  2.563364779667598e-01  2.563354409726078e-01  2.536262746296872e-01  2.722897474520763e-06 
 7.868331073227777e-06  2.596362516870250e-01  2.596352023552521e-01  2.569150559872515e-01  2.755820036817724e-06 
 7.968331073227778e-06  2.629360254012093e-01  2.629349637344826e-01  2.602033810790055e-01  2.788744101132712e-06 
 8.068331073227779e-06  2.662357991062431e-01  2.662347251091931e-01  2.634912314687198e-01  2.821670507654650e-06 
 8.168331073227780e-06  2.695355728047317e-01  2.695344864802478e-01  2.667785880053000e-01  2.854598534155588e-06 
 8.268331073227780e-06  2.728353464938869e-01  2.728342478467297e-01  2.700654308076336e-01  2.887528926622018e-06 
 8.368331073227781e-06  2.761351201757234e-01  2.761340092091132e-01  2.733517392187847e-01  2.920461157531346e-06 
 8.468331073227782e-06  2.794348938476731e-01  2.794337705666332e-01  2.766374918016584e-01  2.953395896708759e-06 
 8.568331073227783e-06  2.827346675118059e-01  2.827335319198022e-01  2.799226663027911e-01  2.986332597008462e-06 
 8.668331073227783e-06  2.860344411653200e-01  2.860332932677045e-01  2.832072396253413e-01  3.019272004833274e-06 
 8.768331073227784e-06  2.893342148106692e-01  2.893330546111100e-01  2.864911877951453e-01  3.052213443085787e-06 
 8.868331073227785e-06  2.926339884449414e-01  2.926328159490350e-01  2.897744859420724e-01  3.085157692668988e-06 
 8.968331073227786e-06  2.959337620702913e-01  2.959325772820543e-01  2.930571082630531e-01  3.118104173602230e-06 
 9.068331073227786e-06  2.992335356839010e-01  2.992323386092524e-01  2.963390279979320e-01  3.151053633287512e-06 
 9.168331073227787e-06  3.025333092876095e-01  3.025320999309999e-01  2.996202173917274e-01  3.184005593079790e-06 
 9.268331073227788e-06  3.058330828788904e-01  3.058318612465779e-01  3.029006476717768e-01  3.216960702459387e-06 
 9.368331073227788e-06  3.091328564595471e-01  3.091316225563386e-01  3.061802890049340e-01  3.249918491746300e-06 
 9.468331073227789e-06  3.124326300271539e-01  3.124313838596358e-01  3.094591104837952e-01  3.282879574338604e-06 
 9.568331073227790e-06  3.157324035832538e-01  3.157311451566558e-01  3.127370800678783e-01  3.315843562823817e-06 
 9.668331073227791e-06  3.190321771254889e-01  3.190309064468012e-01  3.160141645705614e-01  3.348811047174307e-06 
 9.768331073227791e-06  3.223319506551877e-01  3.223306677301240e-01  3.192903296198509e-01  3.381781706368923e-06 
 9.868331073227792e-06  3.256317241699479e-01  3.256304290060056e-01  3.225655396292540e-01  3.414756141093682e-06 
 9.968331073227793e-06  3.289314976713647e-01  3.289301902746781e-01  3.258397577468038e-01  3.447733940510393e-06 
 1.006833107322779e-05  3.322312711564848e-01  3.322299515351670e-01  3.291129458413645e-01  3.480715883329330e-06 
 1.016833107322779e-05  3.355310446276738e-01  3.355297127882214e-01  3.323850644523926e-01  3.513701299974825e-06 
 1.026833107322780e-05  3.388308180814308e-01  3.388294740325143e-01  3.356560727670252e-01  3.546691145738128e-06 
 1.036833107322780e-05  3.421305915197466e-01  3.421292352685557e-01  3.389259285751638e-01  3.579684870337037e-06 
 1.046833107322780e-05  3.454303649394329e-01  3.454289964952318e-01  3.421945882447528e-01  3.612683323147523e-06 
 1.056833107322780e-05  3.487301383424484e-01  3.487287577130417e-01  3.454620066717817e-01  3.645685958772371e-06 
 1.066833107322780e-05  3.520299117254192e-01  3.520285189207611e-01  3.487281372662810e-01  3.678693682764840e-06 
 1.076833107322780e-05  3.553296850904429e-01  3.553282801189879e-01  3.519929318956434e-01  3.711705899490131e-06 
 1.086833107322780e-05  3.586294584342953e-01  3.586280413066103e-01  3.552563408780051e-01  3.744723459600978e-06 
 1.096833107322780e-05  3.619292317580435e-01  3.619278024835583e-01  3.585183129236044e-01  3.777746100751538e-06 
 1.106833107322780e-05  3.652290050592942e-01  3.652275636492779e-01  3.617787951189984e-01  3.810774395428182e-06 
 1.116833107322780e-05  3.685287783387735e-01  3.685273248034870e-01  3.650377328808748e-01  3.843808187588926e-06 
 1.126833107322780e-05  3.718285515940261e-01  3.718270859456065e-01  3.682950699498977e-01  3.876848062598743e-06 
 1.136833107322780e-05  3.751283248259178e-01  3.751268470754617e-01  3.715507483362332e-01  3.909893810902909e-06 
 1.146833107322780e-05  3.784280980313749e-01  3.784266081920786e-01  3.748047083114071e-01  3.942946216041217e-06 
 1.156833107322780e-05  3.817278712115234e-01  3.817263692954699e-01  3.780568883615775e-01  3.976004975200230e-06 
 1.166833107322781e-05  3.850276443631228e-01  3.850261303845682e-01  3.813072251924643e-01  4.009070919326274e-06 
 1.176833107322781e-05  3.883274174874591e-01  3.883258914595094e-01  3.845556536755947e-01  4.042143684155086e-06 
 1.186833107322781e-05  3.916271905807716e-01  3.916256525189041e-01  3.878021068577255e-01  4.075224262836604e-06 
 1.196833107322781e-05  3.949269636445147e-01  3.949254135630167e-01  3.910465159172498e-01  4.108312227102220e-06 
 1.206833107322781e-05  3.982267366747502e-01  3.982251745903597e-01  3.942888101807530e-01  4.141408620506013e-06 
 1.216833107322781e-05  4.015265096728938e-01  4.015249356011950e-01  3.975289170792933e-01  4.174513016389223e-06 
 1.226833107322781e-05  4.048262826349637e-01  4.048246965940299e-01  4.007667621704571e-01  4.207626462580319e-06 
 1.236833107322781e-05  4.081260555620249e-01  4.081244575689174e-01  4.040022691130389e-01  4.240748637059081e-06 
 1.246833107322781e-05  4.114258284498867e-01  4.114242185242508e-01  4.072353596896154e-01  4.273880646440310e-06 
 1.256833107322781e-05  4.147256012999267e-01  4.147239794603171e-01  4.104659537837936e-01  4.307022052518976e-06 
 1.266833107322781e-05  4.180253741077337e-01  4.180237403753899e-01  4.136939694291731e-01  4.340174023749330e-06 
 1.276833107322781e-05  4.213251468742201e-01  4.213235012694755e-01  4.169193227956395e-01  4.373336262869182e-06 
 1.286833107322781e-05  4.246249195949912e-01  4.246232621408918e-01  4.201419282362568e-01  4.406509918570842e-06 
 1.296833107322781e-05  4.279246922702492e-01  4.279230229892025e-01  4.233616982972649e-01  4.439694915692269e-06 
 1.306833107322782e-05  4.312244648967334e-01  4.312227838135073e-01  4.265785437882459e-01  4.472892014347739e-06 
 1.316833107322782e-05  4.345242374739667e-01  4.345225446129528e-01  4.297923737923682e-01  4.506101349706992e-06 
 1.326833107322782e-05  4.378240099978500e-01  4.378223053861184e-01  4.330030957603136e-01  4.539323943785948e-06 
 1.336833107322782e-05  4.411237824684834e-01  4.411220661325645e-01  4.362106155501992e-01  4.572559726918232e-06 
 1.346833107322782e-05  4.444235548814305e-01  4.444218268506824e-01  4.394148375377699e-01  4.605809817653684e-06 
 1.356833107322782e-05  4.477233272363217e-01  4.477215875397581e-01  4.426156646847881e-01  4.639074284548726e-06 
 1.366833107322782e-05  4.510230995294314e-01  4.510213481986831e-01  4.458129986765936e-01  4.672353999239622e-06 
 1.376833107322782e-05  4.543228717595060e-01  4.543211088261950e-01  4.490067400054260e-01  4.705649307227962e-06 
 1.386833107322782e-05  4.576226439222403e-01  4.576208694208325e-01  4.521967881626067e-01  4.738961257896745e-06 
 1.396833107322782e-05  4.609224160175074e-01  4.609206299821108e-01  4.553830417676916e-01  4.772289810167920e-06 
 1.406833107322782e-05  4.642221880402424e-01  4.642203905080938e-01  4.585653987822506e-01  4.805636253232696e-06 
 1.416833107322782e-05  4.675219599897505e-01  4.675201509979449e-01  4.617437566963461e-01  4.839000723482196e-06 
 1.426833107322782e-05  4.708217318613687e-01  4.708199114500140e-01  4.649180128013886e-01  4.872384369608926e-06 
 1.436833107322783e-05  4.741215036543464e-01  4.741196718634392e-01  4.680880644378457e-01  4.905787341215684e-06 
 1.446833107322783e-05  4.774212753642861e-01  4.774194322367571e-01  4.712538093466382e-01  4.939210694901999e-06 
 1.456833107322783e-05  4.807210469901020e-01  4.807191925688746e-01  4.744151459897828e-01  4.972654695789398e-06 
 1.466833107322783e-05  4.840208185271269e-01  4.840189528581349e-01  4.775719739997071e-01  5.006120496844778e-06 
 1.476833107322783e-05  4.873205899753618e-01  4.873187131041339e-01  4.807241946224740e-01  5.039608017688278e-06 
 1.486833107322783e-05  4.906203613296928e-01  4.906184733048671e-01  4.838717113044773e-01  5.073118581372980e-06 
 1.496833107322783e-05  4.939201325902107e-01  4.939182334599140e-01  4.870144303070723e-01  5.106652109961534e-06 
 1.506833107322783e-05  4.972199037525595e-01  4.972179935676722e-01  4.901522615100533e-01  5.140209719339397e-06 
 1.516833107322783e-05  5.005196748178855e-01  5.005177536282731e-01  4.932851193164582e-01  5.173791043854941e-06 
 1.526833107322783e-05  5.038194457823064e-01  5.038175136402330e-01  4.964129238488879e-01  5.207397124509094e-06 
 1.536833107322783e-05  5.071192166477554e-01  5.071172736039422e-01  4.995356024253406e-01  5.241027442272912e-06 
 1.546833107322783e-05  5.104189874121630e-01  5.104170335187523e-01  5.026530916274373e-01  5.274682587396787e-06 
 1.556833107322783e-05  5.137187580790634e-01  5.137167933856027e-01  5.057653401965585e-01  5.308361715667454e-06 
 1.566833107322783e-05  5.170185286497081e-01  5.170165532052652e-01  5.088723135720666e-01  5.342064628521848e-06 
 1.576833107322783e-05  5.203182991319462e-01  5.203163129803069e-01  5.119740014138012e-01  5.375789539167355e-06 
 1.586833107322782e-05  5.236180695354395e-01  5.236160727149269e-01  5.150704314966347e-01  5.409534312756450e-06 
 1.596833107322782e-05  5.269178398828561e-01  5.269158324173753e-01  5.181616977545198e-01  5.443293902271083e-06 
 1.606833107322782e-05  5.302176102180312e-01  5.302155921056129e-01  5.212480231675932e-01  5.477058426171481e-06 
 1.616833107322782e-05  5.335173806466095e-01  5.335153518217101e-01  5.243299135958994e-01  5.510803965257800e-06 
 1.626833107322782e-05  5.368171514222297e-01  5.368151116692511e-01  5.274085488562529e-01  5.544473089857535e-06 
 1.636833107322782e-05  5.401169231418455e-01  5.401148718938837e-01  5.304866441890558e-01  5.577929684017656e-06 
 1.646833107322782e-05  5.434166967008723e-01  5.434146328686164e-01  5.335692981955493e-01  5.610969248875568e-06 
 1.656833107322782e-05  5.467164722122008e-01  5.467143946525770e-01  5.366620310700064e-01  5.643563286951840e-06 
 1.666833107322782e-05  5.500162480982321e-01  5.500141566118334e-01  5.397652648563883e-01  5.676067639770609e-06 
 1.676833107322782e-05  5.533160226998319e-01  5.533139180625707e-01  5.428723265019373e-01  5.708859927044100e-06 
 1.686833107322781e-05  5.566157956936297e-01  5.566136788563685e-01  5.459745114448101e-01  5.742017240827396e-06 
 1.696833107322781e-05  5.599155675666875e-01  5.599134391776430e-01  5.490662688301359e-01  5.775432063459995e-06 
 1.706833107322781e-05  5.632153388182883e-01  5.632131992242425e-01  5.521458953624869e-01  5.808992613580610e-06 
 1.716833107322781e-05  5.665151097443866e-01  5.665129591159650e-01  5.552138837568179e-01  5.842631800412145e-06 
 1.726833107322781e-05  5.698148804783285e-01  5.698127189091931e-01  5.582714575931049e-01  5.876319101425782e-06 
 1.736833107322781e-05  5.731146510779954e-01  5.731124786292051e-01  5.613198558469954e-01  5.910040843170324e-06 
 1.746833107322781e-05  5.764144215627176e-01  5.764122382858547e-01  5.643601049004193e-01  5.943792377808171e-06 
 1.756833107322781e-05  5.797141919443034e-01  5.797119978849357e-01  5.673929976415084e-01  5.977570619196965e-06 
 1.766833107322781e-05  5.830139622250695e-01  5.830117574286631e-01  5.704191353471931e-01  6.011374903756482e-06 
 1.776833107322781e-05  5.863137324089567e-01  5.863115169187143e-01  5.734389756700327e-01  6.045204166283341e-06 
 1.786833107322781e-05  5.896135024954199e-01  5.896112763557574e-01  5.764528724427169e-01  6.079058443359490e-06 
 1.796833107322780e-05  5.929132724863251e-01  5.929110357402633e-01  5.794611048935834e-01  6.112937209183397e-06 
 1.806833107322780e-05  5.962130423786940e-01  5.962107950714264e-01  5.824638992638523e-01  6.146841188286705e-06 
 1.816833107322780e-05  5.995128121734015e-01  5.995105543492038e-01  5.854614440284410e-01  6.180770076357359e-06 
 1.826833107322780e-05  6.028125818656673e-01  6.028103135717370e-01  5.884539013322928e-01  6.214725098415533e-06 
 1.836833107322780e-05  6.061123514557061e-01  6.061100727387096e-01  5.914414149281004e-01  6.248706067832804e-06 
 1.846833107322780e-05  6.094121209381489e-01  6.094098318480646e-01  5.944241163514473e-01  6.282714297003872e-06 
 1.856833107322780e-05  6.127118903104163e-01  6.127095908978601e-01  5.974021290784933e-01  6.316750405211199e-06 
 1.866833107322780e-05  6.160116595658081e-01  6.160093498854302e-01  6.003755719339037e-01  6.350816008162396e-06 
 1.876833107322780e-05  6.193114287012494e-01  6.193091088088337e-01  6.033445612456547e-01  6.384911729025692e-06 
 1.886833107322780e-05  6.226111977071797e-01  6.226088676639279e-01  6.063092127633704e-01  6.419039932798205e-06 
 1.896833107322779e-05  6.259109665784058e-01  6.259086264478919e-01  6.092696427299055e-01  6.453201701281274e-06 
 1.906833107322779e-05  6.292107353026761e-01  6.292083851554565e-01  6.122259689765812e-01  6.487399992553150e-06 
 1.916833107322779e-05  6.325105038708080e-01  6.325081437820108e-01  6.151783113972564e-01  6.521636825665435e-06 
 1.926833107322779e-05  6.358102722656706e-01  6.358079023201408e-01  6.181267925751109e-01  6.555916292678164e-06 
 1.936833107322779e-05  6.391100404727244e-01  6.391076607631136e-01  6.210715379217434e-01  6.590241556949803e-06 
 1.946833107322779e-05  6.424098084665125e-01  6.424074190998844e-01  6.240126760283953e-01  6.624618644659911e-06 
 1.956833107322779e-05  6.457095762219709e-01  6.457071773192369e-01  6.269503386111094e-01  6.659053124354108e-06 
 1.966833107322779e-05  6.490093437014092e-01  6.490069354053625e-01  6.298846606962533e-01  6.693553630347875e-06 
 1.976833107322779e-05  6.523091108606546e-01  6.523066933389222e-01  6.328157804511433e-01  6.728130106575771e-06 
 1.986833107322779e-05  6.556088776370297e-01  6.556064510937495e-01  6.357438392640000e-01  6.762796804970763e-06 
 1.996833107322779e-05  6.589086439526753e-01  6.589062086367548e-01  6.386689815066948e-01  6.797571160253191e-06 
 2.006833107322778e-05  6.622084096977772e-01  6.622059659224994e-01  6.415913545434546e-01  6.832477930507542e-06 
 2.016833107322778e-05  6.655081747266016e-01  6.655057228898016e-01  6.445111084516376e-01  6.867549833451266e-06 
 2.026833107322778e-05  6.688079388349982e-01  6.688054794547793e-01  6.474283959799382e-01  6.902832623595703e-06 
 2.036833107322778e-05  6.721077017423648e-01  6.721052355015312e-01  6.503433722396759e-01  6.938388947384527e-06 
 2.046833107322778e-05  6.754074630434783e-01  6.754049908633574e-01  6.532561946214264e-01  6.974309718760922e-06 
 2.056833107322778e-05  6.787072221678970e-01  6.787047453063186e-01  6.561670224619888e-01  7.010722118768552e-06 
 2.066833107322778e-05  6.820069782795469e-01  6.820044984877986e-01  6.590760169182037e-01  7.047813201557710e-06 
 2.076833107322778e-05  6.853067301654605e-01  6.853042499114305e-01  6.619833405985779e-01  7.085853569891288e-06 
 2.086833107322778e-05  6.886064760307674e-01  6.886039988437545e-01  6.648891573796948e-01  7.125243991078262e-06 
 2.094621989695817e-05  6.911766034466705e-01  6.911741320713671e-01  6.671515215155699e-01  7.157229037879110e-06 
 2.101096594736471e-05  6.933130484767316e-01  6.933105850227986e-01  6.690315746573720e-01  7.184991397115749e-06 
 2.106761688534287e-05  6.951823716301347e-01  6.951799180544430e-01  6.706761848001920e-01  7.210400733869941e-06 
 2.111824685994028e-05  6.968530148500063e-01  6.968505730006722e-01  6.721457267556936e-01  7.234207641258922e-06 
 2.116398327219686e-05  6.983621797905524e-01  6.983597513838182e-01  6.734730269655459e-01  7.256792108522178e-06 
 2.120654042823997e-05  6.997664338675684e-01  6.997640208672528e-01  6.747079023762436e-01  7.278903127837574e-06 
 2.124679587638639e-05  7.010947336280888e-01  7.010923382139624e-01  6.758758586009748e-01  7.300956671486726e-06 
 2.128508491324071e-05  7.023581428209730e-01  7.023557672937427e-01  6.769866540531437e-01  7.323126755874765e-06 
 2.132159948102429e-05  7.035629949451485e-01  7.035606416756131e-01  6.780458811370107e-01  7.345512454795600e-06 
 2.135651088164085e-05  7.047149424103292e-01  7.047126138451620e-01  6.790585285999828e-01  7.368207381140987e-06 
 2.138997660608072e-05  7.058191819163641e-01  7.058168805690884e-01  6.800291806640073e-01  7.391296071615576e-06 
 2.142213692098323e-05  7.068803417925483e-01  7.068780702485418e-01  6.809619188340555e-01  7.414859146393428e-06 
 2.145311725744059e-05  7.079025608606369e-01  7.079003217614083e-01  6.818603918364246e-01  7.438964579320182e-06 
 2.148612681969198e-05  7.089917282354867e-01  7.089895281454563e-01  6.828176747873249e-01  7.466320874427274e-06 
 2.151604113123620e-05  7.099787589727498e-01  7.099765985363081e-01  6.836851634397123e-01  7.492730155642632e-06 
 2.154644941549884e-05  7.109820807927095e-01  7.109799652157722e-01  6.845669507475166e-01  7.521287725153596e-06 
 2.157442948179347e-05  7.119052762874031e-01  7.119032062818513e-01  6.853783044144987e-01  7.549176543359087e-06 
 2.160271917706629e-05  7.128386804099845e-01  7.128366609317839e-01  6.861986211785500e-01  7.579046552489001e-06 
 2.162922900078837e-05  7.137133515435927e-01  7.137113835942491e-01  6.869673160316181e-01  7.608602117102711e-06 
 2.165594172964328e-05  7.145947102239556e-01  7.145927984459824e-01  6.877418867850178e-01  7.639976357621936e-06 
 2.168136192405262e-05  7.154334164751117e-01  7.154315620838885e-01  6.884789743588779e-01  7.671299756446041e-06 
 2.170697773793688e-05  7.162785703950840e-01  7.162767777268246e-01  6.892217324455814e-01  7.704319172850585e-06 
 2.173173770451313e-05  7.170954811109799e-01  7.170937516041722e-01  6.899396751825111e-01  7.737534137608423e-06 
 2.175683060007661e-05  7.179233706788459e-01  7.179217084961191e-01  6.906672749638825e-01  7.772426227960376e-06 
 2.178160150176717e-05  7.187406321413687e-01  7.187390391691765e-01  6.913855439838814e-01  7.807879561888516e-06 
 2.180723419280412e-05  7.195863227452471e-01  7.195848036301670e-01  6.921288107139210e-01  7.845383893225572e-06 
 2.183387133205886e-05  7.204651510875281e-01  7.204637097844701e-01  6.929012159155431e-01  7.884718637849376e-06 
 2.186488290960270e-05  7.214883060963779e-01  7.214869539276614e-01  6.938004890042875e-01  7.929918238662400e-06 
 2.188151074167817e-05  7.220369076342213e-01  7.220356004615153e-01  6.942826736419325e-01  7.953066715887433e-06 
 2.189568395439150e-05  7.225045286989418e-01  7.225032570945912e-01  6.946936849321395e-01  7.971748568297001e-06 
 2.190742767673507e-05  7.228919986930183e-01  7.228907531387573e-01  6.950342487139460e-01  7.985919038394048e-06 
 2.191744893611036e-05  7.232226433887825e-01  7.232214169227620e-01  6.953248661987880e-01  7.996831833378269e-06 
 2.192648300521819e-05  7.235207226155189e-01  7.235195097005652e-01  6.955868590629887e-01  8.005279620543351e-06 
 2.193480381609320e-05  7.237952740184873e-01  7.237940699439466e-01  6.958281706893564e-01  8.011693052907894e-06 
 2.194251923578762e-05  7.240498571139238e-01  7.240486570827708e-01  6.960519287928409e-01  8.016068455689992e-06 
 2.194969601368554e-05  7.242866737750081e-01  7.242854733899733e-01  6.962600687064658e-01  8.018590976134496e-06 
 2.195642084006656e-05  7.245085845912761e-01  7.245073794421797e-01  6.964551042108192e-01  8.019283218036131e-06 
 2.196276230696159e-05  7.247178523662708e-01  7.247166383798234e-01  6.966390242772292e-01  8.018300747143196e-06 
 2.196879000118188e-05  7.249167732743390e-01  7.249155463794772e-01  6.968138468385143e-01  8.015670813212885e-06 
 2.197455461245412e-05  7.251070195470881e-01  7.251057759243373e-01  6.969810418175147e-01  8.011505234701425e-06 
 2.198010769940428e-05  7.252902924349325e-01  7.252890282823763e-01  6.971421044152519e-01  8.005834073862945e-06 
 2.198548823242982e-05  7.254678775771226e-01  7.254665892817016e-01  6.972981647735772e-01  7.998737838416062e-06 
 2.199121342092702e-05  7.256568461152224e-01  7.256555273753031e-01  6.974642245780757e-01  7.989403360323467e-06 
 2.199646234099481e-05  7.258301019130657e-01  7.258287509894207e-01  6.976164728030838e-01  7.979236156945767e-06 
 2.200182975501395e-05  7.260072759266777e-01  7.260058879402819e-01  6.977721607033752e-01  7.967283938971337e-06 
 2.200687881588152e-05  7.261739474970114e-01  7.261725210170999e-01  6.979186169157041e-01  7.954673247849880e-06 
 2.201207216815972e-05  7.263453879211170e-01  7.263439184324566e-01  6.980692610801301e-01  7.940424330922801e-06 
 2.201709678860280e-05  7.265112632538495e-01  7.265097491984491e-01  6.982150132703265e-01  7.925524064600976e-06 
 2.202230683194124e-05  7.266832643219615e-01  7.266817013951413e-01  6.983661466530068e-01  7.909080674590355e-06 
 2.202749022825353e-05  7.268543894379900e-01  7.268527756736058e-01  6.985165095615933e-01  7.891884701664734e-06 
 2.203296271647089e-05  7.270350617186885e-01  7.270333924530445e-01  6.986752612608842e-01  7.873048909948861e-06 
 2.203897768089955e-05  7.272336461111133e-01  7.272319144019377e-01  6.988497527254416e-01  7.851800321931035e-06 
 2.204609125175915e-05  7.274685024339331e-01  7.274666960456977e-01  6.990561182237996e-01  7.826364807606198e-06 
 2.205559956888911e-05  7.277824207786574e-01  7.277805152562190e-01  6.993319619324632e-01  7.792617076148337e-06 
 2.206394176996446e-05  7.280578350049844e-01  7.280558452509620e-01  6.995739813346499e-01  7.764043531209006e-06 
 2.207095963869950e-05  7.282895216532133e-01  7.282874642062400e-01  6.997775836961870e-01  7.741187258362531e-06 
 2.207707426446358e-05  7.284913837926396e-01  7.284892703292628e-01  6.999549838295988e-01  7.722388888868045e-06 
 2.208332750229474e-05  7.286978165227674e-01  7.286956490005878e-01  7.001364078598515e-01  7.704367806052914e-06 
 2.208896501256490e-05  7.288839176106318e-01  7.288817044081106e-01  7.002999699291105e-01  7.689271045269803e-06 
 2.209442388388748e-05  7.290641168539493e-01  7.290618622562105e-01  7.004583509054633e-01  7.675710233347474e-06 
 2.209962777357376e-05  7.292358945300390e-01  7.292336031551241e-01  7.006093355762052e-01  7.663793157406208e-06 
 2.210478093587210e-05  7.294059934555287e-01  7.294036682080680e-01  7.007588499756365e-01  7.652940927607807e-06 
 2.210987835548271e-05  7.295742481759461e-01  7.295718919177491e-01  7.009067485309296e-01  7.643144968360686e-06 
 2.211500072252907e-05  7.297433223254008e-01  7.297409373109551e-01  7.010553724033864e-01  7.634197359050960e-06 
 2.212015599911566e-05  7.299134786933708e-01  7.299110671234967e-01  7.012049526418563e-01  7.626089660276605e-06 
 2.212538711580373e-05  7.300861343900258e-01  7.300836981831579e-01  7.013567349390027e-01  7.618722719836172e-06 
 2.213071213135676e-05  7.302618853921620e-01  7.302594264021395e-01  7.015112433728029e-01  7.612086648671292e-06 
 2.213616421419273e-05  7.304418264930050e-01  7.304393464017104e-01  7.016694404783129e-01  7.606121386602980e-06 
 2.214176855819271e-05  7.306267890992183e-01  7.306242895326135e-01  7.018320574523088e-01  7.600822117229788e-06 
 2.214755848916062e-05  7.308178731174388e-01  7.308153555760074e-01  7.020000615053387e-01  7.596146489974901e-06 
 2.215356714432975e-05  7.310161720470731e-01  7.310136379873651e-01  7.021744144424682e-01  7.592096849697638e-06 
 2.215983470756960e-05  7.312230120573183e-01  7.312204628312238e-01  7.023562826233023e-01  7.588641521726370e-06 
 2.216640650341234e-05  7.314398887903383e-01  7.314373257123344e-01  7.025469816767305e-01  7.585789005017629e-06 
 2.217333721805597e-05  7.316686069407233e-01  7.316660312287656e-01  7.027480990193242e-01  7.583516673700421e-06 
 2.218069276997465e-05  7.319113417000598e-01  7.319087545358551e-01  7.029615481791293e-01  7.581840679242503e-06 
 2.218855467976156e-05  7.321707832359836e-01  7.321681857022895e-01  7.031896956720259e-01  7.580747210292525e-06 
 2.219702598934152e-05  7.324503317336390e-01  7.324477248712371e-01  7.034355328652449e-01  7.580263896127712e-06 
 2.220623921606739e-05  7.327543601479314e-01  7.327517448868816e-01  7.037029069560833e-01  7.580391354752524e-06 
 2.221637003591987e-05  7.330886654407369e-01  7.330860426516993e-01  7.039969182913692e-01  7.581177088773795e-06 
 2.222765649573201e-05  7.334611028230906e-01  7.334584732402039e-01  7.043244783146103e-01  7.582651433658916e-06 
 2.224043348032080e-05  7.338827228201661e-01  7.338800870814099e-01  7.046953105169560e-01  7.584907008608136e-06 
 2.225518829615216e-05  7.343696056867471e-01  7.343669642399112e-01  7.051235648289320e-01  7.588047187574861e-06 
 2.227266596566831e-05  7.349463356145638e-01  7.349436887306349e-01  7.056308763300181e-01  7.592287813303426e-06 
 2.229407872358730e-05  7.356529138871416e-01  7.356502615343259e-01  7.062524505454291e-01  7.597963207088800e-06 
 2.232147809955897e-05  7.365570364885257e-01  7.365543782833280e-01  7.070478751915966e-01  7.605718955707761e-06 
 2.235878675988586e-05  7.377881427106064e-01  7.377854776673438e-01  7.081311058005509e-01  7.616810141890623e-06 
 2.241424333475395e-05  7.396180883383022e-01  7.396154145869935e-01  7.097415467850388e-01  7.634051884359085e-06 
 2.250423371306983e-05  7.425875691510621e-01  7.425848834412541e-01  7.123556611710415e-01  7.663220499853271e-06 
 2.260423371306983e-05  7.458873410249388e-01  7.458846438435291e-01  7.152618476170354e-01  7.696641221989282e-06 
 2.270423371306983e-05  7.491871112476440e-01  7.491844033394991e-01  7.181695481100382e-01  7.730475547646189e-06 
 2.280423371306983e-05  7.524868809297692e-01  7.524841625388619e-01  7.210789111640996e-01  7.764445214821214e-06 
 2.290423371306983e-05  7.557866505202596e-01  7.557839216875064e-01  7.239900843320206e-01  7.798437621808580e-06 
 2.300423371306983e-05  7.590864200646055e-01  7.590836808108583e-01  7.269032126879489e-01  7.832441437783079e-06 
 2.310423371306983e-05  7.623861896530849e-01  7.623834399579132e-01  7.298184386572374e-01  7.866433942363468e-06 
 2.320423371306983e-05  7.656859592278943e-01  7.656831990973494e-01  7.327359014456881e-01  7.900429788717266e-06 
 2.330423371306982e-05  7.689857288565600e-01  7.689829582657881e-01  7.356557371621681e-01  7.934411836555170e-06 
 2.340423371306982e-05  7.722854984763783e-01  7.722827174293062e-01  7.385780784217110e-01  7.968395953295622e-06 
 2.350423371306982e-05  7.755852681529426e-01  7.755824766232757e-01  7.415030544630398e-01  8.002365576742453e-06 
 2.360423371306982e-05  7.788850378240872e-01  7.788822358142291e-01  7.444307908116867e-01  8.036336369699998e-06 
 2.370423371306982e-05  7.821848075553828e-01  7.821819950374822e-01  7.473614093785553e-01  8.070291770083126e-06 
 2.380423371306982e-05  7.854845772845487e-01  7.854817542595751e-01  7.502950281683243e-01  8.104247461901438e-06 
 2.390423371306982e-05  7.887843470766351e-01  7.887815135154289e-01  7.532317613661995e-01  8.138187052600858e-06 
 2.400423371306982e-05  7.920841168676857e-01  7.920812727705583e-01  7.561717190849100e-01  8.172126765093247e-06 
 2.410423371306982e-05  7.953838867252856e-01  7.953810320615187e-01  7.591150074459522e-01  8.206049360501525e-06 
 2.420423371306982e-05  7.986836565849481e-01  7.986807913535432e-01  7.620617283610186e-01  8.239971228715103e-06 
 2.430423371306981e-05  8.019834265126616e-01  8.019805506820892e-01  7.650119796110716e-01  8.273875652883774e-06 
 2.440423371306981e-05  8.052831964449731e-01  8.052803100131458e-01  7.679658546591079e-01  8.307778669068874e-06 
 2.450423371306981e-05  8.085829664472431e-01  8.085800693817117e-01  7.709234427302635e-01  8.341663763257950e-06 
 2.460423371306981e-05  8.118827364555318e-01  8.118798287535214e-01  7.738848286532395e-01  8.375547123834948e-06 
 2.470423371306981e-05  8.151825065368777e-01  8.151795881646455e-01  7.768500929439019e-01  8.409411673571270e-06 
 2.480423371306981e-05  8.184822766256750e-01  8.184793475797772e-01  7.798193116726798e-01  8.443274146747530e-06 
 2.490423371306981e-05  8.217820467889919e-01  8.217791070349650e-01  7.827925565532302e-01  8.477117450258956e-06 
 2.500423371306981e-05  8.250818169620922e-01  8.250788664955458e-01  7.857698948342381e-01  8.510958021845593e-06 
 2.510423371306981e-05  8.283815872107734e-01  8.283786259966807e-01  7.887513893936386e-01  8.544779184736301e-06 
 2.520423371306981e-05  8.316813574701396e-01  8.316783855036676e-01  7.917370986540331e-01  8.578597420858006e-06 
 2.530423371306981e-05  8.349811278066324e-01  8.349781450520487e-01  7.947270766827302e-01  8.612395837168139e-06 
 2.540423371306980e-05  8.382808981556581e-01  8.382779046073801e-01  7.977213731285970e-01  8.646190810677549e-06 
 2.550423371306980e-05  8.415806685830312e-01  8.415776642047519e-01  8.007200333288500e-01  8.679965647850737e-06 
 2.560423371306980e-05  8.448804390237707e-01  8.448774238095266e-01  8.037230982656797e-01  8.713736847267986e-06 
 2.570423371306980e-05  8.481802095442834e-01  8.481771834571453e-01  8.067306046799255e-01  8.747487512889127e-06 
 2.580423371306980e-05  8.514799800794576e-01  8.514769431129379e-01  8.097425850462361e-01  8.781234184705756e-06 
 2.590423371306980e-05  8.547797506944080e-01  8.547767028114572e-01  8.127590676927552e-01  8.814960384343599e-06 
 2.600423371306980e-05  8.580795213245281e-01  8.580764625184244e-01  8.157800767933521e-01  8.848682480375838e-06 
 2.610423371306980e-05  8.613792920358649e-01  8.613762222689688e-01  8.188056324938133e-01  8.882383680013026e-06 
 2.620423371306980e-05  8.646790627630571e-01  8.646759820283774e-01  8.218357509193808e-01  8.916080592524705e-06 
 2.630423371306980e-05  8.679788335714222e-01  8.679757418312553e-01  8.248704443064029e-01  8.949756661487925e-06 
 2.640423371306979e-05  8.712786043960787e-01  8.712755016432667e-01  8.279097210239400e-01  8.983428331526125e-06 
 2.650423371306979e-05  8.745783753030881e-01  8.745752614994725e-01  8.309535857102219e-01  9.017078792197349e-06 
 2.660423371306979e-05  8.778781462265002e-01  8.778750213648845e-01  8.340020393069242e-01  9.050724838289379e-06 
 2.670423371306979e-05  8.811779172317451e-01  8.811747812741175e-01  8.370550791998530e-01  9.084349855314618e-06 
 2.680423371306979e-05  8.844776882534849e-01  8.844745411926501e-01  8.401126992643524e-01  9.117970430116084e-06 
 2.690423371306979e-05  8.877774593577094e-01  8.877743011554190e-01  8.431748900090215e-01  9.151569759912340e-06 
 2.700423371306979e-05  8.910772304771942e-01  8.910740611267216e-01  8.462416386306475e-01  9.185165046832019e-06 
 2.710423371306979e-05  8.943770016794681e-01  8.943738211424763e-01  8.493129291608036e-01  9.218738969952609e-06 
 2.720423371306979e-05  8.976767728975460e-01  8.976735811671950e-01  8.523887425288125e-01  9.252308649468257e-06 
 2.730423371306979e-05  9.009765441969488e-01  9.009733412354336e-01  8.554690567096601e-01  9.285857418821918e-06 
 2.740423371306979e-05  9.042763155125955e-01  9.042731013130180e-01  8.585538467939251e-01  9.319401765269603e-06 
 2.750423371306978e-05  9.075760869083689e-01  9.075728614333861e-01  8.616430851358976e-01  9.352925555827431e-06 
 2.760423371306978e-05  9.108758583194991e-01  9.108726215626207e-01  8.647367414292942e-01  9.386445172391268e-06 
 2.770423371306978e-05  9.141756298104694e-01  9.141723817345271e-01  8.678347828551510e-01  9.419944272811209e-06 
 2.780423371306978e-05  9.174754013152113e-01  9.174721419143768e-01  8.709371741612570e-01  9.453439668861471e-06 
 2.790423371306978e-05  9.207751729005589e-01  9.207719021374930e-01  8.740438778090924e-01  9.486914232798343e-06 
 2.800423371306978e-05  9.240749444984480e-01  9.240716623678831e-01  8.771548540557900e-01  9.520385434425218e-06 
 2.810423371306978e-05  9.273747161748105e-01  9.273714226402310e-01  8.802700610991296e-01  9.553836438098081e-06 
 2.820423371306978e-05  9.306744878637166e-01  9.306711829200074e-01  8.833894551614163e-01  9.587284006852348e-06 
 2.830423371306978e-05  9.339742596296942e-01  9.339709432409309e-01  8.865129906312098e-01  9.620711762344848e-06 
 2.840423371306978e-05  9.372740314076912e-01  9.372707035691002e-01  8.896406201479689e-01  9.654136177176661e-06 
 2.850423371306977e-05  9.405738032612947e-01  9.405704639375729e-01  8.927722947401444e-01  9.687541179315161e-06 
 2.860423371306977e-05  9.438735751249285e-01  9.438702243121493e-01  8.959079639091796e-01  9.720943413334975e-06 
 2.870423371306977e-05  9.471733470633996e-01  9.471699847266507e-01  8.990475757636321e-01  9.754326400750813e-06 
 2.880423371306977e-05  9.504731190117621e-01  9.504697451473417e-01  9.021910771019549e-01  9.787706578525599e-06 
 2.890423371306977e-05  9.537728910330092e-01  9.537695056068047e-01  9.053384135410413e-01  9.821068061810316e-06 
 2.900423371306977e-05  9.570726630620030e-01  9.570692660712263e-01  9.084895295971257e-01  9.854427351960793e-06 
 2.910423371306977e-05  9.603724351636416e-01  9.603690265744010e-01  9.116443688094747e-01  9.887767931856013e-06 
 2.920423371306977e-05  9.636722072718761e-01  9.636687870819612e-01  9.148028738180429e-01  9.921106604166348e-06 
 2.930423371306977e-05  9.669719794504937e-01  9.669685476269247e-01  9.179649864809880e-01  9.954427216256989e-06 
 2.940423371306977e-05  9.702717516344271e-01  9.702683081756187e-01  9.211306479491798e-01  9.987746246502168e-06 
 2.950423371306977e-05  9.735715238885621e-01  9.735680687617398e-01  9.242997987778209e-01  1.002104717944617e-05 
 2.960423371306976e-05  9.768712961464079e-01  9.768678293507159e-01  9.274723789965985e-01  1.005434696652928e-05 
 2.970423371306976e-05  9.801710684724724e-01  9.801675899759636e-01  9.306483282146112e-01  1.008762920753694e-05 
 2.980423371306976e-05  9.834708408003664e-01  9.834673506030142e-01  9.338275856866832e-01  1.012091082737509e-05 
 2.990423371306976e-05  9.867706131958721e-01  9.867671112660775e-01  9.370100904115116e-01  1.015417500305624e-05 
 3.000423371306976e-05  9.900703855919477e-01  9.900668719303040e-01  9.401957811930733e-01  1.018743887498064e-05 
 3.010423371306976e-05  9.933701580536000e-01  9.933666326293442e-01  9.433845967322227e-01  1.022068587540106e-05 
 3.020423371306976e-05  9.966699305153638e-01  9.966663933294300e-01  9.465764756830846e-01  1.025393262901914e-05 
 3.030423371306976e-05  9.999697030408108e-01  9.999661540632251e-01  9.497713567377091e-01  1.028716303593566e-05 
 3.040423371306976e-05  1.003269475565051e+00  1.003265914797379e+00  9.529691786777502e-01  1.032039353655523e-05 
 3.050423371306976e-05  1.006569248151633e+00  1.006565675564500e+00  9.561698804519922e-01  1.035360803397623e-05 
 3.060423371306976e-05  1.009869020736384e+00  1.009865436331754e+00  9.593734012229603e-01  1.038682273601155e-05 
 3.070423371306976e-05  1.013168793381620e+00  1.013165197130885e+00  9.625796804379519e-01  1.042002195398857e-05 
 3.080423371306976e-05  1.016468566022718e+00  1.016464957928806e+00  9.657886578703664e-01  1.045322204349086e-05 
 3.090423371306977e-05  1.019768338723906e+00  1.019764718758481e+00  9.690002736841672e-01  1.048640668390687e-05 
 3.100423371306977e-05  1.023068111419539e+00  1.023064479586182e+00  9.722144684700821e-01  1.051959257565544e-05 
 3.110423371306977e-05  1.026367884174139e+00  1.026364240445028e+00  9.754311833035644e-01  1.055276329509632e-05 
 3.120423371306977e-05  1.029667656921408e+00  1.029664001300909e+00  9.786503597763493e-01  1.058593575936388e-05 
 3.130423371306978e-05  1.032967429726593e+00  1.032963762187366e+00  9.818719400482875e-01  1.061909330933956e-05 
 3.140423371306978e-05  1.036267202524243e+00  1.036263523070886e+00  9.850958668735735e-01  1.065225258682243e-05 
 3.150423371306978e-05  1.039566975377335e+00  1.039563283983477e+00  9.883220836470293e-01  1.068539767698746e-05 
 3.160423371306978e-05  1.042866748220760e+00  1.042863044891892e+00  9.915505344257479e-01  1.071854511227675e-05 
 3.170423371306978e-05  1.046166521120861e+00  1.046162805830310e+00  9.947811639695683e-01  1.075167786630994e-05 
 3.180423371306979e-05  1.049466294009093e+00  1.049462566763256e+00  9.980139177584250e-01  1.078481361328252e-05 
 3.190423371306979e-05  1.052766066951464e+00  1.052762327724650e+00  1.001248742027712e+00  1.081793542939874e-05 
 3.200423371306979e-05  1.056065839882893e+00  1.056062088681343e+00  1.004485583781119e+00  1.085105985198570e-05 
 3.210423371306979e-05  1.059365612867652e+00  1.059361849666054e+00  1.007724390820969e+00  1.088417053400853e-05 
 3.220423371306980e-05  1.062665385838279e+00  1.062661610644104e+00  1.010965111757297e+00  1.091728479983141e-05 
 3.230423371306980e-05  1.065965158861585e+00  1.065961371649858e+00  1.014207696033584e+00  1.095038545687362e-05 
 3.240423371306980e-05  1.069264931869670e+00  1.069261132648379e+00  1.017452093932399e+00  1.098348998404240e-05 
 3.250423371306980e-05  1.072564704929730e+00  1.072560893674234e+00  1.020698256596608e+00  1.101658106163649e-05 
 3.260423371306981e-05  1.075864477975212e+00  1.075860654693426e+00  1.023946136031445e+00  1.104967572414083e-05 
 3.270423371306981e-05  1.079164251069900e+00  1.079160415738221e+00  1.027195685121915e+00  1.108275777773136e-05 
 3.280423371306981e-05  1.082464024148065e+00  1.082460176775198e+00  1.030446857631799e+00  1.111584399343708e-05 
 3.290423371306981e-05  1.085763797276038e+00  1.085759937838278e+00  1.033699608217534e+00  1.114891732689207e-05 
 3.300423371306982e-05  1.089063570386484e+00  1.089059698893009e+00  1.036953892424553e+00  1.118199508847169e-05 
 3.310423371306982e-05  1.092363343545244e+00  1.092359459972935e+00  1.040209666697614e+00  1.121506039656869e-05 
 3.320423371306982e-05  1.095663116685626e+00  1.095659221044083e+00  1.043466888374266e+00  1.124813034983892e-05 
 3.330423371306982e-05  1.098962889873174e+00  1.098958982139749e+00  1.046725515692762e+00  1.128118816381966e-05 
 3.340423371306983e-05  1.102262663041515e+00  1.102258743226209e+00  1.049985507783337e+00  1.131425083857893e-05 
 3.350423371306983e-05  1.105562436256812e+00  1.105558504337133e+00  1.053246824673086e+00  1.134730137871162e-05 
 3.360423371306983e-05  1.108862209451410e+00  1.108858265437977e+00  1.056509427275434e+00  1.138035721749480e-05 
 3.370423371306983e-05  1.112161982692234e+00  1.112158026562876e+00  1.059773277392654e+00  1.141340110350594e-05 
 3.380423371306984e-05  1.115461755912704e+00  1.115457787678043e+00  1.063038337703501e+00  1.144645011697116e-05 
 3.390423371306984e-05  1.118761529177917e+00  1.118757548816349e+00  1.066304571763621e+00  1.147948761320484e-05 
 3.400423371306984e-05  1.122061302421173e+00  1.122057309943970e+00  1.069571943991868e+00  1.151253071595383e-05 
 3.410423371306984e-05  1.125361075708628e+00  1.125357071094436e+00  1.072840419668945e+00  1.154556242692647e-05 
 3.420423371306985e-05  1.128660848975058e+00  1.128656832234941e+00  1.076109964922079e+00  1.157859938536830e-05 
 3.430423371306985e-05  1.131960622283713e+00  1.131956593397047e+00  1.079380546722061e+00  1.161162555310850e-05 
 3.440423371306985e-05  1.135260395568945e+00  1.135256354547703e+00  1.082652132867316e+00  1.164465771594209e-05 
 3.450423371306985e-05  1.138560168897448e+00  1.138556115720709e+00  1.085924691979653e+00  1.167767869327874e-05 
 3.460423371306986e-05  1.141859942204061e+00  1.141855876883371e+00  1.089198193486954e+00  1.171070511548223e-05 
 3.470423371306986e-05  1.145159715550479e+00  1.145155638066151e+00  1.092472607617728e+00  1.174372144931118e-05 
 3.480423371306986e-05  1.148459488873304e+00  1.148455399237553e+00  1.095747905383635e+00  1.177674374903463e-05 
 3.490423371306986e-05  1.151759262237900e+00  1.151755160430414e+00  1.099024058573109e+00  1.180975526882561e-05 
 3.500423371306986e-05  1.155059035577945e+00  1.155054921611351e+00  1.102301039732735e+00  1.184277303206685e-05 
 3.510423371306987e-05  1.158358808959330e+00  1.158354682813511e+00  1.105578822160316e+00  1.187578011507364e-05 
 3.520423371306987e-05  1.161658582314736e+00  1.161654444002890e+00  1.108857379886353e+00  1.190879387451767e-05 
 3.530423371306987e-05  1.164958355710458e+00  1.164954205212852e+00  1.112136687666160e+00  1.194179725448667e-05 
 3.540423371306987e-05  1.168258129080301e+00  1.168253966410176e+00  1.115416720960962e+00  1.197480724472360e-05 
 3.550423371306988e-05  1.171557902490723e+00  1.171553727628298e+00  1.118697455930053e+00  1.200780672947519e-05 
 3.560423371306988e-05  1.174857675874420e+00  1.174853488833301e+00  1.121978869411157e+00  1.204081307118626e-05 
 3.570423371306988e-05  1.178157449296606e+00  1.178153250057756e+00  1.125260938912207e+00  1.207380956122232e-05 
 3.580423371306988e-05  1.181457222693931e+00  1.181453011270390e+00  1.128543642592419e+00  1.210681226451057e-05 
 3.590423371306989e-05  1.184756996129212e+00  1.184752772502156e+00  1.131826959253616e+00  1.213980525889848e-05 
 3.600423371306989e-05  1.188056769537255e+00  1.188052533720608e+00  1.135110868320936e+00  1.217280522060204e-05 
 3.610423371306989e-05  1.191356542983706e+00  1.191352294958513e+00  1.138395349834350e+00  1.220579529443733e-05 
 3.620423371306989e-05  1.194656316402557e+00  1.194652056182929e+00  1.141680384429661e+00  1.223879242840291e-05 
 3.630423371306990e-05  1.197956089859644e+00  1.197951817426717e+00  1.144965953329830e+00  1.227177969892510e-05 
 3.640423371306990e-05  1.201255863289354e+00  1.201251578657220e+00  1.148252038326085e+00  1.230477393454251e-05 
 3.650423371306990e-05  1.204555636755825e+00  1.204551339906141e+00  1.151538621769454e+00  1.233775876723704e-05 
 3.660423371306990e-05  1.207855410194021e+00  1.207851101141253e+00  1.154825686552360e+00  1.237075083370074e-05 
 3.670423371306991e-05  1.211155183670211e+00  1.211150862395616e+00  1.158113216100034e+00  1.240373306358846e-05 
 3.680423371306991e-05  1.214454957117341e+00  1.214450623635704e+00  1.161401194352393e+00  1.243672276860784e-05 
 3.690423371306991e-05  1.217754730601976e+00  1.217750384894742e+00  1.164689605756068e+00  1.246970277050002e-05 
 3.700423371306991e-05  1.221054504056558e+00  1.221050146138900e+00  1.167978435246084e+00  1.250269055794223e-05 
 3.710423371306992e-05  1.224354277547867e+00  1.224349907401510e+00  1.171267668238302e+00  1.253566887518204e-05 
 3.720423371306992e-05  1.227654051010674e+00  1.227649668650327e+00  1.174557290611936e+00  1.256865444284438e-05 
 3.730423371306992e-05  1.230953824510003e+00  1.230949429917463e+00  1.177847288701951e+00  1.260163058982025e-05 
 3.740423371306992e-05  1.234253597979616e+00  1.234249191170058e+00  1.181137649281910e+00  1.263461437068969e-05 
 3.750423371306993e-05  1.237553371485320e+00  1.237548952440703e+00  1.184428359556678e+00  1.266758885033266e-05 
 3.760423371306993e-05  1.240853144961183e+00  1.240848713696765e+00  1.187719407146063e+00  1.270057099118067e-05 
 3.770423371306993e-05  1.244152918472430e+00  1.244148474970421e+00  1.191010780077732e+00  1.273354404551936e-05 
 3.780423371306993e-05  1.247452691954707e+00  1.247448236230120e+00  1.194302466771068e+00  1.276652445552970e-05 
 3.790423371306994e-05  1.250752465471695e+00  1.250747997506976e+00  1.197594456030660e+00  1.279949598308971e-05 
 3.800423371306994e-05  1.254052238959248e+00  1.254047758769611e+00  1.200886737030763e+00  1.283247500709766e-05 
 3.810423371306994e-05  1.257352012480639e+00  1.257347520048843e+00  1.204179297688305e+00  1.286544541555334e-05 
 3.820423371306994e-05  1.260651785972273e+00  1.260647281313670e+00  1.207472128049614e+00  1.289842341882225e-05 
 3.830423371306995e-05  1.263951559499330e+00  1.263947042596137e+00  1.210765220111403e+00  1.293139226830232e-05 
 3.840423371306995e-05  1.267251332996157e+00  1.267246803863944e+00  1.214058564406869e+00  1.296436885270622e-05 
 3.850423371306995e-05  1.270551106526988e+00  1.270546565148445e+00  1.217352151793343e+00  1.299733674095521e-05 
 3.860423371306995e-05  1.273850880028449e+00  1.273846326418899e+00  1.220645973437838e+00  1.303031206703236e-05 
 3.870423371306995e-05  1.277150653563578e+00  1.277146087705829e+00  1.223940020812303e+00  1.306327879309992e-05 
 3.880423371306996e-05  1.280450427068804e+00  1.280445848978395e+00  1.227234285679466e+00  1.309625312330704e-05 
 3.890423371306996e-05  1.283750200607855e+00  1.283745610267536e+00  1.230528760088394e+00  1.312921878999981e-05 
 3.900423371306996e-05  1.287049974114797e+00  1.287045371540898e+00  1.233823436361162e+00  1.316219277870234e-05 
 3.910423371306996e-05  1.290349747656962e+00  1.290345132831757e+00  1.237118307088989e+00  1.319515762893711e-05 
 3.920423371306997e-05  1.293649521168600e+00  1.293644894107913e+00  1.240413365118701e+00  1.322813027271550e-05 
 3.930423371306997e-05  1.296949294713964e+00  1.296944655400579e+00  1.243708603549437e+00  1.326109425853064e-05 
 3.940423371306997e-05  1.300249068227974e+00  1.300244416678027e+00  1.247004015720224e+00  1.329406630367678e-05 
 3.950423371306997e-05  1.303548841775623e+00  1.303544177971923e+00  1.250299595206465e+00  1.332702970906734e-05 
 3.960423371306998e-05  1.306848615293021e+00  1.306843939251366e+00  1.253595335807869e+00  1.336000080208623e-05 
 3.970423371306998e-05  1.310148388844112e+00  1.310143700547288e+00  1.256891231545884e+00  1.339296322515147e-05 
 3.980423371306998e-05  1.313448162362652e+00  1.313443461827267e+00  1.260187276651788e+00  1.342593409124079e-05 
 3.990423371306998e-05  1.316747935915598e+00  1.316743223124194e+00  1.263483465564215e+00  1.345889604046286e-05 
 4.000423371306999e-05  1.320047709436157e+00  1.320042984405316e+00  1.266779792917898e+00  1.349186637342309e-05 
 4.010423371306999e-05  1.323347482990981e+00  1.323342745703278e+00  1.270076253541951e+00  1.352482782948411e-05 
 4.020423371306999e-05  1.326647256514819e+00  1.326642506986404e+00  1.273372842448591e+00  1.355779719632829e-05 
 4.030423371306999e-05  1.329947030071212e+00  1.329942268285225e+00  1.276669554831482e+00  1.359075824538155e-05 
 4.040423371307000e-05  1.333246803595542e+00  1.333242029568521e+00  1.279966386055355e+00  1.362372755849094e-05 
 4.050423371307000e-05  1.336546577153657e+00  1.336541790868330e+00  1.283263331654330e+00  1.365668813436716e-05 
 4.060423371307000e-05  1.339846350681100e+00  1.339841552153560e+00  1.286560387322338e+00  1.368965651089241e-05 
 4.070423371307000e-05  1.343146124240020e+00  1.343141313453762e+00  1.289857548911735e+00  1.372261690780070e-05 
 4.080423371307001e-05  1.346445897768537e+00  1.346441074739586e+00  1.293154812423454e+00  1.375558501365358e-05 
 4.090423371307001e-05  1.349745671329429e+00  1.349740836040975e+00  1.296452174006374e+00  1.378854483213569e-05 
 4.100423371307001e-05  1.353045444858823e+00  1.353040597327290e+00  1.299749629948009e+00  1.382151271949669e-05 
 4.110423371307001e-05  1.356345218419840e+00  1.356340358628657e+00  1.303047176673812e+00  1.385447256151551e-05 
 4.120423371307002e-05  1.359644991950138e+00  1.359640119915492e+00  1.306344810738101e+00  1.388744021239903e-05 
 4.130423371307002e-05  1.362944765513455e+00  1.362939881218293e+00  1.309642528824294e+00  1.392039934898216e-05 
 4.140423371307002e-05  1.366244539044123e+00  1.366239642505312e+00  1.312940327735647e+00  1.395336692903345e-05 
 4.150423371307002e-05  1.369544312609185e+00  1.369539403809192e+00  1.316238204395537e+00  1.398632553537407e-05 
 4.160423371307003e-05  1.372844086141265e+00  1.372839165097097e+00  1.319536155839059e+00  1.401929269309652e-05 
 4.170423371307003e-05  1.376143859706028e+00  1.376138926400723e+00  1.322834179213042e+00  1.405225143444027e-05 
 4.180423371307003e-05  1.379443633238974e+00  1.379438687689162e+00  1.326132271768090e+00  1.408521834302868e-05 
 4.190423371307003e-05  1.382743406804644e+00  1.382738448993337e+00  1.329430430859130e+00  1.411817681592050e-05 
 4.200423371307004e-05  1.386043180337212e+00  1.386038210281504e+00  1.332728653937448e+00  1.415114387771970e-05 
 4.210423371307004e-05  1.389342953903755e+00  1.389337971586223e+00  1.336026938551650e+00  1.418410208326983e-05 
 4.220423371307004e-05  1.392642727437470e+00  1.392637732875130e+00  1.339325282339483e+00  1.421706879112993e-05 
 4.230423371307004e-05  1.395942501004981e+00  1.395937494180457e+00  1.342623683029503e+00  1.425002669580961e-05 
 4.240423371307004e-05  1.399242274537567e+00  1.399237255468622e+00  1.345922138433082e+00  1.428299378980529e-05 
 4.250423371307005e-05  1.402542048104919e+00  1.402537016773824e+00  1.349220646446079e+00  1.431595175865587e-05 
 4.260423371307005e-05  1.405841821640480e+00  1.405836778063961e+00  1.352519205041144e+00  1.434891787987414e-05 
 4.270423371307005e-05  1.409141595207952e+00  1.409136539369235e+00  1.355817812269236e+00  1.438187581430781e-05 
 4.280423371307005e-05  1.412441368742469e+00  1.412436300658694e+00  1.359116466252809e+00  1.441484228702269e-05 
 4.290423371307006e-05  1.415741142309719e+00  1.415736061963820e+00  1.362415165187352e+00  1.444780029517518e-05 
 4.300423371307006e-05  1.419040915844964e+00  1.419035823253778e+00  1.365713907334296e+00  1.448076652941416e-05 
 4.310423371307006e-05  1.422340689412584e+00  1.422335584559158e+00  1.369012691023143e+00  1.451372441011304e-05 
 4.320423371307006e-05  1.425640462947837e+00  1.425635345849154e+00  1.372311514644598e+00  1.454669063547024e-05 
 4.330423371307007e-05  1.428940236515316e+00  1.428935107154452e+00  1.375610376652466e+00  1.457964855613716e-05 
 4.340423371307007e-05  1.432240010050306e+00  1.432234868444305e+00  1.378909275557269e+00  1.461261486187451e-05 
 4.350423371307007e-05  1.435539783618613e+00  1.435534629750170e+00  1.382208209928345e+00  1.464557249654797e-05 
 4.360423371307007e-05  1.438839557154193e+00  1.438834391040452e+00  1.385507178387253e+00  1.467853859711611e-05 
 4.370423371307008e-05  1.442139330721632e+00  1.442134152345770e+00  1.388806179610371e+00  1.471149650201786e-05 
 4.380423371307008e-05  1.445439104257502e+00  1.445433913636288e+00  1.392105212322392e+00  1.474446249178574e-05 
 4.390423371307008e-05  1.448738877825424e+00  1.448733674941955e+00  1.395404275298914e+00  1.477742021905182e-05 
 4.400423371307008e-05  1.452038651359840e+00  1.452033436231567e+00  1.398703367360285e+00  1.481038666956225e-05 
 4.410423371307009e-05  1.455338424927690e+00  1.455333197537216e+00  1.402002487374299e+00  1.484334440038104e-05 
 4.420423371307009e-05  1.458638198463501e+00  1.458632958827804e+00  1.405301634249912e+00  1.487631036949878e-05 
 4.430423371307009e-05  1.461937972030965e+00  1.461932720133240e+00  1.408600806939984e+00  1.490926820223604e-05 
 4.440423371307009e-05  1.465237745565532e+00  1.465232481423065e+00  1.411900004435587e+00  1.494223455882161e-05 
 4.450423371307010e-05  1.468537519133652e+00  1.468532242728977e+00  1.415199225768792e+00  1.497519214842004e-05 
 4.460423371307010e-05  1.471837292667402e+00  1.471832004018322e+00  1.418498470006566e+00  1.500815875080899e-05 
 4.470423371307010e-05  1.475137066234487e+00  1.475131765323596e+00  1.421797736254232e+00  1.504111665304622e-05 
 4.480423371307010e-05  1.478436839768956e+00  1.478431526613484e+00  1.425097023649435e+00  1.507408298898164e-05 
 4.490423371307011e-05  1.481736613337122e+00  1.481731287919522e+00  1.428396331365295e+00  1.510704050241877e-05 
 4.500423371307011e-05  1.485036386870363e+00  1.485031049208670e+00  1.431695658604436e+00  1.514000721405368e-05 
 4.510423371307011e-05  1.488336160437761e+00  1.488330810514250e+00  1.434995004602776e+00  1.517296494909132e-05 
 4.520423371307011e-05  1.491635933971612e+00  1.491630571803869e+00  1.438294368623678e+00  1.520593142957779e-05 
 4.530423371307012e-05  1.494935707536948e+00  1.494930333108145e+00  1.441593749961019e+00  1.523888980898888e-05 
 4.540423371307012e-05  1.498235481071372e+00  1.498230094398218e+00  1.444893147933992e+00  1.527185606609848e-05 
 4.550423371307012e-05  1.501535254638470e+00  1.501529855703715e+00  1.448192561890456e+00  1.530481382866965e-05 
 4.560423371307012e-05  1.504835028170724e+00  1.504829616992432e+00  1.451491991201173e+00  1.533778076723414e-05 
 4.570423371307013e-05  1.508134801736158e+00  1.508129378296890e+00  1.454791435263747e+00  1.537073904139609e-05 
 4.580423371307013e-05  1.511434575268377e+00  1.511429139585664e+00  1.458090893496940e+00  1.540370595464750e-05 
 4.590423371307013e-05  1.514734348834771e+00  1.514728900890813e+00  1.461390365344357e+00  1.543666387420421e-05 
 4.600423371307013e-05  1.518034122367326e+00  1.518028662179890e+00  1.464689850269141e+00  1.546963064024004e-05 
 4.610423371307013e-05  1.521333895931972e+00  1.521328423483948e+00  1.467989347757493e+00  1.550258909647857e-05 
 4.620423371307014e-05  1.524633669464236e+00  1.524628184772913e+00  1.471288857313456e+00  1.553555592135622e-05 
 4.630423371307014e-05  1.527933443029253e+00  1.527927946077280e+00  1.474588378462657e+00  1.556851421416992e-05 
 4.640423371307014e-05  1.531233216560584e+00  1.531227707365712e+00  1.477887910746970e+00  1.560148130794359e-05 
 4.650423371307014e-05  1.534532990124363e+00  1.534527468669332e+00  1.481187453728483e+00  1.563443996513249e-05 
 4.660423371307015e-05  1.537832763656376e+00  1.537827229958300e+00  1.484487006984095e+00  1.566740679334081e-05 
 4.670423371307015e-05  1.541132537220161e+00  1.541126991261988e+00  1.487786570109463e+00  1.570036540856328e-05 
 4.680423371307015e-05  1.544432310751051e+00  1.544426752550302e+00  1.491086142714116e+00  1.573333256517557e-05 
 4.690423371307015e-05  1.547732084313886e+00  1.547726513853427e+00  1.494385724424847e+00  1.576629145262472e-05 
 4.700423371307016e-05  1.551031857845199e+00  1.551026275142108e+00  1.497685314880915e+00  1.579925842782658e-05 
 4.710423371307016e-05  1.554331631407262e+00  1.554326036444797e+00  1.500984913737867e+00  1.583221752444175e-05 
 4.720423371307016e-05  1.557631404938345e+00  1.557625797733408e+00  1.504284520662734e+00  1.586518453583687e-05 
 4.730423371307016e-05  1.560931178500327e+00  1.560925559036116e+00  1.507584135337720e+00  1.589814361357825e-05 
 4.740423371307017e-05  1.564230952030131e+00  1.564225320323972e+00  1.510883757455297e+00  1.593111100378147e-05 
 4.750423371307017e-05  1.567530725591707e+00  1.567525081626483e+00  1.514183386722212e+00  1.596407017056273e-05 
 4.760423371307017e-05  1.570830499121070e+00  1.570824842914133e+00  1.517483022854545e+00  1.599703766534896e-05 
 4.770423371307017e-05  1.574130272682997e+00  1.574124604216948e+00  1.520782665581820e+00  1.602999667003767e-05 
 4.780423371307018e-05  1.577430046212341e+00  1.577424365504680e+00  1.524082314642092e+00  1.606296412529996e-05 
 4.790423371307018e-05  1.580729819771940e+00  1.580724126806029e+00  1.527381969785652e+00  1.609592385385407e-05 
 4.800423371307018e-05  1.584029593300537e+00  1.584023888093353e+00  1.530681630770595e+00  1.612889151384149e-05 
 4.810423371307018e-05  1.587329366861689e+00  1.587323649395802e+00  1.533981297366907e+00  1.616185068262116e-05 
 4.820423371307019e-05  1.590629140389598e+00  1.590623410682763e+00  1.537280969351079e+00  1.619481852557334e-05 
 4.830423371307019e-05  1.593928913949717e+00  1.593923171984600e+00  1.540580646510806e+00  1.622777799056050e-05 
 4.840423371307019e-05  1.597228687475613e+00  1.597222933270324e+00  1.543880328640047e+00  1.626074645212894e-05 
 4.850423371307019e-05  1.600528461035827e+00  1.600522694572298e+00  1.547180015543035e+00  1.629370583851232e-05 
 4.860423371307020e-05  1.603828234563125e+00  1.603822455859036e+00  1.550479707029525e+00  1.632667379470724e-05 
 4.870423371307020e-05  1.607128008121835e+00  1.607122217160093e+00  1.553779402918930e+00  1.635963362962072e-05 
 4.880423371307020e-05  1.610427781647867e+00  1.610421978446088e+00  1.557079103035674e+00  1.639260195818443e-05 
 4.890423371307020e-05  1.613727555207098e+00  1.613721739747555e+00  1.560378807213452e+00  1.642556157682648e-05 
 4.900423371307021e-05  1.617027328733483e+00  1.617021501033879e+00  1.563678515290100e+00  1.645852974263151e-05 
 4.910423371307021e-05  1.620327102291050e+00  1.620321262334324e+00  1.566978227112074e+00  1.649148986242822e-05 
 4.920423371307021e-05  1.623626875816097e+00  1.623621023619853e+00  1.570277942529869e+00  1.652445842613717e-05 
 4.930423371307021e-05  1.626926649373876e+00  1.626920784920513e+00  1.573577661402031e+00  1.655741842869433e-05 
 4.940423371307021e-05  1.630226422898935e+00  1.630220546206135e+00  1.576877383590510e+00  1.659038694577392e-05 
 4.950423371307022e-05  1.633526196455816e+00  1.633520307506283e+00  1.580177108964961e+00  1.662334719457854e-05 
 4.960423371307022e-05  1.636825969980623e+00  1.636820068791828e+00  1.583476837397891e+00  1.665631575096003e-05 
 4.970423371307022e-05  1.640125743536753e+00  1.640119830091551e+00  1.586776568769190e+00  1.668927620160321e-05 
 4.980423371307022e-05  1.643425517061412e+00  1.643419591377093e+00  1.590076302961252e+00  1.672224476020514e-05 
 4.990423371307023e-05  1.646725290617261e+00  1.646719352676699e+00  1.593376039863298e+00  1.675520525925403e-05 
 5.000423371307023e-05  1.650025064140414e+00  1.650019113961337e+00  1.596675779366738e+00  1.678817426993878e-05 
 5.010423371307023e-05  1.653324837696136e+00  1.653318875260937e+00  1.599975521369591e+00  1.682113476143816e-05 
 5.020423371307023e-05  1.656624611219487e+00  1.656618636545795e+00  1.603275265771756e+00  1.685410366376514e-05 
 5.030423371307024e-05  1.659924384774252e+00  1.659918397844833e+00  1.606575012479185e+00  1.688706442615894e-05 
 5.040423371307024e-05  1.663224158296250e+00  1.663218159128888e+00  1.609874761399376e+00  1.692003372949847e-05 
 5.050423371307024e-05  1.666523931850533e+00  1.666517920427684e+00  1.613174512445751e+00  1.695299460247049e-05 
 5.060423371307024e-05  1.669823705373270e+00  1.669817681712319e+00  1.616474265532927e+00  1.698596361670795e-05 
 5.070423371307025e-05  1.673123478926377e+00  1.673117443010411e+00  1.619774020581080e+00  1.701892483185069e-05 
 5.080423371307025e-05  1.676423252448806e+00  1.676417204294930e+00  1.623073777511498e+00  1.705189390426385e-05 
 5.090423371307025e-05  1.679723026000646e+00  1.679716965592255e+00  1.626373536250622e+00  1.708485549244152e-05 
 5.100423371307025e-05  1.683022799522655e+00  1.683016726876591e+00  1.629673296725988e+00  1.711782465633704e-05 
 5.110423371307026e-05  1.686322573075143e+00  1.686316488174419e+00  1.632973058869804e+00  1.715078598361231e-05 
 5.120423371307026e-05  1.689622346595009e+00  1.689616249457425e+00  1.636272822614786e+00  1.718375581253144e-05 
 5.130423371307026e-05  1.692922120148687e+00  1.692916010756114e+00  1.639572587898790e+00  1.721671669927021e-05 
 5.140423371307026e-05  1.696221893668419e+00  1.696215772039124e+00  1.642872354659684e+00  1.724968652663502e-05 
 5.150423371307027e-05  1.699521667219873e+00  1.699515533336408e+00  1.646172122840106e+00  1.728264810548682e-05 
 5.160423371307027e-05  1.702821440738852e+00  1.702815294619007e+00  1.649471892382902e+00  1.731561813868698e-05 
 5.170423371307027e-05  1.706121214291085e+00  1.706115055916887e+00  1.652771663235451e+00  1.734857940889678e-05 
 5.180423371307027e-05  1.709420987809250e+00  1.709414817199035e+00  1.656071435344636e+00  1.738154966902652e-05 
 5.190423371307028e-05  1.712720761360835e+00  1.712714578496553e+00  1.659371208662011e+00  1.741451110910045e-05 
 5.200423371307028e-05  1.716020534880182e+00  1.716014339779573e+00  1.662670983138797e+00  1.744748093380072e-05 
 5.210423371307028e-05  1.719320308428874e+00  1.719314101075252e+00  1.665970758730140e+00  1.748044328447958e-05 
 5.220423371307028e-05  1.722620081947624e+00  1.722613862357964e+00  1.669270535390943e+00  1.751341326283471e-05 
 5.230423371307029e-05  1.725919855497538e+00  1.725913623654524e+00  1.672570313080205e+00  1.754637516231893e-05 
 5.240423371307029e-05  1.729219629015168e+00  1.729213384936582e+00  1.675870091756281e+00  1.757934546796781e-05 
 5.250423371307029e-05  1.732519402563866e+00  1.732513146232410e+00  1.679169871381335e+00  1.761230772361158e-05 
 5.260423371307029e-05  1.735819176082365e+00  1.735812907515129e+00  1.682469651916903e+00  1.764527769885808e-05 
 5.270423371307030e-05  1.739118949630858e+00  1.739112668810890e+00  1.685769433328113e+00  1.767823997892676e-05 
 5.280423371307030e-05  1.742418723146923e+00  1.742412430092084e+00  1.689069215579304e+00  1.771121071667444e-05 
 5.290423371307030e-05  1.745718496695593e+00  1.745712191388032e+00  1.692368998638690e+00  1.774417289238214e-05 
 5.300423371307030e-05  1.749018270210914e+00  1.749011952668827e+00  1.695668782473259e+00  1.777714383041406e-05 
 5.310423371307030e-05  1.752318043759086e+00  1.752311713964515e+00  1.698968567053682e+00  1.781010612558177e-05 
 5.320423371307031e-05  1.755617817274394e+00  1.755611475245383e+00  1.702268352349497e+00  1.784307702830859e-05 
 5.330423371307031e-05  1.758917590821822e+00  1.758911236540651e+00  1.705568138333716e+00  1.787603952309439e-05 
 5.340423371307031e-05  1.762217364336229e+00  1.762210997821011e+00  1.708867924978212e+00  1.790901068028434e-05 
 5.350423371307031e-05  1.765517137883528e+00  1.765510759116257e+00  1.712167712258247e+00  1.794197317595832e-05 
 5.360423371307032e-05  1.768816911399173e+00  1.768810520397520e+00  1.715467500147966e+00  1.797494388261976e-05 
 5.370423371307032e-05  1.772116684945013e+00  1.772110281691877e+00  1.718767288624386e+00  1.800790681283504e-05 
 5.380423371307032e-05  1.775416458459928e+00  1.775410042972736e+00  1.722067077663429e+00  1.804087772111297e-05 
 5.390423371307032e-05  1.778716232005940e+00  1.778709804267276e+00  1.725366867244269e+00  1.807384055029795e-05 
 5.400423371307033e-05  1.782016005519458e+00  1.782009565547303e+00  1.728666657344472e+00  1.810681187490952e-05 
 5.410423371307033e-05  1.785315779065860e+00  1.785309326842163e+00  1.731966447945092e+00  1.813977453400833e-05 
 5.420423371307033e-05  1.788615552577980e+00  1.788609088121349e+00  1.735266239025320e+00  1.817274628072669e-05 
 5.430423371307033e-05  1.791915326122665e+00  1.791908849415144e+00  1.738566030567634e+00  1.820570946185237e-05 
 5.440423371307034e-05  1.795215099635699e+00  1.795208610695015e+00  1.741865822552936e+00  1.823868086595591e-05 
 5.450423371307034e-05  1.798514873180659e+00  1.798508371989055e+00  1.745165614965027e+00  1.827164391496505e-05 
 5.460423371307034e-05  1.801814646692410e+00  1.801808133268164e+00  1.748465407786230e+00  1.830461570098531e-05 
 5.470423371307034e-05  1.805114420236161e+00  1.805107894561473e+00  1.751765201001898e+00  1.833757910504377e-05 
 5.480423371307035e-05  1.808414193747920e+00  1.808407655840666e+00  1.755064994595597e+00  1.837055084954169e-05 
 5.490423371307035e-05  1.811713967291978e+00  1.811707417134246e+00  1.758364788553666e+00  1.840351410838298e-05 
 5.500423371307035e-05  1.815013740803841e+00  1.815007178413593e+00  1.761664582860944e+00  1.843648577694164e-05 
 5.510423371307035e-05  1.818313514346718e+00  1.818306939706456e+00  1.764964377505081e+00  1.846944938439295e-05 
 5.520423371307036e-05  1.821613287858398e+00  1.821606700985761e+00  1.768264172471934e+00  1.850242107382382e-05 
 5.530423371307036e-05  1.824913061400373e+00  1.824906462278093e+00  1.771563967750118e+00  1.853538493729257e-05 
 5.540423371307036e-05  1.828212834909831e+00  1.828206223556010e+00  1.774863763326365e+00  1.856835732150100e-05 
 5.550423371307036e-05  1.831512608452322e+00  1.831505984848752e+00  1.778163559190588e+00  1.860132097025260e-05 
 5.560423371307037e-05  1.834812381962958e+00  1.834805746127531e+00  1.781463355330567e+00  1.863429292391655e-05 
 5.570423371307037e-05  1.838112155505260e+00  1.838105507420206e+00  1.784763151736821e+00  1.866725659620489e-05 
 5.580423371307037e-05  1.841411929013743e+00  1.841405268697642e+00  1.788062948397991e+00  1.870022922310807e-05 
 5.590423371307037e-05  1.844711702555210e+00  1.844705029989830e+00  1.791362745305467e+00  1.873319312832120e-05 
 5.600423371307038e-05  1.848011476063722e+00  1.848004791267370e+00  1.794662542448699e+00  1.876616570371003e-05 
 5.610423371307038e-05  1.851311249604582e+00  1.851304552559222e+00  1.797962339819864e+00  1.879912976812915e-05 
 5.620423371307038e-05  1.854611023114740e+00  1.854604313837922e+00  1.801262137409252e+00  1.883210176353747e-05 
 5.630423371307038e-05  1.857910796654654e+00  1.857904075129209e+00  1.804561935209508e+00  1.886506610084940e-05 
 5.640423371307039e-05  1.861210570162491e+00  1.861203836406459e+00  1.807861733211531e+00  1.889803882189949e-05 
 5.650423371307039e-05  1.864510343702574e+00  1.864503597697920e+00  1.811161531408962e+00  1.893100306262201e-05 
 5.660423371307039e-05  1.867810117210263e+00  1.867803358975149e+00  1.814461329793162e+00  1.896397579499639e-05 
 5.670423371307039e-05  1.871109890749197e+00  1.871103120265916e+00  1.817761128358271e+00  1.899694037278263e-05 
 5.680423371307039e-05  1.874409664257455e+00  1.874402881543599e+00  1.821060927096435e+00  1.902991287911559e-05 
 5.690423371307040e-05  1.877709437796058e+00  1.877702642834209e+00  1.824360726002219e+00  1.906287752640179e-05 
 5.700423371307040e-05  1.881009211303629e+00  1.881002404111513e+00  1.827660525068158e+00  1.909585022258289e-05 
 5.710423371307040e-05  1.884308984842156e+00  1.884302165402138e+00  1.830960324289522e+00  1.912881485254961e-05 
 5.720423371307040e-05  1.887608758347160e+00  1.887601926677817e+00  1.834260123659140e+00  1.916178836185805e-05 
 5.730423371307041e-05  1.890908531886379e+00  1.890901687968962e+00  1.837559923172760e+00  1.919475272204057e-05 
 5.740423371307041e-05  1.894208305392509e+00  1.894201449245465e+00  1.840859722823834e+00  1.922772582101058e-05 
 5.750423371307041e-05  1.897508078929970e+00  1.897501210535508e+00  1.844159522608442e+00  1.926069072298195e-05 
 5.760423371307041e-05  1.900807852436256e+00  1.900800971812194e+00  1.847459322520689e+00  1.929366373091367e-05 
 5.770423371307042e-05  1.904107625973557e+00  1.904100733102182e+00  1.850759122556925e+00  1.932662865064859e-05 
 5.780423371307042e-05  1.907407399478394e+00  1.907400494377982e+00  1.854058922711346e+00  1.935960210244749e-05 
 5.790423371307042e-05  1.910707173015594e+00  1.910700255667976e+00  1.857358722980891e+00  1.939256701041405e-05 
 5.800423371307042e-05  1.914006946519801e+00  1.914000016943434e+00  1.860658523360038e+00  1.942554063363138e-05 
 5.810423371307043e-05  1.917306720055287e+00  1.917299778232351e+00  1.863958323845928e+00  1.945850607073024e-05 
 5.820423371307043e-05  1.920606493561863e+00  1.920599539509455e+00  1.867258124433786e+00  1.949147887193843e-05 
 5.830423371307043e-05  1.923906267096587e+00  1.923899300797924e+00  1.870557925120930e+00  1.952444452353238e-05 
 5.840423371307043e-05  1.927206040600682e+00  1.927199062073454e+00  1.873857725902685e+00  1.955741811211075e-05 
 5.850423371307044e-05  1.930505814135824e+00  1.930498823362263e+00  1.877157526776740e+00  1.959038358407060e-05 
 5.860423371307044e-05  1.933805587640301e+00  1.933798584638127e+00  1.880457327738649e+00  1.962335700655960e-05 
 5.870423371307044e-05  1.937105361174682e+00  1.937098345926487e+00  1.883757128786371e+00  1.965632269545705e-05 
 5.880423371307044e-05  1.940405134676716e+00  1.940398107200812e+00  1.887056929915774e+00  1.968929688755264e-05 
 5.890423371307045e-05  1.943704908211934e+00  1.943697868489781e+00  1.890356731125207e+00  1.972226226225697e-05 
 5.900423371307045e-05  1.947004681715392e+00  1.946997629765122e+00  1.893656532410491e+00  1.975523594786883e-05 
 5.910423371307045e-05  1.950304455248925e+00  1.950297391053035e+00  1.896956333770179e+00  1.978820184104730e-05 
 5.920423371307045e-05  1.953604228752268e+00  1.953597152328369e+00  1.900256135200719e+00  1.982117553132209e-05 
 5.930423371307046e-05  1.956904002286104e+00  1.956896913616542e+00  1.903555936700703e+00  1.985414128550065e-05 
 5.940423371307046e-05  1.960203775787860e+00  1.960196674890898e+00  1.906855738266378e+00  1.988711546493971e-05 
 5.950423371307046e-05  1.963503549321356e+00  1.963496436178906e+00  1.910155539896651e+00  1.992008129328117e-05 
 5.960423371307046e-05  1.966803322823154e+00  1.966796197453361e+00  1.913455341588299e+00  1.995305542409245e-05 
 5.970423371307047e-05  1.970103096355018e+00  1.970095958740344e+00  1.916755143340299e+00  1.998602175580903e-05 
 5.980423371307047e-05  1.973402869857289e+00  1.973395720015182e+00  1.920054945149476e+00  2.001899569588400e-05 
 5.990423371307047e-05  1.976702643390027e+00  1.976695481302807e+00  1.923354747015022e+00  2.005196169742024e-05 
 6.000423371307047e-05  1.980002416891446e+00  1.979995242577146e+00  1.926654548933932e+00  2.008493588685131e-05 
 6.010423371307048e-05  1.983302190422674e+00  1.983295003863826e+00  1.929954350905386e+00  2.011790235357100e-05 
 6.020423371307048e-05  1.986601963923136e+00  1.986594765137614e+00  1.933254152926636e+00  2.015087682011374e-05 
 6.030423371307048e-05  1.989901737454093e+00  1.989894526424167e+00  1.936553954997307e+00  2.018384334101232e-05 
 6.040423371307048e-05  1.993201510954812e+00  1.993194287698187e+00  1.939853757114443e+00  2.021681769120367e-05 
 6.050423371307048e-05  1.996501284485166e+00  1.996494048984397e+00  1.943153559277699e+00  2.024978437375072e-05 
 6.060423371307049e-05  1.999801057985134e+00  1.999793810257999e+00  1.946453361484457e+00  2.028275893555059e-05 
 6.070423371307049e-05  2.003100831516063e+00  2.003093571544647e+00  1.949753163734435e+00  2.031572539183418e-05 
 6.080423371307049e-05  2.006400605015180e+00  2.006393332817745e+00  1.953052966025013e+00  2.034870020410036e-05 
 6.090423371307049e-05  2.009700378545680e+00  2.009693094104167e+00  1.956352768356153e+00  2.038166676496696e-05 
 6.100423371307050e-05  2.013000152045340e+00  2.012992855377695e+00  1.959652570725382e+00  2.041464136407032e-05 
 6.110423371307049e-05  2.016299925575980e+00  2.016292616664265e+00  1.962952373132608e+00  2.044760784211429e-05 
 6.120423371307050e-05  2.019599699074736e+00  2.019592377937264e+00  1.966252175575581e+00  2.048058270611686e-05 
 6.130423371307050e-05  2.022899472603807e+00  2.022892139222846e+00  1.969551978054363e+00  2.051354966955034e-05 
 6.140423371307050e-05  2.026199246101094e+00  2.026191900494949e+00  1.972851780566557e+00  2.054652498341528e-05 
 6.150423371307050e-05  2.029499019630959e+00  2.029491661781106e+00  1.976151583112355e+00  2.057949164908694e-05 
 6.160423371307050e-05  2.032798793130290e+00  2.032791423054624e+00  1.979451385689604e+00  2.061246625662799e-05 
 6.170423371307051e-05  2.036098566658547e+00  2.036091184339774e+00  1.982751188298491e+00  2.064543341834730e-05 
 6.180423371307051e-05  2.039398340155928e+00  2.039390945612072e+00  1.986050990936950e+00  2.067840863606693e-05 
 6.190423371307051e-05  2.042698113684454e+00  2.042690706897457e+00  1.989350793605198e+00  2.071137567233102e-05 
 6.200423371307051e-05  2.045997887181648e+00  2.045990468169691e+00  1.992650596301082e+00  2.074435092291326e-05 
 6.210423371307052e-05  2.049297660709773e+00  2.049290229454862e+00  1.995950399025047e+00  2.077731805732108e-05 
 6.220423371307052e-05  2.052597434206398e+00  2.052589990726796e+00  1.999250201775344e+00  2.081029345911569e-05 
 6.230423371307052e-05  2.055897207735049e+00  2.055889752012362e+00  2.002550004552243e+00  2.084326038591180e-05 
 6.240423371307052e-05  2.059196981229665e+00  2.059189513283033e+00  2.005849807353629e+00  2.087623642230989e-05 
 6.250423371307053e-05  2.062496754757629e+00  2.062489274568196e+00  2.009149610180193e+00  2.090920354117458e-05 
 6.260423371307053e-05  2.065796528253478e+00  2.065789035839753e+00  2.012449413029973e+00  2.094217913592596e-05 
 6.270423371307053e-05  2.069096301780442e+00  2.069088797124304e+00  2.015749215903442e+00  2.097514655255247e-05 
 6.280423371307053e-05  2.072396075277111e+00  2.072388558396467e+00  2.019049018798877e+00  2.100812184443500e-05 
 6.290423371307054e-05  2.075695848803400e+00  2.075688319680624e+00  2.022348821716863e+00  2.104108945046556e-05 
 6.300423371307054e-05  2.078995622298896e+00  2.078988080952077e+00  2.025648624655557e+00  2.107406509872967e-05 
 6.310423371307054e-05  2.082295395825439e+00  2.082287842236454e+00  2.028948427615567e+00  2.110703258574432e-05 
 6.320423371307054e-05  2.085595169320019e+00  2.085587603507364e+00  2.032248230595113e+00  2.114000850623513e-05 
 6.330423371307055e-05  2.088894942845716e+00  2.088887364791234e+00  2.035548033594871e+00  2.117297623772089e-05 
 6.340423371307055e-05  2.092194716340278e+00  2.092187126062199e+00  2.038847836613275e+00  2.120595213312066e-05 
 6.350423371307055e-05  2.095494489866441e+00  2.095486887346419e+00  2.042147639651033e+00  2.123891968119756e-05 
 6.360423371307055e-05  2.098794263360876e+00  2.098786648617375e+00  2.045447442706434e+00  2.127189558237049e-05 
 6.370423371307056e-05  2.102094036885041e+00  2.102086409900325e+00  2.048747245780318e+00  2.130486375705729e-05 
 6.380423371307056e-05  2.105393810378802e+00  2.105386171170891e+00  2.052047048870721e+00  2.133783985318537e-05 
 6.390423371307056e-05  2.108693583903594e+00  2.108685932454305e+00  2.055346851978376e+00  2.137080778828603e-05 
 6.400423371307056e-05  2.111993357396658e+00  2.111985693724475e+00  2.058646655101927e+00  2.140378408469836e-05 
 6.410423371307057e-05  2.115293130921116e+00  2.115285455007721e+00  2.061946458242349e+00  2.143675209373987e-05 
 6.420423371307057e-05  2.118592904414962e+00  2.118585216278468e+00  2.065246261397900e+00  2.146972810171625e-05 
 6.430423371307057e-05  2.121892677938157e+00  2.121884977560931e+00  2.068546064569205e+00  2.150269649711539e-05 
 6.440423371307057e-05  2.125192451431230e+00  2.125184738831231e+00  2.071845867754873e+00  2.153567272935681e-05 
 6.450423371307058e-05  2.128492224955370e+00  2.128484500114365e+00  2.075145670955990e+00  2.156864077925453e-05 
 6.460423371307058e-05  2.131791998448176e+00  2.131784261384547e+00  2.078445474170860e+00  2.160161707189210e-05 
 6.470423371307058e-05  2.135091771970401e+00  2.135084022666463e+00  2.081745277400073e+00  2.163458572330866e-05 
 6.480423371307058e-05  2.138391545463493e+00  2.138383783936904e+00  2.085045080642649e+00  2.166756188738240e-05 
 6.490423371307058e-05  2.141691318984837e+00  2.141683545218285e+00  2.088344883899203e+00  2.170053079859115e-05 
 6.500423371307059e-05  2.144991092477655e+00  2.144983306488600e+00  2.091644687168076e+00  2.173350702616964e-05 
 6.510423371307059e-05  2.148290865999656e+00  2.148283067770473e+00  2.094944490450584e+00  2.176647568446958e-05 
 6.520423371307059e-05  2.151590639491703e+00  2.151582829040335e+00  2.098244293745394e+00  2.179945213919970e-05 
 6.530423371307059e-05  2.154890413013170e+00  2.154882590321897e+00  2.101544097053123e+00  2.183242094382704e-05 
 6.540423371307060e-05  2.158190186504676e+00  2.158182351591469e+00  2.104843900372150e+00  2.186539754421843e-05 
 6.550423371307060e-05  2.161489960025744e+00  2.161482112872810e+00  2.108143703703493e+00  2.189836645320673e-05 
 6.560423371307060e-05  2.164789733517673e+00  2.164781874142721e+00  2.111443507045878e+00  2.193134288528830e-05 
 6.570423371307060e-05  2.168089507038892e+00  2.168081635424216e+00  2.114743310400319e+00  2.196431170945556e-05 
 6.580423371307061e-05  2.171389280528542e+00  2.171381396692675e+00  2.118043113765285e+00  2.199728886828912e-05 
 6.590423371307061e-05  2.174689054050785e+00  2.174681157974893e+00  2.121342917141759e+00  2.203025732119781e-05 
 6.600423371307061e-05  2.177988827540671e+00  2.177980919243575e+00  2.124642720528092e+00  2.206323437167361e-05 
 6.610423371307061e-05  2.181288601060164e+00  2.181280680524019e+00  2.127942523925292e+00  2.209620370343484e-05 
 6.620423371307062e-05  2.184588374551352e+00  2.184580441793625e+00  2.131242327332593e+00  2.212918029227990e-05 
 6.630423371307062e-05  2.187888148071797e+00  2.187880203074740e+00  2.134542130750780e+00  2.216214928098222e-05 
 6.640423371307062e-05  2.191187921562373e+00  2.191179964343994e+00  2.137841934178294e+00  2.219512604657479e-05 
 6.650423371307062e-05  2.194487695081860e+00  2.194479725624533e+00  2.141141737616178e+00  2.222809531705170e-05 
 6.660423371307063e-05  2.197787468570451e+00  2.197779486892534e+00  2.144441541062859e+00  2.226107270992027e-05 
 6.670423371307063e-05  2.201087242091634e+00  2.201079248174230e+00  2.147741344519654e+00  2.229404139286718e-05 
 6.680423371307063e-05  2.204387015579561e+00  2.204379009441860e+00  2.151041147985105e+00  2.232701897380754e-05 
 6.690423371307063e-05  2.207686789099928e+00  2.207678770723059e+00  2.154340951460453e+00  2.235998789589647e-05 
 6.700423371307064e-05  2.210986562587201e+00  2.210978531990313e+00  2.157640754944470e+00  2.239296566601882e-05 
 6.710423371307064e-05  2.214286336107678e+00  2.214278293271630e+00  2.160940558438040e+00  2.242593452260460e-05 
 6.720423371307064e-05  2.217586109596235e+00  2.217578054539792e+00  2.164240361939707e+00  2.245891184020005e-05 
 6.730423371307064e-05  2.220885883115927e+00  2.220877815820636e+00  2.167540165450400e+00  2.249188092349337e-05 
 6.740423371307065e-05  2.224185656602867e+00  2.224177577087784e+00  2.170839968968560e+00  2.252485875134734e-05 
 6.750423371307065e-05  2.227485430121502e+00  2.227477338367979e+00  2.174139772495690e+00  2.255782815083218e-05 
 6.760423371307065e-05  2.230785203609745e+00  2.230777099636044e+00  2.177439576030490e+00  2.259080552105220e-05 
 6.770423371307065e-05  2.234084977128159e+00  2.234076860916133e+00  2.180739379573920e+00  2.262377496627823e-05 
 6.780423371307066e-05  2.237384750614235e+00  2.237376622182823e+00  2.184039183124705e+00  2.265675302461449e-05 
 6.790423371307066e-05  2.240684524132295e+00  2.240676383462722e+00  2.187338986684278e+00  2.268972255710404e-05 
 6.800423371307066e-05  2.243984297619294e+00  2.243976144730079e+00  2.190638790250974e+00  2.272270028414974e-05 
 6.810423371307066e-05  2.247284071137182e+00  2.247275906009913e+00  2.193938593825690e+00  2.275566984128624e-05 
 6.820423371307067e-05  2.250583844623195e+00  2.250575667276674e+00  2.197238397407317e+00  2.278864786787012e-05 
 6.830423371307067e-05  2.253883618140498e+00  2.253875428556158e+00  2.200538200997246e+00  2.282161759220622e-05 
 6.840423371307067e-05  2.257183391627177e+00  2.257175189823423e+00  2.203838004594254e+00  2.285459536810174e-05 
 6.850423371307067e-05  2.260483165143722e+00  2.260474951102449e+00  2.207137808199000e+00  2.288756531315018e-05 
 6.860423371307067e-05  2.263782938630171e+00  2.263774712369612e+00  2.210437611810047e+00  2.292054314122617e-05 
 6.870423371307068e-05  2.267082712146445e+00  2.267074473648503e+00  2.213737415428599e+00  2.295351314711483e-05 
 6.880423371307068e-05  2.270382485632595e+00  2.270374234915528e+00  2.217037219053619e+00  2.298649104513488e-05 
 6.890423371307068e-05  2.273682259149610e+00  2.273673996194948e+00  2.220337022686150e+00  2.301946077813071e-05 
 6.900423371307068e-05  2.276982032634391e+00  2.276973757461126e+00  2.223636826324920e+00  2.305243910269846e-05 
 6.910423371307069e-05  2.280281806149299e+00  2.280273518739203e+00  2.226936629971163e+00  2.308540949916357e-05 
 6.920423371307069e-05  2.283581579634427e+00  2.283573280005664e+00  2.230236433623262e+00  2.311838768251093e-05 
 6.930423371307069e-05  2.286881353150281e+00  2.286873041284400e+00  2.233536237282451e+00  2.315135774280051e-05 
 6.940423371307069e-05  2.290181126634438e+00  2.290172802550275e+00  2.236836040947484e+00  2.318433621969085e-05 
 6.950423371307070e-05  2.293480900150186e+00  2.293472563828986e+00  2.240135844619464e+00  2.321730628553155e-05 
 6.960423371307070e-05  2.296780673636659e+00  2.296772325096441e+00  2.243435648297390e+00  2.325028397438559e-05 
 6.970423371307070e-05  2.300080447151648e+00  2.300072086374696e+00  2.246735451982002e+00  2.328325425960635e-05 
 6.980423371307070e-05  2.303380220634060e+00  2.303371847639527e+00  2.250035255671913e+00  2.331623326252036e-05 
 6.990423371307071e-05  2.306679994149093e+00  2.306671608917849e+00  2.253335059368940e+00  2.334920350666287e-05 
 7.000423371307071e-05  2.309979767633662e+00  2.309971370184155e+00  2.256634863071680e+00  2.338218177305493e-05 
 7.010423371307071e-05  2.313279541147329e+00  2.313271131461617e+00  2.259934666780929e+00  2.341515244019240e-05 
 7.020423371307071e-05  2.316579314630550e+00  2.316570892727090e+00  2.263234470495135e+00  2.344813112491649e-05 
 7.030423371307072e-05  2.319879088144956e+00  2.319870654005078e+00  2.266534274215910e+00  2.348110152138160e-05 
 7.040423371307072e-05  2.323178861627784e+00  2.323170415270346e+00  2.269834077941925e+00  2.351408031002257e-05 
 7.050423371307072e-05  2.326478635141286e+00  2.326470176547778e+00  2.273133881674036e+00  2.354705097693800e-05 
 7.060423371307072e-05  2.329778408624874e+00  2.329769937813601e+00  2.276433685411158e+00  2.358002948957753e-05 
 7.070423371307073e-05  2.333078182138570e+00  2.333069699091195e+00  2.279733489154594e+00  2.361300006789717e-05 
 7.080423371307073e-05  2.336377955622118e+00  2.336369460357051e+00  2.283033292903329e+00  2.364597856499357e-05 
 7.090423371307073e-05  2.339677729134892e+00  2.339669221634076e+00  2.286333096658304e+00  2.367894942086897e-05 
 7.100423371307073e-05  2.342977502617394e+00  2.342968982899289e+00  2.289632900417940e+00  2.371192824104027e-05 
 7.110423371307074e-05  2.346277276129651e+00  2.346268744176025e+00  2.292932704183472e+00  2.374489923547150e-05 
 7.120423371307074e-05  2.349577049611970e+00  2.349568505441165e+00  2.296232507953789e+00  2.377787809250221e-05 
 7.130423371307074e-05  2.352876823124707e+00  2.352868266718252e+00  2.299532311730208e+00  2.381084890263642e-05 
 7.140423371307074e-05  2.356176596606242e+00  2.356168027982930e+00  2.302832115511329e+00  2.384382799459031e-05 
 7.150423371307075e-05  2.359476370119406e+00  2.359467789260331e+00  2.306131919298173e+00  2.387679863907925e-05 
 7.160423371307075e-05  2.362776143601767e+00  2.362767550525608e+00  2.309431723089601e+00  2.390977743304928e-05 
 7.170423371307075e-05  2.366075917113346e+00  2.366067311802007e+00  2.312731526886779e+00  2.394274857180951e-05 
 7.180423371307075e-05  2.369375690594340e+00  2.369367073066433e+00  2.316031330688384e+00  2.397572779254928e-05 
 7.190423371307076e-05  2.372675464106460e+00  2.372666834343231e+00  2.319331134495370e+00  2.400869872480802e-05 
 7.200423371307076e-05  2.375975237587965e+00  2.375966595608042e+00  2.322630938306391e+00  2.404167775414534e-05 
 7.210423371307076e-05  2.379275011097984e+00  2.379266356883485e+00  2.325930742122980e+00  2.407464935653469e-05 
 7.220423371307076e-05  2.382574784579477e+00  2.382566118148343e+00  2.329230545944087e+00  2.410762836322346e-05 
 7.230423371307076e-05  2.385874558091075e+00  2.385865879424872e+00  2.332530349770711e+00  2.414059941627446e-05 
 7.240423371307077e-05  2.389174331571576e+00  2.389165640689121e+00  2.335830153601711e+00  2.417357872938480e-05 
 7.250423371307077e-05  2.392474105082397e+00  2.392465401965179e+00  2.339129957438100e+00  2.420655000980947e-05 
 7.260423371307077e-05  2.395773878562569e+00  2.395765163229259e+00  2.342429761278761e+00  2.423952940951719e-05 
 7.270423371307077e-05  2.399073652072334e+00  2.399064924504647e+00  2.345729565124813e+00  2.427250101812381e-05 
 7.280423371307078e-05  2.402373425552855e+00  2.402364685769020e+00  2.349029368974527e+00  2.430548027217026e-05 
 7.290423371307078e-05  2.405673199062736e+00  2.405664447044523e+00  2.352329172829364e+00  2.433845181638394e-05 
 7.300423371307078e-05  2.408972972542974e+00  2.408964208308755e+00  2.355628976688185e+00  2.437143114148467e-05 
 7.310423371307078e-05  2.412272746052583e+00  2.412263969584119e+00  2.358928780552370e+00  2.440440274875901e-05 
 7.320423371307079e-05  2.415572519531591e+00  2.415563730847582e+00  2.362228584420395e+00  2.443738246066144e-05 
 7.330423371307079e-05  2.418872293042502e+00  2.418863492123845e+00  2.365528388293600e+00  2.447035361096799e-05 
 7.340423371307079e-05  2.422172066521912e+00  2.422163253387632e+00  2.368828192171024e+00  2.450333316255422e-05 
 7.350423371307079e-05  2.425471840031595e+00  2.425463014663120e+00  2.372127996053674e+00  2.453630469344521e-05 
 7.360423371307080e-05  2.428771613510591e+00  2.428762775926681e+00  2.375427799939756e+00  2.456928435960647e-05 
 7.370423371307080e-05  2.432071387018891e+00  2.432062537201289e+00  2.378727603830696e+00  2.460225632304035e-05 
 7.380423371307080e-05  2.435371160497509e+00  2.435362298464650e+00  2.382027407725619e+00  2.463523609045394e-05 
 7.390423371307080e-05  2.438670934004898e+00  2.438662059738694e+00  2.385327211625075e+00  2.466820832922313e-05 
 7.400423371307081e-05  2.441970707483438e+00  2.441961821002048e+00  2.388627015527966e+00  2.470118810107761e-05 
 7.410423371307081e-05  2.445270480994009e+00  2.445261582278234e+00  2.391926819435905e+00  2.473415926293047e-05 
 7.420423371307081e-05  2.448570254470625e+00  2.448561343540372e+00  2.395226623347281e+00  2.476713964540762e-05 
 7.430423371307081e-05  2.451870027978861e+00  2.451861104815046e+00  2.398526427263340e+00  2.480011155421853e-05 
 7.440423371307082e-05  2.455169801456976e+00  2.455160866078219e+00  2.401826231182943e+00  2.483309142155219e-05 
 7.450423371307082e-05  2.458469574963713e+00  2.458460627351945e+00  2.405126035107418e+00  2.486606379710086e-05 
 7.460423371307082e-05  2.461769348442945e+00  2.461760388615899e+00  2.408425839035341e+00  2.489904327452420e-05 
 7.470423371307082e-05  2.465069121950659e+00  2.465060149890306e+00  2.411725642967715e+00  2.493201530457146e-05 
 7.480423371307083e-05  2.468368895426608e+00  2.468359911152150e+00  2.415025446903745e+00  2.496499583848302e-05 
 7.490423371307083e-05  2.471668668933782e+00  2.471659672426228e+00  2.418325250844224e+00  2.499796802440560e-05 
 7.500423371307083e-05  2.474968442412130e+00  2.474959433689702e+00  2.421625054788053e+00  2.503094774518983e-05 
 7.510423371307083e-05  2.478268215919941e+00  2.478259194964242e+00  2.424924858736703e+00  2.506391969396877e-05 
 7.520423371307084e-05  2.481567989398243e+00  2.481558956227730e+00  2.428224662688660e+00  2.509689940942392e-05 
 7.530423371307084e-05  2.484867762902843e+00  2.484858717500181e+00  2.431524466644799e+00  2.512987239559526e-05 
 7.540423371307084e-05  2.488167536379446e+00  2.488158478762605e+00  2.434824270603978e+00  2.516285264440155e-05 
 7.550423371307084e-05  2.491467309887277e+00  2.491458240037222e+00  2.438124074567977e+00  2.519582454122205e-05 
 7.560423371307085e-05  2.494767083363774e+00  2.494758001299615e+00  2.441423878534982e+00  2.522880480779191e-05 
 7.570423371307085e-05  2.498066856870688e+00  2.498057762573667e+00  2.444723682506443e+00  2.526177697994772e-05 
 7.580423371307085e-05  2.501366630345988e+00  2.501357523835316e+00  2.448023486481107e+00  2.529475761955252e-05 
 7.590423371307085e-05  2.504666403852384e+00  2.504657285109056e+00  2.451323290459955e+00  2.532772994003412e-05 
 7.600423371307085e-05  2.507966177327185e+00  2.507957046370428e+00  2.454623094441887e+00  2.536071072085929e-05 
 7.610423371307086e-05  2.511265950834691e+00  2.511256807644936e+00  2.457922898428162e+00  2.539368265098648e-05 
 7.620423371307086e-05  2.514565724310094e+00  2.514556568906746e+00  2.461222702417506e+00  2.542666321420793e-05 
 7.630423371307086e-05  2.517865497813909e+00  2.517856330178857e+00  2.464522506410798e+00  2.545963633582648e-05 
 7.640423371307086e-05  2.521165271291356e+00  2.521156091442064e+00  2.467822310406933e+00  2.549261620182788e-05 
 7.650423371307087e-05  2.524465044795110e+00  2.524455852714163e+00  2.471122114407108e+00  2.552558932344642e-05 
 7.660423371307087e-05  2.527764818270218e+00  2.527755613975872e+00  2.474421918410062e+00  2.555856993907040e-05 
 7.670423371307087e-05  2.531064591776072e+00  2.531055375249392e+00  2.477721722417201e+00  2.559154234304079e-05 
 7.680423371307087e-05  2.534364365250365e+00  2.534355136510609e+00  2.481021526427313e+00  2.562452320691063e-05 
 7.690423371307088e-05  2.537664138755489e+00  2.537654897783681e+00  2.484321330441788e+00  2.565749582848472e-05 
 7.700423371307088e-05  2.540963912228965e+00  2.540954659044405e+00  2.487621134458991e+00  2.569047694148862e-05 
 7.710423371307088e-05  2.544263685734851e+00  2.544254420318011e+00  2.490920938480482e+00  2.572344928861558e-05 
 7.720423371307088e-05  2.547563459209479e+00  2.547554181579542e+00  2.494220742504649e+00  2.575643000016283e-05 
 7.730423371307089e-05  2.550863232712823e+00  2.550853942851506e+00  2.497520546532415e+00  2.578940316130532e-05 
 7.740423371307089e-05  2.554163006187616e+00  2.554153704113192e+00  2.500820350562881e+00  2.582238379602513e-05 
 7.750423371307089e-05  2.557462779690589e+00  2.557453465384944e+00  2.504120154597280e+00  2.585535705753177e-05 
 7.760423371307089e-05  2.560762553165625e+00  2.560753226646828e+00  2.507419958634639e+00  2.588833759410787e-05 
 7.770423371307090e-05  2.564062326669375e+00  2.564052987919127e+00  2.510719762675779e+00  2.592131057628240e-05 
 7.780423371307090e-05  2.567362100142756e+00  2.567352749179970e+00  2.514019566719493e+00  2.595429163555151e-05 
 7.790423371307090e-05  2.570661873645441e+00  2.570652510451593e+00  2.517319370767415e+00  2.598726494724024e-05 
 7.800423371307090e-05  2.573961647118651e+00  2.573952271712369e+00  2.520619174817666e+00  2.602024604292464e-05 
 7.810423371307091e-05  2.577261420622162e+00  2.577252032984577e+00  2.523918978871552e+00  2.605321905662952e-05 
 7.820423371307091e-05  2.580561194096445e+00  2.580551794246100e+00  2.527218782928270e+00  2.608619977927899e-05 
 7.830423371307091e-05  2.583860967598250e+00  2.583851555517207e+00  2.530518586988906e+00  2.611917333654906e-05 
 7.840423371307091e-05  2.587160741071270e+00  2.587151316777942e+00  2.533818391052195e+00  2.615215445443793e-05 
 7.850423371307092e-05  2.590460514574759e+00  2.590451078050202e+00  2.537118195119447e+00  2.618512742995113e-05 
 7.860423371307092e-05  2.593760288047213e+00  2.593750839310608e+00  2.540417999189414e+00  2.621810871437346e-05 
 7.870423371307092e-05  2.597060061550335e+00  2.597050600582653e+00  2.543717803262758e+00  2.625108179025082e-05 
 7.880423371307092e-05  2.600359835021573e+00  2.600350361842303e+00  2.547017607338158e+00  2.628406345436942e-05 
 7.890423371307093e-05  2.603659608525611e+00  2.603650123114977e+00  2.550317411417616e+00  2.631703620783800e-05 
 7.900423371307093e-05  2.606959381997690e+00  2.606949884375226e+00  2.553617215499285e+00  2.635001757530501e-05 
 7.910423371307093e-05  2.610259155500338e+00  2.610249645647019e+00  2.556917019584496e+00  2.638299076264877e-05 
 7.920423371307093e-05  2.613558928970799e+00  2.613549406906244e+00  2.560216823672003e+00  2.641597264392700e-05 
 7.930423371307093e-05  2.616858702473003e+00  2.616849168177778e+00  2.563516627763307e+00  2.644894595383937e-05 
 7.940423371307094e-05  2.620158475945279e+00  2.620148929438245e+00  2.566816431857125e+00  2.648192721694541e-05 
 7.950423371307094e-05  2.623458249446557e+00  2.623448690709191e+00  2.570116235954250e+00  2.651490081418350e-05 
 7.960423371307094e-05  2.626758022918527e+00  2.626748451969499e+00  2.573416040053526e+00  2.654788215811379e-05 
 7.970423371307094e-05  2.630057796419950e+00  2.630048213240578e+00  2.576715844156248e+00  2.658085568252125e-05 
 7.980423371307095e-05  2.633357569890924e+00  2.633347974500265e+00  2.580015648261355e+00  2.661383733820215e-05 
 7.990423371307095e-05  2.636657343391972e+00  2.636647735771127e+00  2.583315452370220e+00  2.664681096608240e-05 
 8.000423371307095e-05  2.639957116863358e+00  2.639947497031132e+00  2.586615256481239e+00  2.667979246366753e-05 
 8.010423371307095e-05  2.643256890363797e+00  2.643247258301620e+00  2.589915060595659e+00  2.671276627095983e-05 
 8.020423371307096e-05  2.646556663834296e+00  2.646547019561086e+00  2.593214864712339e+00  2.674574804165984e-05 
 8.030423371307096e-05  2.649856437335971e+00  2.649846780832423e+00  2.596514668832255e+00  2.677872141774150e-05 
 8.040423371307096e-05  2.653156210805782e+00  2.653146542091474e+00  2.599814472954191e+00  2.681170339627526e-05 
 8.050423371307096e-05  2.656455984305366e+00  2.656446303361461e+00  2.603114277079505e+00  2.684467744159937e-05 
 8.060423371307097e-05  2.659755757777758e+00  2.659746064622257e+00  2.606414081207227e+00  2.687765854971828e-05 
 8.070423371307097e-05  2.663055531275541e+00  2.663045825891082e+00  2.609713885338561e+00  2.691063316969382e-05 
 8.080423371307097e-05  2.666355304747261e+00  2.666345587151486e+00  2.613013689471900e+00  2.694361447587652e-05 
 8.090423371307097e-05  2.669655078247681e+00  2.669645348422078e+00  2.616313493608201e+00  2.697658820545321e-05 
 8.100423371307098e-05  2.672954851716700e+00  2.672945109680733e+00  2.619613297746789e+00  2.700957038737982e-05 
 8.110423371307098e-05  2.676254625217584e+00  2.676244870951665e+00  2.622913101889140e+00  2.704254394109718e-05 
 8.120423371307098e-05  2.679554398687274e+00  2.679544632210808e+00  2.626212906032953e+00  2.707552588143926e-05 
 8.130423371307098e-05  2.682854172186651e+00  2.682844393480778e+00  2.629512710179732e+00  2.710849990988798e-05 
 8.140423371307099e-05  2.686153945656695e+00  2.686144154740192e+00  2.632812514328968e+00  2.714148171522695e-05 
 8.150423371307099e-05  2.689453719154773e+00  2.689443916009332e+00  2.636112318481291e+00  2.717445615268182e-05 
 8.160423371307099e-05  2.692753492624804e+00  2.692743677268777e+00  2.639412122635654e+00  2.720743794558629e-05 
 8.170423371307099e-05  2.696053266123870e+00  2.696043438538603e+00  2.642711926793531e+00  2.724041203309886e-05 
 8.180423371307100e-05  2.699353039592936e+00  2.699343199797455e+00  2.646011730953261e+00  2.727339412398721e-05 
 8.190423371307100e-05  2.702652813090533e+00  2.702642961066330e+00  2.649311535116178e+00  2.730636868134617e-05 
 8.200423371307100e-05  2.705952586560072e+00  2.705942722325539e+00  2.652611339280583e+00  2.733935059459882e-05 
 8.210423371307100e-05  2.709252360060041e+00  2.709242483596016e+00  2.655911143447990e+00  2.737232434460360e-05 
 8.220423371307101e-05  2.712552133528121e+00  2.712542244854294e+00  2.659210947617213e+00  2.740530672548218e-05 
 8.230423371307101e-05  2.715851907026357e+00  2.715842006123659e+00  2.662510751789691e+00  2.743828102615758e-05 
 8.240423371307101e-05  2.719151680494389e+00  2.719141767381951e+00  2.665810555964214e+00  2.747126340215118e-05 
 8.250423371307101e-05  2.722451453992861e+00  2.722441528651494e+00  2.669110360141636e+00  2.750423760512696e-05 
 8.260423371307102e-05  2.725751227460717e+00  2.725741289909708e+00  2.672410164320851e+00  2.753722002286495e-05 
 8.270423371307102e-05  2.729051000957950e+00  2.729041051178466e+00  2.675709968503234e+00  2.757019461486287e-05 
 8.280423371307102e-05  2.732350774426979e+00  2.732340812437499e+00  2.679009772687617e+00  2.760317662270653e-05 
 8.290423371307102e-05  2.735650547925423e+00  2.735640573707081e+00  2.682309576874923e+00  2.763615079592833e-05 
 8.300423371307102e-05  2.738950321392550e+00  2.738940334964892e+00  2.685609381063961e+00  2.766913341705917e-05 
 8.310423371307103e-05  2.742250094889223e+00  2.742240096233339e+00  2.688909185256012e+00  2.770210815116564e-05 
 8.320423371307103e-05  2.745549868357952e+00  2.745539857492246e+00  2.692208989449455e+00  2.773509022739904e-05 
 8.330423371307103e-05  2.748849641853777e+00  2.748839618760166e+00  2.695508793646145e+00  2.776806521907724e-05 
 8.340423371307103e-05  2.752149415321445e+00  2.752139380018412e+00  2.698808597844921e+00  2.780104762571300e-05 
 8.350423371307104e-05  2.755449188817383e+00  2.755439141286428e+00  2.702108402046601e+00  2.783402256365642e-05 
 8.360423371307104e-05  2.758748962284647e+00  2.758738902544450e+00  2.705408206250000e+00  2.786700508531129e-05 
 8.370423371307104e-05  2.762048735780961e+00  2.762038663812746e+00  2.708708010455839e+00  2.789997987714936e-05 
 8.380423371307104e-05  2.765348509248995e+00  2.765338425071310e+00  2.712007814663095e+00  2.793296212790981e-05 
 8.390423371307105e-05  2.768648282745989e+00  2.768638186340082e+00  2.715307618873714e+00  2.796593667638699e-05 
 8.400423371307105e-05  2.771948056213283e+00  2.771937947598198e+00  2.718607423085888e+00  2.799891915363292e-05 
 8.410423371307105e-05  2.775247829709127e+00  2.775237708866248e+00  2.721907227300970e+00  2.803189405826965e-05 
 8.420423371307105e-05  2.778547603175797e+00  2.778537470123984e+00  2.725207031517687e+00  2.806487672647397e-05 
 8.430423371307106e-05  2.781847376672204e+00  2.781837231392426e+00  2.728506835737370e+00  2.809785142727375e-05 
 8.440423371307106e-05  2.785147150141120e+00  2.785136992651692e+00  2.731806639958973e+00  2.813083333342096e-05 
 8.450423371307106e-05  2.788446923634159e+00  2.788436753917940e+00  2.735106444183041e+00  2.816380912668020e-05 
 8.460423371307106e-05  2.791746697101595e+00  2.791736515176261e+00  2.738406248408499e+00  2.819679150489426e-05 
 8.470423371307107e-05  2.795046470594923e+00  2.795036276442727e+00  2.741706052636495e+00  2.822976718357848e-05 
 8.480423371307107e-05  2.798346244063988e+00  2.798336037702165e+00  2.745005856866051e+00  2.826274900490466e-05 
 8.490423371307107e-05  2.801646017557271e+00  2.801635798968625e+00  2.748305661098309e+00  2.829572468181252e-05 
 8.500423371307107e-05  2.804945791023620e+00  2.804935560226305e+00  2.751605465332092e+00  2.832870738287943e-05 
 8.510423371307108e-05  2.808245564517977e+00  2.808235321493505e+00  2.754905269568650e+00  2.836168268497600e-05 
 8.520423371307108e-05  2.811545337982749e+00  2.811535082750183e+00  2.758205073806729e+00  2.839466588741962e-05 
 8.530423371307108e-05  2.814845111479437e+00  2.814834844018948e+00  2.761504878047801e+00  2.842764040081376e-05 
 8.540423371307108e-05  2.818144884944549e+00  2.818134605275895e+00  2.764804682290458e+00  2.846062347269515e-05 
 8.550423371307109e-05  2.821444658438006e+00  2.821434366542552e+00  2.768104486535901e+00  2.849359903325164e-05 
 8.560423371307109e-05  2.824744431904485e+00  2.824734127800432e+00  2.771404290782972e+00  2.852658163972755e-05 
 8.570423371307109e-05  2.828044205398376e+00  2.828033889067404e+00  2.774704095032850e+00  2.855955703819148e-05 
 8.580423371307109e-05  2.831343978864278e+00  2.831333650324943e+00  2.778003899283856e+00  2.859253981608582e-05 
 8.590423371307110e-05  2.834643752359451e+00  2.834633411592788e+00  2.781303703537190e+00  2.862551477223689e-05 
 8.600423371307110e-05  2.837943525824274e+00  2.837933172849652e+00  2.784603507792040e+00  2.865849788985948e-05 
 8.610423371307110e-05  2.841243299318913e+00  2.841232934117169e+00  2.787903312049768e+00  2.869147300410633e-05 
 8.620423371307110e-05  2.844543072782970e+00  2.844532695373568e+00  2.791203116309027e+00  2.872445635531983e-05 
 8.630423371307111e-05  2.847842846275626e+00  2.847832456639794e+00  2.794502920571086e+00  2.875743210861104e-05 
 8.640423371307111e-05  2.851142619741990e+00  2.851132217897759e+00  2.797802724834099e+00  2.879041467911572e-05 
 8.650423371307111e-05  2.854442393234751e+00  2.854431979164088e+00  2.801102529099227e+00  2.882339037645168e-05 
 8.660423371307111e-05  2.857742166698021e+00  2.857731740420033e+00  2.804402333365828e+00  2.885637395859158e-05 
 8.670423371307111e-05  2.861041940192912e+00  2.861031501687793e+00  2.807702137635081e+00  2.888934893295031e-05 
 8.680423371307112e-05  2.864341713656620e+00  2.864331262944075e+00  2.811001941905543e+00  2.892233234855676e-05 
 8.690423371307112e-05  2.867641487147927e+00  2.867631024209492e+00  2.814301746178511e+00  2.895530848998194e-05 
 8.700423371307112e-05  2.870941260614073e+00  2.870930785467416e+00  2.817601550452765e+00  2.898829108579970e-05 
 8.710423371307112e-05  2.874241034107314e+00  2.874230546734143e+00  2.820901354730129e+00  2.902126656597605e-05 
 8.720423371307113e-05  2.877540807570380e+00  2.877530307990062e+00  2.824201159009117e+00  2.905425016676769e-05 
 8.730423371307113e-05  2.880840581063880e+00  2.880830069256989e+00  2.827500963290380e+00  2.908722554169490e-05 
 8.740423371307113e-05  2.884140354527403e+00  2.884129830513252e+00  2.830800767572510e+00  2.912020897151220e-05 
 8.750423371307113e-05  2.887440128019410e+00  2.887429591779213e+00  2.834100571857199e+00  2.915318482294711e-05 
 8.760423371307114e-05  2.890739901484152e+00  2.890729353036313e+00  2.837400376143302e+00  2.918616783665283e-05 
 8.770423371307114e-05  2.894039674974335e+00  2.894029114301100e+00  2.840700180431791e+00  2.921914427028871e-05 
 8.780423371307114e-05  2.897339448437717e+00  2.897328875557341e+00  2.843999984721350e+00  2.925212771476095e-05 
 8.790423371307114e-05  2.900639221931629e+00  2.900628636824615e+00  2.847299789013290e+00  2.928510289917388e-05 
 8.800423371307115e-05  2.903938995394790e+00  2.903928398080746e+00  2.850599593306771e+00  2.931808640004545e-05 
 8.810423371307115e-05  2.907238768886240e+00  2.907228159346413e+00  2.853899397602876e+00  2.935106238204259e-05 
 8.820423371307115e-05  2.910538542347894e+00  2.910527920601578e+00  2.857199201900090e+00  2.938404636830368e-05 
 8.830423371307115e-05  2.913838315841286e+00  2.913827681868566e+00  2.860499006199791e+00  2.941702168372292e-05 
 8.840423371307116e-05  2.917138089303667e+00  2.917127443124252e+00  2.863798810500515e+00  2.945000541196817e-05 
 8.850423371307116e-05  2.920437862795020e+00  2.920427204389901e+00  2.867098614803342e+00  2.948298139085671e-05 
 8.860423371307116e-05  2.923737636258095e+00  2.923726965646087e+00  2.870398419107503e+00  2.951596487085608e-05 
 8.870423371307116e-05  2.927037409750483e+00  2.927026726912450e+00  2.873698223414196e+00  2.954894048781190e-05 
 8.880423371307117e-05  2.930337183210953e+00  2.930326488166948e+00  2.876998027721789e+00  2.958192481424533e-05 
 8.890423371307117e-05  2.933636956703000e+00  2.933626249433110e+00  2.880297832032031e+00  2.961490052490397e-05 
 8.900423371307117e-05  2.936936730165717e+00  2.936926010689126e+00  2.883597636342983e+00  2.964788409327711e-05 
 8.910423371307117e-05  2.940236503655531e+00  2.940225771953840e+00  2.886897440655750e+00  2.968086052247210e-05 
 8.920423371307118e-05  2.943536277117263e+00  2.943525533209240e+00  2.890197244970112e+00  2.971384440126358e-05 
 8.930423371307118e-05  2.946836050606738e+00  2.946825294473749e+00  2.893497049287097e+00  2.974682092815819e-05 
 8.940423371307118e-05  2.950135824071050e+00  2.950125055730886e+00  2.896796853604731e+00  2.977980393919937e-05 
 8.950423371307118e-05  2.953435597561279e+00  2.953424816995925e+00  2.900096657924638e+00  2.981278019608774e-05 
 8.960423371307119e-05  2.956735371022863e+00  2.956724578251296e+00  2.903396462245982e+00  2.984576409086645e-05 
 8.970423371307119e-05  2.960035144513224e+00  2.960024339516447e+00  2.906696266569806e+00  2.987874028735868e-05 
 8.980423371307119e-05  2.963334917975087e+00  2.963324100772032e+00  2.909996070894637e+00  2.991172407644415e-05 
 8.990423371307119e-05  2.966634691464722e+00  2.966623862036721e+00  2.913295875221512e+00  2.994470049764553e-05 
 9.000423371307120e-05  2.969934464927363e+00  2.969923623292864e+00  2.916595679549068e+00  2.997768401139570e-05 
 9.010423371307120e-05  2.973234238415736e+00  2.973223384556747e+00  2.919895483878793e+00  3.001066082961282e-05 
 9.020423371307120e-05  2.976534011876679e+00  2.976523145811798e+00  2.923195288209889e+00  3.004364489003680e-05 
 9.030423371307120e-05  2.979833785366999e+00  2.979822907076989e+00  2.926495092543545e+00  3.007662105055781e-05 
 9.040423371307120e-05  2.983133558827008e+00  2.983122668331454e+00  2.929794896878017e+00  3.010960540452476e-05 
 9.050423371307121e-05  2.986433332316986e+00  2.986422429596449e+00  2.933094701214468e+00  3.014258165608406e-05 
 9.060423371307121e-05  2.989733105778399e+00  2.989722190851874e+00  2.936394505552055e+00  3.017556553398737e-05 
 9.070423371307121e-05  2.993032879265881e+00  2.993021952115250e+00  2.939694309891641e+00  3.020854258979223e-05 
 9.080423371307121e-05  2.996332652727658e+00  2.996321713370952e+00  2.942994114231891e+00  3.024152633002790e-05 
 9.090423371307122e-05  2.999632426216472e+00  2.999621474635216e+00  2.946293918574295e+00  3.027450293597039e-05 
 9.100423371307122e-05  3.002932199677209e+00  3.002921235890265e+00  2.949593722917997e+00  3.030748700394388e-05 
 9.110423371307122e-05  3.006231973166113e+00  3.006220997154618e+00  2.952893527263991e+00  3.034046356192474e-05 
 9.120423371307122e-05  3.009531746627374e+00  3.009520758410049e+00  2.956193331610824e+00  3.037344744116032e-05 
 9.130423371307123e-05  3.012831520114440e+00  3.012820519673210e+00  2.959493135959991e+00  3.040642458844756e-05 
 9.140423371307123e-05  3.016131293574888e+00  3.016120280928132e+00  2.962792940309831e+00  3.043940872303444e-05 
 9.150423371307123e-05  3.019431067063519e+00  3.019420042192350e+00  2.966092744661536e+00  3.047238533741462e-05 
 9.160423371307123e-05  3.022730840524184e+00  3.022719803447457e+00  2.969392549014148e+00  3.050536938185138e-05 
 9.170423371307124e-05  3.026030614013405e+00  3.026019564712089e+00  2.972692353369199e+00  3.053834578395693e-05 
 9.180423371307124e-05  3.029330387472941e+00  3.029319325966478e+00  2.975992157725215e+00  3.057133018810597e-05 
 9.190423371307124e-05  3.032630160960982e+00  3.032619087230355e+00  2.979291962083072e+00  3.060430696280236e-05 
 9.200423371307124e-05  3.035929934419578e+00  3.035918848484156e+00  2.982591766441785e+00  3.063729166360298e-05 
 9.210423371307125e-05  3.039229707907923e+00  3.039218609748256e+00  2.985891570802996e+00  3.067026832105982e-05 
 9.220423371307125e-05  3.042529481369377e+00  3.042518371003976e+00  2.989191375165095e+00  3.070325206307184e-05 
 9.230423371307125e-05  3.045829254855665e+00  3.045818132266743e+00  2.992491179529033e+00  3.073622938222160e-05 
 9.240423371307125e-05  3.049129028313851e+00  3.049117893520335e+00  2.995790983893834e+00  3.076921419004773e-05 
 9.250423371307126e-05  3.052428801802329e+00  3.052417654784576e+00  2.999090788261085e+00  3.080219076712442e-05 
 9.260423371307126e-05  3.055728575261021e+00  3.055717416038531e+00  3.002390592629090e+00  3.083517539465031e-05 
 9.270423371307126e-05  3.059028348748937e+00  3.059017177302420e+00  3.005690396998875e+00  3.086815214270135e-05 
 9.280423371307126e-05  3.062328122206295e+00  3.062316938555533e+00  3.008990201369400e+00  3.090113719388837e-05 
 9.290423371307127e-05  3.065627895695364e+00  3.065616699820198e+00  3.012290005742305e+00  3.093411354670000e-05 
 9.300423371307127e-05  3.068927669152203e+00  3.068916461073001e+00  3.015589810115707e+00  3.096709875553868e-05 
 9.310423371307127e-05  3.072227442641565e+00  3.072216222337888e+00  3.018889614490848e+00  3.100007499244304e-05 
 9.320423371307127e-05  3.075527216099104e+00  3.075515983591190e+00  3.022189418866609e+00  3.103305995436813e-05 
 9.330423371307128e-05  3.078826989586101e+00  3.078815744854529e+00  3.025489223244419e+00  3.106603695821454e-05 
 9.340423371307128e-05  3.082126763044223e+00  3.082115506108248e+00  3.028789027622762e+00  3.109902171408222e-05 
 9.350423371307128e-05  3.085426536532401e+00  3.085415267372396e+00  3.032088832003306e+00  3.113199830847840e-05 
 9.360423371307128e-05  3.088726309991437e+00  3.088715028626745e+00  3.035388636384866e+00  3.116498275170728e-05 
 9.370423371307129e-05  3.092026083478827e+00  3.092014789890391e+00  3.038688440768388e+00  3.119795959124069e-05 
 9.380423371307129e-05  3.095325856935689e+00  3.095314551143341e+00  3.041988245152755e+00  3.123094473568643e-05 
 9.390423371307129e-05  3.098625630421975e+00  3.098614312406279e+00  3.045288049539397e+00  3.126392192382988e-05 
 9.400423371307129e-05  3.101925403878228e+00  3.101914073658858e+00  3.048587853926644e+00  3.129690725656944e-05 
 9.410423371307129e-05  3.105225177365499e+00  3.105213834922471e+00  3.051887658315530e+00  3.132988410232011e-05 
 9.420423371307130e-05  3.108524950822118e+00  3.108513596175325e+00  3.055187462704942e+00  3.136286929872429e-05 
 9.430423371307130e-05  3.111824724310145e+00  3.111813357439454e+00  3.058487267096551e+00  3.139584588024187e-05 
 9.440423371307130e-05  3.115124497767449e+00  3.115113118692792e+00  3.061787071489114e+00  3.142883083772605e-05 
 9.450423371307130e-05  3.118424271253017e+00  3.118412879955320e+00  3.065086875883492e+00  3.146180821371924e-05 
 9.460423371307131e-05  3.121724044710769e+00  3.121712641208986e+00  3.068386680278023e+00  3.149479300911086e-05 
 9.470423371307131e-05  3.125023818195934e+00  3.125012402471269e+00  3.071686484674765e+00  3.152777050234359e-05 
 9.480423371307131e-05  3.128323591654618e+00  3.128312163725583e+00  3.074986289072123e+00  3.156075497577054e-05 
 9.490423371307131e-05  3.131623365140118e+00  3.131611924988107e+00  3.078286093471538e+00  3.159373234465829e-05 
 9.500423371307132e-05  3.134923138597145e+00  3.134911686241351e+00  3.081585897871856e+00  3.162671735276865e-05 
 9.510423371307132e-05  3.138222912082380e+00  3.138211447503733e+00  3.084885702274001e+00  3.165969478782569e-05 
 9.520423371307132e-05  3.141522685539161e+00  3.141511208756848e+00  3.088185506676860e+00  3.169267986343760e-05 
 9.530423371307132e-05  3.144822459024545e+00  3.144810970019339e+00  3.091485311081167e+00  3.172565723809852e-05 
 9.540423371307133e-05  3.148122232481342e+00  3.148110731272500e+00  3.094785115485920e+00  3.175864229195006e-05 
 9.550423371307133e-05  3.151422005965682e+00  3.151410492534323e+00  3.098084919892589e+00  3.179161999656926e-05 
 9.560423371307133e-05  3.154721779424164e+00  3.154710253788623e+00  3.101384724300132e+00  3.182460448243071e-05 
 9.570423371307133e-05  3.158021552907153e+00  3.158010015049577e+00  3.104684528709897e+00  3.185758261648417e-05 
 9.580423371307134e-05  3.161321326362987e+00  3.161309776302160e+00  3.107984333120134e+00  3.189056796343459e-05 
 9.590423371307134e-05  3.164621099849684e+00  3.164609537565592e+00  3.111284137532361e+00  3.192354485226191e-05 
 9.600423371307134e-05  3.167920873303378e+00  3.167909298816789e+00  3.114583941945262e+00  3.195653089376785e-05 
 9.610423371307134e-05  3.171220646789229e+00  3.171209060079671e+00  3.117883746359870e+00  3.198950805304551e-05 
 9.620423371307135e-05  3.174520420245488e+00  3.174508821332596e+00  3.121183550774898e+00  3.202249323213021e-05 
 9.630423371307135e-05  3.177820193730287e+00  3.177808582594807e+00  3.124483355191888e+00  3.205547072136614e-05 
 9.640423371307135e-05  3.181119967187253e+00  3.181108343848230e+00  3.127783159609086e+00  3.208845565442542e-05 
 9.650423371307135e-05  3.184419740671591e+00  3.184408105110157e+00  3.131082964027853e+00  3.212143327999673e-05 
 9.660423371307136e-05  3.187719514125224e+00  3.187707866361407e+00  3.134382768447010e+00  3.215441930151867e-05 
 9.670423371307136e-05  3.191019287609918e+00  3.191007627623593e+00  3.137682572868094e+00  3.218739679253096e-05 
 9.680423371307136e-05  3.194319061064817e+00  3.194307388875715e+00  3.140982377289825e+00  3.222038238017773e-05 
 9.690423371307136e-05  3.197618834550032e+00  3.197607150138262e+00  3.144282181713814e+00  3.225335968511664e-05 
 9.700423371307137e-05  3.200918608005371e+00  3.200906911390697e+00  3.147581986138199e+00  3.228634511866447e-05 
 9.710423371307137e-05  3.204218381490223e+00  3.204206672653024e+00  3.150881790564367e+00  3.231932252840843e-05 
 9.720423371307137e-05  3.207518154944794e+00  3.207506433904990e+00  3.154181594991083e+00  3.235230819821169e-05 
 9.730423371307137e-05  3.210817928426082e+00  3.210806195164980e+00  3.157481399419014e+00  3.238528677102530e-05 
 9.740423371307137e-05  3.214117701882434e+00  3.214105956418147e+00  3.160781203847767e+00  3.241827184264042e-05 
 9.750423371307138e-05  3.217417475365203e+00  3.217405717679146e+00  3.164081008278697e+00  3.245124990652779e-05 
 9.760423371307138e-05  3.220717248822422e+00  3.220705478932912e+00  3.167380812710146e+00  3.248423467882676e-05 
 9.770423371307138e-05  3.224017022305785e+00  3.224005240194317e+00  3.170680617143432e+00  3.251721253532448e-05 
 9.780423371307138e-05  3.227316795759855e+00  3.227305001446036e+00  3.173980421577188e+00  3.255019833346955e-05 
 9.790423371307139e-05  3.230616569243774e+00  3.230604762707825e+00  3.177280226012326e+00  3.258317599279163e-05 
 9.800423371307139e-05  3.233916342696950e+00  3.233904523958985e+00  3.180580030447605e+00  3.261616207204516e-05 
 9.810423371307139e-05  3.237216116181070e+00  3.237204285220933e+00  3.183879834885022e+00  3.264913964699031e-05 
 9.820423371307139e-05  3.240515889634639e+00  3.240504046472377e+00  3.187179639322775e+00  3.268212558679983e-05 
 9.830423371307140e-05  3.243815663118107e+00  3.243803807733913e+00  3.190479443762285e+00  3.271510336202920e-05 
 9.840423371307140e-05  3.247115436573244e+00  3.247103568986425e+00  3.193779248202193e+00  3.274808876937576e-05 
 9.850423371307140e-05  3.250415210053021e+00  3.250403330245538e+00  3.197079052643904e+00  3.278106775208370e-05 
 9.860423371307140e-05  3.253714983509201e+00  3.253703091498775e+00  3.200378857086382e+00  3.281405279838573e-05 
 9.870423371307141e-05  3.257014756991550e+00  3.257002852759602e+00  3.203678661530157e+00  3.284703091911652e-05 
 9.880423371307141e-05  3.260314530446048e+00  3.260302614011751e+00  3.206978465974818e+00  3.288001651031600e-05 
 9.890423371307141e-05  3.263614303928048e+00  3.263602375272376e+00  3.210278270421051e+00  3.291299472785824e-05 
 9.900423371307141e-05  3.266914077380486e+00  3.266902136523188e+00  3.213578074867341e+00  3.294598098918836e-05 
 9.910423371307142e-05  3.270213850864851e+00  3.270201897785393e+00  3.216877879315937e+00  3.297895841136680e-05 
 9.920423371307142e-05  3.273513624317294e+00  3.273501659036243e+00  3.220177683764898e+00  3.301194465759788e-05 
 9.930423371307142e-05  3.276813397801334e+00  3.276801420298259e+00  3.223477488215039e+00  3.304492216815009e-05 
 9.940423371307142e-05  3.280113171255165e+00  3.280101181550046e+00  3.226777292665655e+00  3.307790794808750e-05 
 9.950423371307143e-05  3.283412944734588e+00  3.283400942809028e+00  3.230077097118054e+00  3.311088697120757e-05 
 9.960423371307143e-05  3.286712718189401e+00  3.286700704061500e+00  3.233376901570482e+00  3.314387240830809e-05 
 9.970423371307143e-05  3.290012491672806e+00  3.290000465323123e+00  3.236676706024844e+00  3.317685010715413e-05 
 9.980423371307143e-05  3.293312265124727e+00  3.293300226573716e+00  3.239976510479849e+00  3.320983648705605e-05 
 9.990423371307144e-05  3.296612038603980e+00  3.296599987832622e+00  3.243276314936167e+00  3.324281553815374e-05 
 9.999999999999999e-05  3.299772109120694e+00  3.299760046663184e+00  3.246436415140524e+00  3.327440375700170e-05 
 1.000003259882220e-04  3.299772742974204e+00  3.299760829906913e+00  3.246446980108243e+00  3.316426726723663e-05 
 1.000009779646661e-04  3.299772887608000e+00  3.299760966057206e+00  3.246468082639584e+00  3.313617713517978e-05 
 1.000015115402642e-04  3.299772818923383e+00  3.299760876351135e+00  3.246485332379374e+00  3.314759853490809e-05 
 1.000017790042360e-04  3.299772865759747e+00  3.299760942593379e+00  3.246493975523352e+00  3.314023506355922e-05 
 1.000020418904136e-04  3.299772834155693e+00  3.299760896765146e+00  3.246502467438509e+00  3.314513271387596e-05 
 1.000025676627688e-04  3.299772859121488e+00  3.299760931858369e+00  3.246519445199648e+00  3.314116128683601e-05 
 1.000031307574869e-04  3.299772838780418e+00  3.299760902678767e+00  3.246537618241798e+00  3.314435112570667e-05 
 1.000039692790152e-04  3.299772857288879e+00  3.299760928432823e+00  3.246564664588927e+00  3.314136217678656e-05 
 1.000056463220719e-04  3.299772841265867e+00  3.299760905323227e+00  3.246618705239093e+00  3.314385927310936e-05 
 1.000086212975301e-04  3.299772858356263e+00  3.299760928395358e+00  3.246714420014625e+00  3.314101040663951e-05 
 1.000145712484467e-04  3.299772844678357e+00  3.299760907536312e+00  3.246905317957621e+00  3.314300611640219e-05 
 1.000264711502798e-04  3.299772864126218e+00  3.299760931434281e+00  3.247285054286773e+00  3.313948101970552e-05 
 1.000502709539460e-04  3.299772856518611e+00  3.299760914179014e+00  3.248036378641042e+00  3.313991588516635e-05 
 1.000978705612784e-04  3.299772887183340e+00  3.299760944177566e+00  3.249507010161556e+00  3.313343990029509e-05 
 1.001930697759431e-04  3.299772901115003e+00  3.299760938921561e+00  3.252324689788737e+00  3.312824314046606e-05 
 1.002930697759431e-04  3.299772945459171e+00  3.299760976471317e+00  3.255114706312682e+00  3.311818209039564e-05 
 1.003930697759431e-04  3.299772957426491e+00  3.299760970151520e+00  3.257740768660873e+00  3.311350254386051e-05 
 1.004930697759431e-04  3.299772998435068e+00  3.299761005827315e+00  3.260212512188313e+00  3.310431178991064e-05 
 1.005930697759431e-04  3.299773007313924e+00  3.299760997819985e+00  3.262539005722776e+00  3.310044382706590e-05 
 1.006930697759431e-04  3.299773045364723e+00  3.299761031831353e+00  3.264728785377604e+00  3.309202444053157e-05 
 1.007930697759431e-04  3.299773051512651e+00  3.299761022334895e+00  3.266789885199581e+00  3.308887429993402e-05 
 1.008930697759431e-04  3.299773086939528e+00  3.299761054866900e+00  3.268729867493364e+00  3.308113892535894e-05 
 1.009930697759431e-04  3.299773090670925e+00  3.299761044055529e+00  3.270555849610560e+00  3.307862431461334e-05 
 1.010930697759432e-04  3.299773123771613e+00  3.299761075273424e+00  3.272274531167999e+00  3.307149491397688e-05 
 1.011930697759432e-04  3.299773125363184e+00  3.299761063300261e+00  3.273892217427704e+00  3.306954353402746e-05 
 1.012930697759432e-04  3.299773156398566e+00  3.299761093348544e+00  3.275414843753375e+00  3.306295192675722e-05 
 1.013930697759432e-04  3.299773156098935e+00  3.299761080351554e+00  3.276847995984090e+00  3.306149856976480e-05 
 1.014930697759432e-04  3.299773185302391e+00  3.299761109359738e+00  3.278196932431304e+00  3.305538360610875e-05 
 1.015930697759432e-04  3.299773183329957e+00  3.299761095459901e+00  3.279466601598295e+00  3.305437112134462e-05 
 1.016930697759432e-04  3.299773210907738e+00  3.299761123542408e+00  3.280661661994395e+00  3.304867878939664e-05 
 1.017930697759432e-04  3.299773207457619e+00  3.299761108847973e+00  3.281786497507515e+00  3.304805600490515e-05 
 1.018930697759432e-04  3.299773233590841e+00  3.299761136105104e+00  3.282845235276479e+00  3.304273899273299e-05 
 1.019930697759432e-04  3.299773228832279e+00  3.299761120709606e+00  3.283841758994229e+00  3.304246175849711e-05 
 1.020930697759432e-04  3.299773253684559e+00  3.299761147232310e+00  3.284779725054515e+00  3.303747710579875e-05 
 1.021930697759432e-04  3.299773247771447e+00  3.299761131221184e+00  3.285662574024471e+00  3.303750501636166e-05 
 1.022930697759432e-04  3.299773271484348e+00  3.299761157087811e+00  3.286493545257063e+00  3.303281578290836e-05 
 1.023930697759432e-04  3.299773264550263e+00  3.299761140534961e+00  3.287275686749978e+00  3.303311393241402e-05 
 1.024930697759432e-04  3.299773287252345e+00  3.299761165816997e+00  3.288011868395632e+00  3.302868635543540e-05 
 1.025930697759432e-04  3.299773279417427e+00  3.299761148789051e+00  3.288704790409474e+00  3.302922323975111e-05 
 1.026930697759432e-04  3.299773301220672e+00  3.299761173548568e+00  3.289356995370265e+00  3.302502804177779e-05 
 1.027930697759432e-04  3.299773292590907e+00  3.299761156104257e+00  3.289970875390114e+00  3.302577589422566e-05 
 1.028930697759432e-04  3.299773313593407e+00  3.299761180395532e+00  3.290548683075657e+00  3.302178749882771e-05 
 1.029930697759432e-04  3.299773304262188e+00  3.299761162586571e+00  3.291092537583577e+00  3.302272187584944e-05 
 1.030930697759432e-04  3.299773324554427e+00  3.299761186460036e+00  3.291604434628598e+00  3.301891645319984e-05 
 1.031930697759432e-04  3.299773314603699e+00  3.299761168331685e+00  3.292086251551978e+00  3.302001597456448e-05 
 1.032930697759432e-04  3.299773334263043e+00  3.299761191830185e+00  3.292539756481563e+00  3.301637333192681e-05 
 1.033930697759432e-04  3.299773323766437e+00  3.299761173423230e+00  3.292966612531634e+00  3.301761870861949e-05 
 1.034930697759432e-04  3.299773342861350e+00  3.299761196584679e+00  3.293368386205615e+00  3.301412098428163e-05 
 1.035930697759432e-04  3.299773331885881e+00  3.299761177936438e+00  3.293746550827235e+00  3.301549453222589e-05 
 1.036930697759432e-04  3.299773350478964e+00  3.299761200795722e+00  3.294102494276447e+00  3.301212525491901e-05 
 1.037930697759432e-04  3.299773339081214e+00  3.299761181937387e+00  3.294437521740096e+00  3.301361223790260e-05 
 1.038930697759432e-04  3.299773357226283e+00  3.299761204524320e+00  3.294752862849770e+00  3.301035736641405e-05 
 1.039930697759432e-04  3.299773345457178e+00  3.299761185484065e+00  3.295049673835540e+00  3.301194445643156e-05 
 1.040930697759432e-04  3.299773363202098e+00  3.299761207825192e+00  3.295329044133907e+00  3.300879148565326e-05 
 1.041930697759432e-04  3.299773351107458e+00  3.299761188628444e+00  3.295591998010226e+00  3.301046663944940e-05 
 1.042930697759432e-04  3.299773368495404e+00  3.299761210747790e+00  3.295839500698198e+00  3.300740424199785e-05 
 1.043930697759432e-04  3.299773356114334e+00  3.299761191416061e+00  3.296072459551766e+00  3.300915729170604e-05 
 1.044930697759432e-04  3.299773373182883e+00  3.299761213334485e+00  3.296291729769732e+00  3.300617564832473e-05 
 1.045930697759432e-04  3.299773360551109e+00  3.299761193887570e+00  3.296498115134323e+00  3.300799721700130e-05 
 1.046930697759432e-04  3.299773377334110e+00  3.299761215623907e+00  3.296692373360145e+00  3.300508745301142e-05 
 1.047930697759432e-04  3.299773364483910e+00  3.299761196079739e+00  3.296875216469973e+00  3.300696903101893e-05 
 1.048930697759432e-04  3.299773381010824e+00  3.299761217650343e+00  3.297047315816619e+00  3.300412345390717e-05 
 1.049930697759432e-04  3.299773367969632e+00  3.299761198024045e+00  3.297209302131763e+00  3.300605788030710e-05 
 1.050930697759432e-04  3.299773384266190e+00  3.299761219443161e+00  3.297361770256650e+00  3.300326979986952e-05 
 1.051930697759433e-04  3.299773371058318e+00  3.299761199748124e+00  3.297505278904995e+00  3.300525073306792e-05 
 1.052930697759433e-04  3.299773387149373e+00  3.299761221029735e+00  3.297640355133058e+00  3.300251354347751e-05 
 1.053930697759433e-04  3.299773373797275e+00  3.299761201278423e+00  3.297767493853135e+00  3.300453506021251e-05 
 1.054930697759433e-04  3.299773389702081e+00  3.299761222433102e+00  3.297887162070063e+00  3.300184382142089e-05 
 1.055930697759433e-04  3.299773376225138e+00  3.299761202636227e+00  3.297999798172136e+00  3.300390083731511e-05 
 1.056930697759433e-04  3.299773391961613e+00  3.299761223673903e+00  3.298105815961923e+00  3.300125089304692e-05 
 1.057930697759433e-04  3.299773378376280e+00  3.299761203840463e+00  3.298205603750112e+00  3.300333914351167e-05 
 1.058930697759433e-04  3.299773393961750e+00  3.299761224770914e+00  3.298299528206771e+00  3.300072588234454e-05 
 1.059930697759433e-04  3.299773380283551e+00  3.299761204909502e+00  3.298387933280018e+00  3.300284127953864e-05 
 1.060930697759433e-04  3.299773395732561e+00  3.299761225740843e+00  3.298471143882176e+00  3.300026089207531e-05 
 1.061930697759433e-04  3.299773381975094e+00  3.299761205858970e+00  3.298549464657822e+00  3.300239986019244e-05 
 1.062930697759433e-04  3.299773397300398e+00  3.299761226598310e+00  3.298623183525729e+00  3.299984901443158e-05 
 1.063930697759433e-04  3.299773383475605e+00  3.299761206702569e+00  3.298692570311911e+00  3.300200841420510e-05 
 1.064930697759433e-04  3.299773398688052e+00  3.299761227355923e+00  3.298757880161447e+00  3.299948430350290e-05 
 1.065930697759433e-04  3.299773384806523e+00  3.299761207452145e+00  3.298819352051698e+00  3.300166135449028e-05 
 1.066930697759433e-04  3.299773399915706e+00  3.299761228024819e+00  3.298877212091849e+00  3.299916150660209e-05 
 1.067930697759433e-04  3.299773385985996e+00  3.299761208117616e+00  3.298931671930579e+00  3.300135401899942e-05 
 1.068930697759433e-04  3.299773401001322e+00  3.299761228614940e+00  3.298982931954023e+00  3.299887593325889e-05 
 1.069930697759433e-04  3.299773387032459e+00  3.299761208709353e+00  3.299031179600401e+00  3.300108148766815e-05 
 1.070930697759433e-04  3.299773401961827e+00  3.299761229135739e+00  3.299076592465098e+00  3.299862310527773e-05 
 1.071930697759433e-04  3.299773387961173e+00  3.299761209235814e+00  3.299119336537072e+00  3.300083976546997e-05 
 1.072930697759433e-04  3.299773402812333e+00  3.299761229595694e+00  3.299159569222573e+00  3.299839900453942e-05 
 1.073930697759433e-04  3.299773388786312e+00  3.299761209704936e+00  3.299197437508098e+00  3.300062508919289e-05 
 1.074930697759433e-04  3.299773403563762e+00  3.299761230000667e+00  3.299233080912632e+00  3.299820089412215e-05 
 1.075930697759433e-04  3.299773389517914e+00  3.299761210122088e+00  3.299266629587897e+00  3.300043495994691e-05 
 1.076930697759433e-04  3.299773404228305e+00  3.299761230357523e+00  3.299298207205806e+00  3.299802551441113e-05 
 1.077930697759433e-04  3.299773390168073e+00  3.299761210494135e+00  3.299327929003589e+00  3.300026610657093e-05 
 1.078930697759433e-04  3.299773404815417e+00  3.299761230671442e+00  3.299355904614783e+00  3.299787042824476e-05 
 1.079930697759433e-04  3.299773390744474e+00  3.299761210825161e+00  3.299382236064230e+00  3.300011663102764e-05 
 1.080930697759433e-04  3.299773405333942e+00  3.299761230947339e+00  3.299407020546778e+00  3.299773331303647e-05 
 1.081930697759433e-04  3.299773391257258e+00  3.299761211120974e+00  3.299430348380824e+00  3.299998375820358e-05 
 1.082930697759433e-04  3.299773405792395e+00  3.299761231190007e+00  3.299452305742259e+00  3.299761189371724e-05 
 1.083930697759433e-04  3.299773391712832e+00  3.299761211385037e+00  3.299472972580540e+00  3.299986586806131e-05 
 1.084930697759433e-04  3.299773406196925e+00  3.299761231402788e+00  3.299492425308365e+00  3.299750460531669e-05 
 1.085930697759433e-04  3.299773392117468e+00  3.299761211620803e+00  3.299510734686936e+00  3.299976133523431e-05 
 1.086930697759433e-04  3.299773406553784e+00  3.299761231589135e+00  3.299527968480834e+00  3.299740981491880e-05 
 1.087930697759433e-04  3.299773392477439e+00  3.299761211831804e+00  3.299544189312920e+00  3.299966848372991e-05 
 1.088930697759433e-04  3.299773406868373e+00  3.299761231752060e+00  3.299559457284956e+00  3.299732610099399e-05 
 1.089930697759433e-04  3.299773392797797e+00  3.299761212020826e+00  3.299573827808794e+00  3.299958599637949e-05 
 1.090930697759433e-04  3.299773407146191e+00  3.299761231894673e+00  3.299587354197563e+00  3.299725198072839e-05 
 1.091930697759433e-04  3.299773393083367e+00  3.299761212190581e+00  3.299600085475441e+00  3.299951258843300e-05 
 1.092930697759433e-04  3.299773407390497e+00  3.299761232018690e+00  3.299612068941244e+00  3.299718666364321e-05 
 1.093930697759434e-04  3.299773393337355e+00  3.299761212342760e+00  3.299623347960809e+00  3.299944747562886e-05 
 1.094930697759434e-04  3.299773407605644e+00  3.299761232126569e+00  3.299633964503899e+00  3.299712897823112e-05 
 1.095930697759434e-04  3.299773393563773e+00  3.299761212479641e+00  3.299643956921536e+00  3.299938957394532e-05 
 1.096930697759434e-04  3.299773407794635e+00  3.299761232219942e+00  3.299653362464245e+00  3.299707815977049e-05 
 1.097930697759434e-04  3.299773393765660e+00  3.299761212602895e+00  3.299662215042286e+00  3.299933809778857e-05 
 1.098930697759434e-04  3.299773407960938e+00  3.299761232300800e+00  3.299670547723047e+00  3.299703325791042e-05 
 1.099930697759434e-04  3.299773393946097e+00  3.299761212714253e+00  3.299678390481398e+00  3.299929222204086e-05 
 1.100930697759434e-04  3.299773408106906e+00  3.299761232370402e+00  3.299685772679675e+00  3.299699368378860e-05 
 1.101930697759434e-04  3.299773394107115e+00  3.299761212814806e+00  3.299692720807470e+00  3.299925143955230e-05 
 1.102930697759434e-04  3.299773408234818e+00  3.299761232430005e+00  3.299699260943446e+00  3.299695884410186e-05 
 1.103930697759434e-04  3.299773394251495e+00  3.299761212906150e+00  3.299705416489634e+00  3.299921498782171e-05 
 1.104930697759434e-04  3.299773408347103e+00  3.299761232481011e+00  3.299711210616809e+00  3.299692807049592e-05 
 1.105930697759434e-04  3.299773394380753e+00  3.299761212989095e+00  3.299716663990653e+00  3.299918249026147e-05 
 1.106930697759434e-04  3.299773408444873e+00  3.299761232523948e+00  3.299721797205279e+00  3.299690112715943e-05 
 1.107930697759434e-04  3.299773394496587e+00  3.299761213064563e+00  3.299726628502460e+00  3.299915351299639e-05 
 1.108930697759434e-04  3.299773408530373e+00  3.299761232560135e+00  3.299731176193539e+00  3.299687737815663e-05 
 1.109930697759434e-04  3.299773394600806e+00  3.299761213133595e+00  3.299735456374072e+00  3.299912755864657e-05 
 1.110930697759434e-04  3.299773408604618e+00  3.299761232590079e+00  3.299739485332807e+00  3.299685659256113e-05 
 1.111930697759434e-04  3.299773394694141e+00  3.299761213196535e+00  3.299743277262476e+00  3.299910447533350e-05 
 1.112930697759434e-04  3.299773408668855e+00  3.299761232614485e+00  3.299746846659242e+00  3.299683843819421e-05 
 1.113930697759434e-04  3.299773394778229e+00  3.299761213254326e+00  3.299750206030796e+00  3.299908381097435e-05 
 1.114930697759434e-04  3.299773408724396e+00  3.299761232634083e+00  3.299753368286497e+00  3.299682256644582e-05 
 1.115930697759434e-04  3.299773394854108e+00  3.299761213307549e+00  3.299756344442168e+00  3.299906529112200e-05 
 1.116930697759434e-04  3.299773408772300e+00  3.299761232649488e+00  3.299759145999394e+00  3.299680868554937e-05 
 1.117930697759434e-04  3.299773394922541e+00  3.299761213356612e+00  3.299761782651839e+00  3.299904872570627e-05 
 1.118930697759434e-04  3.299773408813476e+00  3.299761232661181e+00  3.299764264654919e+00  3.299679656724299e-05 
 1.119930697759434e-04  3.299773394984697e+00  3.299761213402199e+00  3.299766600530975e+00  3.299903378654523e-05 
 1.120930697759434e-04  3.299773408848491e+00  3.299761232669478e+00  3.299768799431618e+00  3.299678606764179e-05 
 1.121930697759434e-04  3.299773395041036e+00  3.299761213444524e+00  3.299770868841089e+00  3.299902037727152e-05 
 1.122930697759434e-04  3.299773408878033e+00  3.299761232674745e+00  3.299772816932308e+00  3.299677701355096e-05 
 1.123930697759434e-04  3.299773395092295e+00  3.299761213484016e+00  3.299774650270739e+00  3.299900829316001e-05 
 1.124930697759434e-04  3.299773408903009e+00  3.299761232677517e+00  3.299776376162152e+00  3.299676914562242e-05 
 1.125930697759434e-04  3.299773395139041e+00  3.299761213520986e+00  3.299778000357145e+00  3.299899738810535e-05 
 1.126930697759434e-04  3.299773408923822e+00  3.299761232678009e+00  3.299779529393831e+00  3.299676236748880e-05 
 1.127930697759434e-04  3.299773395181966e+00  3.299761213555833e+00  3.299780968302859e+00  3.299898747114920e-05 
 1.128930697759434e-04  3.299773408940922e+00  3.299761232676460e+00  3.299782322941180e+00  3.299675656368691e-05 
 1.129930697759434e-04  3.299773395221180e+00  3.299761213588587e+00  3.299783597699586e+00  3.299897853340975e-05 
 1.130930697759434e-04  3.299773408954765e+00  3.299761232673124e+00  3.299784797831617e+00  3.299675161564493e-05 
 1.131930697759434e-04  3.299773395257389e+00  3.299761213619665e+00  3.299785927163412e+00  3.299897037193824e-05 
 1.132930697759434e-04  3.299773408965700e+00  3.299761232668208e+00  3.299786990414342e+00  3.299674742610731e-05 
 1.133930697759434e-04  3.299773395290823e+00  3.299761213649185e+00  3.299787990908347e+00  3.299896293433214e-05 
 1.134930697759435e-04  3.299773408974015e+00  3.299761232661847e+00  3.299788932892118e+00  3.299674393112523e-05 
 1.135930697759435e-04  3.299773395321769e+00  3.299761213677312e+00  3.299789819245300e+00  3.299895614287584e-05 
 1.136930697759435e-04  3.299773408979966e+00  3.299761232654194e+00  3.299790653794335e+00  3.299674105964439e-05 
 1.137930697759435e-04  3.299773395350441e+00  3.299761213704146e+00  3.299791439025803e+00  3.299894995138407e-05 
 1.138930697759435e-04  3.299773408984009e+00  3.299761232645509e+00  3.299792178394109e+00  3.299673868643165e-05 
 1.139930697759435e-04  3.299773395377247e+00  3.299761213729925e+00  3.299792874038747e+00  3.299894424439362e-05 
 1.140930697759435e-04  3.299773408986262e+00  3.299761232635854e+00  3.299793529084532e+00  3.299673678306529e-05 
 1.141930697759435e-04  3.299773395402332e+00  3.299761213754740e+00  3.299794145361765e+00  3.299893898149239e-05 
 1.142930697759435e-04  3.299773408986770e+00  3.299761232625233e+00  3.299794725703701e+00  3.299673534998941e-05 
 1.143930697759435e-04  3.299773395425753e+00  3.299761213778589e+00  3.299795271667067e+00  3.299893416534490e-05 
 1.144930697759435e-04  3.299773408986031e+00  3.299761232613956e+00  3.299795785825472e+00  3.299673423665776e-05 
 1.145930697759435e-04  3.299773395447809e+00  3.299761213801665e+00  3.299796269494800e+00  3.299892970224834e-05 
 1.146930697759435e-04  3.299773408984011e+00  3.299761232601985e+00  3.299796725020460e+00  3.299673346394254e-05 
 1.147930697759435e-04  3.299773395468815e+00  3.299761213824158e+00  3.299797153503008e+00  3.299892549938805e-05 
 1.148930697759435e-04  3.299773408980924e+00  3.299761232589448e+00  3.299797557082913e+00  3.299673296922716e-05 
 1.149930697759435e-04  3.299773395488718e+00  3.299761213846013e+00  3.299797936672471e+00  3.299892158740619e-05 
 1.150930697759435e-04  3.299773408976869e+00  3.299761232576393e+00  3.299798294232662e+00  3.299673273163943e-05 
 1.151930697759435e-04  3.299773395507642e+00  3.299761213867302e+00  3.299798630507231e+00  3.299891793077563e-05 
 1.152930697759435e-04  3.299773408971926e+00  3.299761232562861e+00  3.299798947297082e+00  3.299673273163943e-05 
 1.153930697759435e-04  3.299773395525673e+00  3.299761213888075e+00  3.299799245197178e+00  3.299891450640373e-05 
 1.154930697759435e-04  3.299773408966259e+00  3.299761232548950e+00  3.299799525867598e+00  3.299673292126552e-05 
 1.155930697759435e-04  3.299773395542944e+00  3.299761213908401e+00  3.299799789771330e+00  3.299891128231606e-05 
 1.156930697759435e-04  3.299773408959953e+00  3.299761232534703e+00  3.299800038441948e+00  3.299673328142187e-05 
 1.157930697759435e-04  3.299773395559711e+00  3.299761213928445e+00  3.299800272226407e+00  3.299890817635612e-05 
 1.158930697759435e-04  3.299773408952967e+00  3.299761232520094e+00  3.299800492546819e+00  3.299673382631933e-05 
 1.159930697759435e-04  3.299773395575730e+00  3.299761213948041e+00  3.299800699647364e+00  3.299890527245677e-05 
 1.160930697759435e-04  3.299773408945487e+00  3.299761232505237e+00  3.299800894852009e+00  3.299673449911448e-05 
 1.161930697759435e-04  3.299773395591270e+00  3.299761213967356e+00  3.299801078313144e+00  3.299890248979378e-05 
 1.162930697759435e-04  3.299773408937667e+00  3.299761232490220e+00  3.299801251267098e+00  3.299673525717477e-05 
 1.163930697759435e-04  3.299773395606284e+00  3.299761213986352e+00  3.299801413785371e+00  3.299889984657480e-05 
 1.164930697759435e-04  3.299773408929218e+00  3.299761232474846e+00  3.299801567025862e+00  3.299673619997616e-05 
 1.165930697759435e-04  3.299773395620765e+00  3.299761214005023e+00  3.299801710989811e+00  3.299889734679663e-05 
 1.166930697759435e-04  3.299773408920560e+00  3.299761232459395e+00  3.299801846766348e+00  3.299673718763057e-05 
 1.167930697759435e-04  3.299773395635233e+00  3.299761214023705e+00  3.299801974292630e+00  3.299889482392583e-05 
 1.168930697759435e-04  3.299773408911642e+00  3.299761232443831e+00  3.299802094597270e+00  3.299673823967791e-05 
 1.169930697759435e-04  3.299773395649182e+00  3.299761214042058e+00  3.299802207561338e+00  3.299889244849264e-05 
 1.170930697759435e-04  3.299773408902394e+00  3.299761232428081e+00  3.299802314158247e+00  3.299673939253349e-05 
 1.171930697759435e-04  3.299773395662629e+00  3.299761214060092e+00  3.299802414220708e+00  3.299889021516800e-05 
 1.172930697759435e-04  3.299773408892957e+00  3.299761232412265e+00  3.299802508674638e+00  3.299674058713348e-05 
 1.173930697759435e-04  3.299773395676028e+00  3.299761214078107e+00  3.299802597307965e+00  3.299888797562611e-05 
 1.174930697759435e-04  3.299773408883260e+00  3.299761232396316e+00  3.299802681002976e+00  3.299674185678453e-05 
 1.175930697759436e-04  3.299773395689173e+00  3.299761214095957e+00  3.299802759509681e+00  3.299888580225352e-05 
 1.176930697759436e-04  3.299773408873431e+00  3.299761232380316e+00  3.299802833672726e+00  3.299674316107454e-05 
 1.177930697759436e-04  3.299773395702110e+00  3.299761214113672e+00  3.299802903208206e+00  3.299888368172754e-05 
 1.178930697759436e-04  3.299773408863374e+00  3.299761232364204e+00  3.299802968927266e+00  3.299674453153384e-05 
 1.179930697759436e-04  3.299773395714842e+00  3.299761214131250e+00  3.299803030515682e+00  3.299888161449226e-05 
 1.180930697759436e-04  3.299773408853198e+00  3.299761232348047e+00  3.299803088754408e+00  3.299674593441166e-05 
 1.181930697759436e-04  3.299773395727376e+00  3.299761214148701e+00  3.299803143301977e+00  3.299887959566271e-05 
 1.182930697759436e-04  3.299773408842923e+00  3.299761232331858e+00  3.299803194912619e+00  3.299674736304665e-05 
 1.183930697759436e-04  3.299773395739801e+00  3.299761214166079e+00  3.299803243222862e+00  3.299887759948171e-05 
 1.184930697759436e-04  3.299773408832551e+00  3.299761232315637e+00  3.299803288962488e+00  3.299674881788290e-05 
 1.185930697759436e-04  3.299773395752077e+00  3.299761214183350e+00  3.299803331746083e+00  3.299887564238056e-05 
 1.186930697759436e-04  3.299773408822089e+00  3.299761232299383e+00  3.299803372283430e+00  3.299675030025269e-05 
 1.187930697759436e-04  3.299773395764225e+00  3.299761214200525e+00  3.299803410171581e+00  3.299887371947428e-05 
 1.188930697759436e-04  3.299773408811609e+00  3.299761232283140e+00  3.299803446100750e+00  3.299675178750745e-05 
 1.189930697759436e-04  3.299773395776265e+00  3.299761214217632e+00  3.299803479651938e+00  3.299887181655201e-05 
 1.190930697759436e-04  3.299773408800923e+00  3.299761232266791e+00  3.299803511498221e+00  3.299675333871107e-05 
 1.191930697759436e-04  3.299773395788201e+00  3.299761214234656e+00  3.299803541206474e+00  3.299886994205145e-05 
 1.192930697759436e-04  3.299773408790232e+00  3.299761232250465e+00  3.299803569435265e+00  3.299675488991468e-05 
 1.193930697759436e-04  3.299773395800039e+00  3.299761214251606e+00  3.299803595739026e+00  3.299886809108762e-05 
 1.194930697759436e-04  3.299773408779509e+00  3.299761232234139e+00  3.299803620763060e+00  3.299675645222052e-05 
 1.195930697759436e-04  3.299773395811920e+00  3.299761214268575e+00  3.299803644051239e+00  3.299886621703115e-05 
 1.196930697759436e-04  3.299773408768745e+00  3.299761232217816e+00  3.299803666236465e+00  3.299675802474042e-05 
 1.197930697759436e-04  3.299773395823448e+00  3.299761214285302e+00  3.299803686852557e+00  3.299886445088837e-05 
 1.198930697759436e-04  3.299773408757951e+00  3.299761232201492e+00  3.299803706522321e+00  3.299675960791845e-05 
 1.199930697759436e-04  3.299773395835043e+00  3.299761214302055e+00  3.299803724771587e+00  3.299886265898840e-05 
 1.200930697759436e-04  3.299773408747131e+00  3.299761232185172e+00  3.299803742213391e+00  3.299676120175462e-05 
 1.201930697759436e-04  3.299773395846586e+00  3.299761214318770e+00  3.299803758366076e+00  3.299886087286159e-05 
 1.202930697759436e-04  3.299773408736446e+00  3.299761232168964e+00  3.299803773833805e+00  3.299676274984962e-05 
 1.203930697759436e-04  3.299773395858065e+00  3.299761214335431e+00  3.299803788128247e+00  3.299885910183382e-05 
 1.204930697759436e-04  3.299773408725413e+00  3.299761232152549e+00  3.299803801846326e+00  3.299676441385189e-05 
 1.205930697759436e-04  3.299773395869480e+00  3.299761214352032e+00  3.299803814494993e+00  3.299885734812553e-05 
 1.206930697759436e-04  3.299773408714713e+00  3.299761232136370e+00  3.299803826663922e+00  3.299676597127275e-05 
 1.207930697759436e-04  3.299773395880854e+00  3.299761214368597e+00  3.299803837854265e+00  3.299885559930221e-05 
 1.208930697759436e-04  3.299773408703671e+00  3.299761232119989e+00  3.299803848649809e+00  3.299676764104818e-05 
 1.209930697759436e-04  3.299773395892176e+00  3.299761214385106e+00  3.299803858548660e+00  3.299885386602203e-05 
 1.210930697759436e-04  3.299773408692938e+00  3.299761232103827e+00  3.299803868128591e+00  3.299676921312398e-05 
 1.211930697759436e-04  3.299773395903448e+00  3.299761214401572e+00  3.299803876882987e+00  3.299885214251180e-05 
 1.212930697759436e-04  3.299773408681890e+00  3.299761232087479e+00  3.299803885385002e+00  3.299677089000485e-05 
 1.213930697759436e-04  3.299773395914674e+00  3.299761214417996e+00  3.299803893125387e+00  3.299885042699518e-05 
 1.214930697759436e-04  3.299773408671003e+00  3.299761232071255e+00  3.299803900672382e+00  3.299677251625953e-05 
 1.215930697759436e-04  3.299773395925865e+00  3.299761214434377e+00  3.299803907514887e+00  3.299884872080444e-05 
 1.216930697759437e-04  3.299773408660232e+00  3.299761232055126e+00  3.299803914216879e+00  3.299677410698708e-05 
 1.217930697759437e-04  3.299773395937009e+00  3.299761214450718e+00  3.299803920263817e+00  3.299884702216320e-05 
 1.218930697759437e-04  3.299773408649343e+00  3.299761232038940e+00  3.299803926216065e+00  3.299677573768267e-05 
 1.219930697759437e-04  3.299773395948134e+00  3.299761214467026e+00  3.299803931557831e+00  3.299884532840696e-05 
 1.220930697759437e-04  3.299773408638325e+00  3.299761232022683e+00  3.299803936846199e+00  3.299677741545170e-05 
 1.221930697759437e-04  3.299773395959275e+00  3.299761214483329e+00  3.299803941563470e+00  3.299884362443666e-05 
 1.222930697759437e-04  3.299773408627457e+00  3.299761232006544e+00  3.299803946263381e+00  3.299677904614729e-05 
 1.223930697759437e-04  3.299773395970329e+00  3.299761214499561e+00  3.299803950427837e+00  3.299884194444717e-05 
 1.224930697759437e-04  3.299773408616594e+00  3.299761231990427e+00  3.299803954607039e+00  3.299678067817513e-05 
 1.225930697759437e-04  3.299773395981296e+00  3.299761214515719e+00  3.299803958281246e+00  3.299884028932668e-05 
 1.226930697759437e-04  3.299773408605872e+00  3.299761231974420e+00  3.299803961999100e+00  3.299678226579406e-05 
 1.227930697759437e-04  3.299773395992349e+00  3.299761214531923e+00  3.299803965239397e+00  3.299883859867906e-05 
 1.228930697759437e-04  3.299773408595029e+00  3.299761231958350e+00  3.299803968547967e+00  3.299678389737782e-05 
 1.229930697759437e-04  3.299773396003330e+00  3.299761214548060e+00  3.299803971403557e+00  3.299883692979181e-05 
 1.230930697759437e-04  3.299773408584197e+00  3.299761231942307e+00  3.299803974349540e+00  3.299678552674113e-05 
 1.231930697759437e-04  3.299773396014250e+00  3.299761214564139e+00  3.299803976864193e+00  3.299883527822403e-05 
 1.232930697759437e-04  3.299773408573305e+00  3.299761231926245e+00  3.299803979489163e+00  3.299678717742073e-05 
 1.233930697759437e-04  3.299773396025100e+00  3.299761214580160e+00  3.299803981702111e+00  3.299883364353165e-05 
 1.234930697759437e-04  3.299773408562504e+00  3.299761231910251e+00  3.299803984042436e+00  3.299678880633996e-05 
 1.235930697759437e-04  3.299773396036064e+00  3.299761214596243e+00  3.299803985987883e+00  3.299883196576261e-05 
 1.236930697759437e-04  3.299773408551796e+00  3.299761231894340e+00  3.299803988075767e+00  3.299679040550520e-05 
 1.237930697759437e-04  3.299773396046922e+00  3.299761214612237e+00  3.299803989784698e+00  3.299883032130027e-05 
 1.238930697759437e-04  3.299773408540950e+00  3.299761231878351e+00  3.299803991650092e+00  3.299679205396435e-05 
 1.239930697759437e-04  3.299773396057757e+00  3.299761214628197e+00  3.299803993149436e+00  3.299882868127881e-05 
 1.240930697759437e-04  3.299773408530190e+00  3.299761231862443e+00  3.299803994816875e+00  3.299679367488997e-05 
 1.241930697759437e-04  3.299773396068562e+00  3.299761214644128e+00  3.299803996130128e+00  3.299882704481007e-05 
 1.242930697759437e-04  3.299773408519448e+00  3.299761231846557e+00  3.299803997622070e+00  3.299679529581559e-05 
 1.243930697759437e-04  3.299773396079345e+00  3.299761214660028e+00  3.299803998770712e+00  3.299882541144995e-05 
 1.244930697759437e-04  3.299773408508727e+00  3.299761231830705e+00  3.299804000107228e+00  3.299679691185623e-05 
 1.245930697759437e-04  3.299773396090123e+00  3.299761214675897e+00  3.299804001109953e+00  3.299882378208664e-05 
 1.246930697759437e-04  3.299773408498003e+00  3.299761231814870e+00  3.299804002309227e+00  3.299679853100549e-05 
 1.247930697759437e-04  3.299773396100858e+00  3.299761214691731e+00  3.299804003183185e+00  3.299882215849649e-05 
 1.248930697759437e-04  3.299773408487314e+00  3.299761231799061e+00  3.299804004260312e+00  3.299680014793431e-05 
 1.249930697759437e-04  3.299773396111575e+00  3.299761214707540e+00  3.299804005019680e+00  3.299882053579451e-05 
 1.250930697759437e-04  3.299773408476716e+00  3.299761231783344e+00  3.299804005988649e+00  3.299680173111234e-05 
 1.251930697759437e-04  3.299773396122285e+00  3.299761214723324e+00  3.299804006646656e+00  3.299881891398071e-05 
 1.252930697759437e-04  3.299773408466060e+00  3.299761231767596e+00  3.299804007519783e+00  3.299680334137981e-05 
 1.253930697759437e-04  3.299773396132968e+00  3.299761214739076e+00  3.299804008088036e+00  3.299881729660781e-05 
 1.254930697759437e-04  3.299773408455426e+00  3.299761231751881e+00  3.299804008876296e+00  3.299680494631823e-05 
 1.255930697759437e-04  3.299773396143606e+00  3.299761214754780e+00  3.299804009364973e+00  3.299881569122531e-05 
 1.256930697759437e-04  3.299773408444814e+00  3.299761231736201e+00  3.299804010077902e+00  3.299680654548347e-05 
 1.257930697759438e-04  3.299773396154246e+00  3.299761214770475e+00  3.299804010496174e+00  3.299881407962557e-05 
 1.258930697759438e-04  3.299773408434206e+00  3.299761231720539e+00  3.299804011142394e+00  3.299680814731325e-05 
 1.259930697759438e-04  3.299773396164861e+00  3.299761214786133e+00  3.299804011498215e+00  3.299881247468716e-05 
 1.260930697759438e-04  3.299773408423624e+00  3.299761231704902e+00  3.299804012085303e+00  3.299680974781077e-05 
 1.261930697759438e-04  3.299773396175453e+00  3.299761214801757e+00  3.299804012385844e+00  3.299881087507782e-05 
 1.262930697759438e-04  3.299773408413017e+00  3.299761231689271e+00  3.299804012920580e+00  3.299681135719007e-05 
 1.263930697759438e-04  3.299773396186024e+00  3.299761214817360e+00  3.299804013172349e+00  3.299880927458031e-05 
 1.264930697759438e-04  3.299773408402480e+00  3.299761231673706e+00  3.299804013660694e+00  3.299681294436490e-05 
 1.265930697759438e-04  3.299773396196568e+00  3.299761214832927e+00  3.299804013869136e+00  3.299880768030004e-05 
 1.266930697759438e-04  3.299773408391951e+00  3.299761231658152e+00  3.299804014316244e+00  3.299681453775699e-05 
 1.267930697759438e-04  3.299773396207113e+00  3.299761214848471e+00  3.299804014486277e+00  3.299880608646387e-05 
 1.268930697759438e-04  3.299773408381441e+00  3.299761231642637e+00  3.299804014896895e+00  3.299681612359956e-05 
 1.269930697759438e-04  3.299773396217626e+00  3.299761214863987e+00  3.299804015033011e+00  3.299880449529223e-05 
 1.270930697759438e-04  3.299773408370952e+00  3.299761231627143e+00  3.299804015411295e+00  3.299681770944214e-05 
 1.271930697759438e-04  3.299773396228124e+00  3.299761214879469e+00  3.299804015517473e+00  3.299880290944965e-05 
 1.272930697759438e-04  3.299773408360479e+00  3.299761231611682e+00  3.299804015867134e+00  3.299681929084381e-05 
 1.273930697759438e-04  3.299773396238586e+00  3.299761214894921e+00  3.299804015946593e+00  3.299880132715980e-05 
 1.274930697759438e-04  3.299773408349977e+00  3.299761231596212e+00  3.299804016270773e+00  3.299682088778861e-05 
 1.275930697759438e-04  3.299773396249046e+00  3.299761214910349e+00  3.299804016326775e+00  3.299879974531402e-05 
 1.276930697759438e-04  3.299773408339596e+00  3.299761231580843e+00  3.299804016628471e+00  3.299682244565357e-05 
 1.277930697759438e-04  3.299773396259467e+00  3.299761214925740e+00  3.299804016663648e+00  3.299879817146187e-05 
 1.278930697759438e-04  3.299773408329217e+00  3.299761231565488e+00  3.299804016945297e+00  3.299682400795941e-05 
 1.279930697759438e-04  3.299773396269889e+00  3.299761214941113e+00  3.299804016962012e+00  3.299879659450108e-05 
 1.280930697759438e-04  3.299773408318726e+00  3.299761231550075e+00  3.299804017225893e+00  3.299682561023328e-05 
 1.281930697759438e-04  3.299773396280276e+00  3.299761214956445e+00  3.299804017226299e+00  3.299879502686616e-05 
 1.282930697759438e-04  3.299773408308350e+00  3.299761231534752e+00  3.299804017474501e+00  3.299682717875637e-05 
 1.283930697759438e-04  3.299773396290666e+00  3.299761214971771e+00  3.299804017460475e+00  3.299879345123765e-05 
 1.284930697759438e-04  3.299773408297992e+00  3.299761231519467e+00  3.299804017694680e+00  3.299682873972994e-05 
 1.285930697759438e-04  3.299773396301008e+00  3.299761214987041e+00  3.299804017668006e+00  3.299879189248452e-05 
 1.286930697759438e-04  3.299773408287659e+00  3.299761231504202e+00  3.299804017889852e+00  3.299683030203579e-05 
 1.287930697759438e-04  3.299773396311351e+00  3.299761215002302e+00  3.299804017851836e+00  3.299879032662596e-05 
 1.288930697759438e-04  3.299773408277376e+00  3.299761231488988e+00  3.299804018062658e+00  3.299683184968669e-05 
 1.289930697759438e-04  3.299773396321657e+00  3.299761215017520e+00  3.299804018014655e+00  3.299878877142555e-05 
 1.290930697759438e-04  3.299773408267073e+00  3.299761231473777e+00  3.299804018215633e+00  3.299683340755164e-05 
 1.291930697759438e-04  3.299773396331955e+00  3.299761215032718e+00  3.299804018158814e+00  3.299878721489287e-05 
 1.292930697759438e-04  3.299773408256828e+00  3.299761231458620e+00  3.299804018351161e+00  3.299683494854120e-05 
 1.293930697759438e-04  3.299773396342247e+00  3.299761215047901e+00  3.299804018286615e+00  3.299878565436338e-05 
 1.294930697759438e-04  3.299773408246561e+00  3.299761231443465e+00  3.299804018471260e+00  3.299683650063299e-05 
 1.295930697759438e-04  3.299773396352493e+00  3.299761215063032e+00  3.299804018399827e+00  3.299878410937701e-05 
 1.296930697759438e-04  3.299773408236276e+00  3.299761231428314e+00  3.299804018577610e+00  3.299683806160656e-05 
 1.297930697759438e-04  3.299773396362740e+00  3.299761215078150e+00  3.299804018500076e+00  3.299878255950567e-05 
 1.298930697759439e-04  3.299773408226041e+00  3.299761231413212e+00  3.299804018671747e+00  3.299683960925747e-05 
 1.299930697759439e-04  3.299773396372953e+00  3.299761215093231e+00  3.299804018588875e+00  3.299878101629566e-05 
 1.300930697759439e-04  3.299773408215834e+00  3.299761231398150e+00  3.299804018755105e+00  3.299684114802658e-05 
 1.301930697759439e-04  3.299773396383156e+00  3.299761215108286e+00  3.299804018667574e+00  3.299877947619428e-05 
 1.302930697759439e-04  3.299773408205642e+00  3.299761231383103e+00  3.299804018829008e+00  3.299684268990431e-05 
 1.303930697759439e-04  3.299773396393338e+00  3.299761215123320e+00  3.299804018737281e+00  3.299877793476063e-05 
 1.304930697759439e-04  3.299773408195471e+00  3.299761231368086e+00  3.299804018894406e+00  3.299684422822934e-05 
 1.305930697759439e-04  3.299773396403504e+00  3.299761215138320e+00  3.299804018799041e+00  3.299877639954423e-05 
 1.306930697759439e-04  3.299773408185318e+00  3.299761231353099e+00  3.299804018952384e+00  3.299684576255756e-05 
 1.307930697759439e-04  3.299773396413662e+00  3.299761215153304e+00  3.299804018853783e+00  3.299877486121921e-05 
 1.308930697759439e-04  3.299773408175133e+00  3.299761231338107e+00  3.299804019003673e+00  3.299684731065256e-05 
 1.309930697759439e-04  3.299773396423781e+00  3.299761215168247e+00  3.299804018902292e+00  3.299877333222005e-05 
 1.310930697759439e-04  3.299773408165014e+00  3.299761231323173e+00  3.299804019049115e+00  3.299684884009580e-05 
 1.311930697759439e-04  3.299773396433885e+00  3.299761215183163e+00  3.299804018945222e+00  3.299877180588544e-05 
 1.312930697759439e-04  3.299773408154913e+00  3.299761231308266e+00  3.299804019089382e+00  3.299685036731859e-05 
 1.313930697759439e-04  3.299773396443976e+00  3.299761215198060e+00  3.299804018983357e+00  3.299877027866264e-05 
 1.314930697759439e-04  3.299773408144882e+00  3.299761231293419e+00  3.299804019125067e+00  3.299685187500146e-05 
 1.315930697759439e-04  3.299773396454053e+00  3.299761215212925e+00  3.299804019017061e+00  3.299876875588074e-05 
 1.316930697759439e-04  3.299773408134767e+00  3.299761231278532e+00  3.299804019156606e+00  3.299685341465875e-05 
 1.317930697759439e-04  3.299773396464104e+00  3.299761215227764e+00  3.299804019046986e+00  3.299876723576337e-05 
 1.318930697759439e-04  3.299773408124729e+00  3.299761231263711e+00  3.299804019184571e+00  3.299685493166749e-05 
 1.319930697759439e-04  3.299773396474138e+00  3.299761215242570e+00  3.299804019073533e+00  3.299876572053099e-05 
 1.320930697759439e-04  3.299773408114696e+00  3.299761231248914e+00  3.299804019209343e+00  3.299685644734397e-05 
 1.321930697759439e-04  3.299773396484154e+00  3.299761215257351e+00  3.299804019097009e+00  3.299876420707495e-05 
 1.322930697759439e-04  3.299773408104694e+00  3.299761231234145e+00  3.299804019231307e+00  3.299685795991182e-05 
 1.323930697759439e-04  3.299773396494151e+00  3.299761215272109e+00  3.299804019117877e+00  3.299876269450710e-05 
 1.324930697759439e-04  3.299773408094705e+00  3.299761231219408e+00  3.299804019250756e+00  3.299685946759469e-05 
 1.325930697759439e-04  3.299773396504130e+00  3.299761215286838e+00  3.299804019136415e+00  3.299876118549196e-05 
 1.326930697759439e-04  3.299773408084735e+00  3.299761231204689e+00  3.299804019267953e+00  3.299686097749801e-05 
 1.327930697759439e-04  3.299773396514091e+00  3.299761215301539e+00  3.299804019152726e+00  3.299875967958545e-05 
 1.328930697759439e-04  3.299773408074786e+00  3.299761231190000e+00  3.299804019283141e+00  3.299686248251634e-05 
 1.329930697759439e-04  3.299773396524045e+00  3.299761215316222e+00  3.299804019167234e+00  3.299875817190258e-05 
 1.330930697759439e-04  3.299773408064850e+00  3.299761231175342e+00  3.299804019296623e+00  3.299686398309378e-05 
 1.331930697759439e-04  3.299773396533960e+00  3.299761215330863e+00  3.299804019180127e+00  3.299875667487785e-05 
 1.332930697759439e-04  3.299773408054935e+00  3.299761231160703e+00  3.299804019308532e+00  3.299686548455941e-05 
 1.333930697759439e-04  3.299773396543869e+00  3.299761215345486e+00  3.299804019191484e+00  3.299875517563268e-05 
 1.334930697759439e-04  3.299773408045037e+00  3.299761231146096e+00  3.299804019319085e+00  3.299686698114004e-05 
 1.335930697759439e-04  3.299773396553754e+00  3.299761215360072e+00  3.299804019201654e+00  3.299875368438111e-05 
 1.336930697759439e-04  3.299773408035158e+00  3.299761231131519e+00  3.299804019328465e+00  3.299686847327979e-05 
 1.337930697759439e-04  3.299773396563631e+00  3.299761215374648e+00  3.299804019210718e+00  3.299875218735638e-05 
 1.338930697759439e-04  3.299773408025345e+00  3.299761231116996e+00  3.299804019336852e+00  3.299686994943233e-05 
 1.339930697759440e-04  3.299773396573492e+00  3.299761215389195e+00  3.299804019218788e+00  3.299875069432845e-05 
 1.340930697759440e-04  3.299773408015501e+00  3.299761231102471e+00  3.299804019344198e+00  3.299687143713118e-05 
 1.341930697759440e-04  3.299773396583326e+00  3.299761215403708e+00  3.299804019225829e+00  3.299874920751778e-05 
 1.342930697759440e-04  3.299773408005714e+00  3.299761231087995e+00  3.299804019350672e+00  3.299687291106327e-05 
 1.343930697759440e-04  3.299773396593142e+00  3.299761215418191e+00  3.299804019232139e+00  3.299874772470390e-05 
 1.344930697759440e-04  3.299773407995902e+00  3.299761231073516e+00  3.299804019356404e+00  3.299687439654168e-05 
 1.345930697759440e-04  3.299773396602932e+00  3.299761215432647e+00  3.299804019237751e+00  3.299874624455457e-05 
 1.346930697759440e-04  3.299773407986119e+00  3.299761231059072e+00  3.299804019361524e+00  3.299687587535875e-05 
 1.347930697759440e-04  3.299773396612708e+00  3.299761215447082e+00  3.299804019242731e+00  3.299874476529341e-05 
 1.348930697759440e-04  3.299773407976343e+00  3.299761231044656e+00  3.299804019365999e+00  3.299687735151129e-05 
 1.349930697759440e-04  3.299773396622470e+00  3.299761215461487e+00  3.299804019247102e+00  3.299874328958496e-05 
 1.350930697759440e-04  3.299773407966555e+00  3.299761231030234e+00  3.299804019369945e+00  3.299687884054241e-05 
 1.351930697759440e-04  3.299773396632209e+00  3.299761215475865e+00  3.299804019251118e+00  3.299874181698514e-05 
 1.352930697759440e-04  3.299773407956853e+00  3.299761231015890e+00  3.299804019373608e+00  3.299688030115183e-05 
 1.353930697759440e-04  3.299773396641939e+00  3.299761215490215e+00  3.299804019254722e+00  3.299874034793803e-05 
 1.354930697759440e-04  3.299773407947106e+00  3.299761231001528e+00  3.299804019376730e+00  3.299688178174526e-05 
 1.355930697759440e-04  3.299773396651648e+00  3.299761215504543e+00  3.299804019257813e+00  3.299873887977910e-05 
 1.356930697759440e-04  3.299773407937409e+00  3.299761230987220e+00  3.299804019379518e+00  3.299688324546329e-05 
 1.357930697759440e-04  3.299773396661331e+00  3.299761215518837e+00  3.299804019260634e+00  3.299873741739333e-05 
 1.358930697759440e-04  3.299773407927765e+00  3.299761230972959e+00  3.299804019381953e+00  3.299688469630274e-05 
 1.359930697759440e-04  3.299773396671029e+00  3.299761215533131e+00  3.299804019263076e+00  3.299873594479351e-05 
 1.360930697759440e-04  3.299773407918100e+00  3.299761230958697e+00  3.299804019384028e+00  3.299688615824443e-05 
 1.361930697759440e-04  3.299773396680684e+00  3.299761215547381e+00  3.299804019265223e+00  3.299873448329591e-05 
 1.362930697759440e-04  3.299773407908465e+00  3.299761230944465e+00  3.299804019385923e+00  3.299688761530112e-05 
 1.363930697759440e-04  3.299773396690322e+00  3.299761215561599e+00  3.299804019267199e+00  3.299873302801557e-05 
 1.364930697759440e-04  3.299773407898830e+00  3.299761230930253e+00  3.299804019387557e+00  3.299688907324600e-05 
 1.365930697759440e-04  3.299773396699949e+00  3.299761215575804e+00  3.299804019268930e+00  3.299873156873843e-05 
 1.366930697759440e-04  3.299773407889127e+00  3.299761230916012e+00  3.299804019389056e+00  3.299689055605988e-05 
 1.367930697759440e-04  3.299773396709542e+00  3.299761215589968e+00  3.299804019270531e+00  3.299873011923124e-05 
 1.368930697759440e-04  3.299773407879587e+00  3.299761230901891e+00  3.299804019390292e+00  3.299689198913576e-05 
 1.369930697759440e-04  3.299773396719128e+00  3.299761215604114e+00  3.299804019271885e+00  3.299872866839179e-05 
 1.370930697759440e-04  3.299773407870044e+00  3.299761230887781e+00  3.299804019391489e+00  3.299689342709662e-05 
 1.371930697759440e-04  3.299773396728692e+00  3.299761215618228e+00  3.299804019273201e+00  3.299872722332550e-05 
 1.372930697759440e-04  3.299773407860489e+00  3.299761230873677e+00  3.299804019392501e+00  3.299689487260701e-05 
 1.373930697759440e-04  3.299773396738243e+00  3.299761215632317e+00  3.299804019274341e+00  3.299872578003556e-05 
 1.374930697759440e-04  3.299773407850949e+00  3.299761230859600e+00  3.299804019393396e+00  3.299689631456467e-05 
 1.375930697759440e-04  3.299773396747790e+00  3.299761215646396e+00  3.299804019275323e+00  3.299872433141656e-05 
 1.376930697759440e-04  3.299773407841423e+00  3.299761230845546e+00  3.299804019394141e+00  3.299689775607825e-05 
 1.377930697759440e-04  3.299773396757323e+00  3.299761215660444e+00  3.299804019276474e+00  3.299872288812663e-05 
 1.378930697759440e-04  3.299773407831887e+00  3.299761230831502e+00  3.299804019395260e+00  3.299689920247681e-05 
 1.379930697759440e-04  3.299773396766792e+00  3.299761215674443e+00  3.299804019277448e+00  3.299872145949163e-05 
 1.380930697759440e-04  3.299773407822424e+00  3.299761230817513e+00  3.299804019395787e+00  3.299690063155589e-05 
 1.381930697759441e-04  3.299773396776271e+00  3.299761215688428e+00  3.299804019278178e+00  3.299872002685984e-05 
 1.382930697759441e-04  3.299773407812952e+00  3.299761230803542e+00  3.299804019396247e+00  3.299690206196723e-05 
 1.383930697759441e-04  3.299773396785734e+00  3.299761215702387e+00  3.299804019278697e+00  3.299871859733668e-05 
 1.384930697759441e-04  3.299773407803491e+00  3.299761230789585e+00  3.299804019396556e+00  3.299690349548721e-05 
 1.385930697759441e-04  3.299773396795179e+00  3.299761215716330e+00  3.299804019279268e+00  3.299871716559306e-05 
 1.386930697759441e-04  3.299773407794057e+00  3.299761230775662e+00  3.299804019396964e+00  3.299690492234584e-05 
 1.387930697759441e-04  3.299773396804607e+00  3.299761215730238e+00  3.299804019279786e+00  3.299871574095487e-05 
 1.388930697759441e-04  3.299773407784635e+00  3.299761230761763e+00  3.299804019397273e+00  3.299690634787220e-05 
 1.389930697759441e-04  3.299773396814019e+00  3.299761215744125e+00  3.299804019280310e+00  3.299871431676078e-05 
 1.390930697759441e-04  3.299773407775233e+00  3.299761230747888e+00  3.299804019397590e+00  3.299690777162222e-05 
 1.391930697759441e-04  3.299773396823412e+00  3.299761215757983e+00  3.299804019280739e+00  3.299871289700757e-05 
 1.392930697759441e-04  3.299773407765854e+00  3.299761230734047e+00  3.299804019397815e+00  3.299690918782271e-05 
 1.393930697759441e-04  3.299773396832789e+00  3.299761215771821e+00  3.299804019281181e+00  3.299871147681027e-05 
 1.394930697759441e-04  3.299773407756489e+00  3.299761230720226e+00  3.299804019398053e+00  3.299691060446729e-05 
 1.395930697759441e-04  3.299773396842146e+00  3.299761215785626e+00  3.299804019281536e+00  3.299871006238614e-05 
 1.396930697759441e-04  3.299773407747137e+00  3.299761230706428e+00  3.299804019398210e+00  3.299691202022369e-05 
 1.397930697759441e-04  3.299773396851495e+00  3.299761215799414e+00  3.299804019281914e+00  3.299870864751791e-05 
 1.398930697759441e-04  3.299773407737808e+00  3.299761230692661e+00  3.299804019398341e+00  3.299691342976284e-05 
 1.399930697759441e-04  3.299773396860822e+00  3.299761215813176e+00  3.299804019282119e+00  3.299870723487013e-05 
 1.400930697759441e-04  3.299773407728488e+00  3.299761230678916e+00  3.299804019398356e+00  3.299691483930200e-05 
 1.401930697759441e-04  3.299773396870140e+00  3.299761215826910e+00  3.299804019282410e+00  3.299870582577507e-05 
 1.402930697759441e-04  3.299773407719193e+00  3.299761230665196e+00  3.299804019398501e+00  3.299691624528844e-05 
 1.403930697759441e-04  3.299773396879429e+00  3.299761215840618e+00  3.299804019282878e+00  3.299870442023271e-05 
 1.404930697759441e-04  3.299773407709898e+00  3.299761230651494e+00  3.299804019398919e+00  3.299691765349533e-05 
 1.405930697759441e-04  3.299773396888699e+00  3.299761215854301e+00  3.299804019283248e+00  3.299870301691081e-05 
 1.406930697759441e-04  3.299773407700645e+00  3.299761230637828e+00  3.299804019398937e+00  3.299691905326452e-05 
 1.407930697759441e-04  3.299773396897952e+00  3.299761215867956e+00  3.299804019283444e+00  3.299870161758571e-05 
 1.408930697759441e-04  3.299773407691392e+00  3.299761230624187e+00  3.299804019398895e+00  3.299692045036918e-05 
 1.409930697759441e-04  3.299773396907182e+00  3.299761215881581e+00  3.299804019283579e+00  3.299870022314558e-05 
 1.410930697759441e-04  3.299773407682161e+00  3.299761230610563e+00  3.299804019398895e+00  3.299692184969428e-05 
 1.411930697759441e-04  3.299773396916405e+00  3.299761215895186e+00  3.299804019283759e+00  3.299869882914956e-05 
 1.412930697759441e-04  3.299773407672953e+00  3.299761230596973e+00  3.299804019398890e+00  3.299692324146986e-05 
 1.413930697759441e-04  3.299773396925614e+00  3.299761215908771e+00  3.299804019283979e+00  3.299869743426535e-05 
 1.414930697759441e-04  3.299773407663754e+00  3.299761230583407e+00  3.299804019398871e+00  3.299692463146909e-05 
 1.415930697759441e-04  3.299773396934806e+00  3.299761215922331e+00  3.299804019284040e+00  3.299869604248976e-05 
 1.416930697759441e-04  3.299773407654573e+00  3.299761230569856e+00  3.299804019398753e+00  3.299692602368877e-05 
 1.417930697759441e-04  3.299773396943976e+00  3.299761215935866e+00  3.299804019284103e+00  3.299869465337871e-05 
 1.418930697759441e-04  3.299773407645409e+00  3.299761230556342e+00  3.299804019398588e+00  3.299692740747075e-05 
 1.419930697759441e-04  3.299773396953174e+00  3.299761215949398e+00  3.299804019284356e+00  3.299869325582996e-05 
 1.420930697759441e-04  3.299773407636264e+00  3.299761230542845e+00  3.299804019398932e+00  3.299692879258499e-05 
 1.421930697759441e-04  3.299773396962269e+00  3.299761215962850e+00  3.299804019284673e+00  3.299869188803519e-05 
 1.422930697759442e-04  3.299773407627140e+00  3.299761230529379e+00  3.299804019398826e+00  3.299693017237017e-05 
 1.423930697759442e-04  3.299773396971393e+00  3.299761215976312e+00  3.299804019284750e+00  3.299869050602957e-05 
 1.424930697759442e-04  3.299773407618023e+00  3.299761230515937e+00  3.299804019398775e+00  3.299693154949081e-05 
 1.425930697759442e-04  3.299773396980498e+00  3.299761215989744e+00  3.299804019284875e+00  3.299868912802075e-05 
 1.426930697759442e-04  3.299773407608921e+00  3.299761230502511e+00  3.299804019398668e+00  3.299693292883190e-05 
 1.427930697759442e-04  3.299773396989586e+00  3.299761216003146e+00  3.299804019284947e+00  3.299868775622918e-05 
 1.428930697759442e-04  3.299773407599834e+00  3.299761230489113e+00  3.299804019398611e+00  3.299693430417619e-05 
 1.429930697759442e-04  3.299773396998663e+00  3.299761216016534e+00  3.299804019285067e+00  3.299868638132898e-05 
 1.430930697759442e-04  3.299773407590775e+00  3.299761230475740e+00  3.299804019398452e+00  3.299693567641185e-05 
 1.431930697759442e-04  3.299773397007720e+00  3.299761216029896e+00  3.299804019285042e+00  3.299868500909332e-05 
 1.432930697759442e-04  3.299773407581724e+00  3.299761230462392e+00  3.299804019398303e+00  3.299693704687115e-05 
 1.433930697759442e-04  3.299773397016757e+00  3.299761216043228e+00  3.299804019285074e+00  3.299868364218673e-05 
 1.434930697759442e-04  3.299773407572701e+00  3.299761230449076e+00  3.299804019398113e+00  3.299693840978094e-05 
 1.435930697759442e-04  3.299773397025779e+00  3.299761216056533e+00  3.299804019285119e+00  3.299868227883286e-05 
 1.436930697759442e-04  3.299773407563686e+00  3.299761230435781e+00  3.299804019398079e+00  3.299693977313481e-05 
 1.437930697759442e-04  3.299773397034832e+00  3.299761216069851e+00  3.299804019285466e+00  3.299868089993586e-05 
 1.438930697759442e-04  3.299773407554678e+00  3.299761230422497e+00  3.299804019398393e+00  3.299694114004140e-05 
 1.439930697759442e-04  3.299773397043775e+00  3.299761216083079e+00  3.299804019285727e+00  3.299867955612190e-05 
 1.440930697759442e-04  3.299773407545698e+00  3.299761230409256e+00  3.299804019398309e+00  3.299694249540168e-05 
 1.441930697759442e-04  3.299773397052746e+00  3.299761216096319e+00  3.299804019285819e+00  3.299867819587665e-05 
 1.442930697759442e-04  3.299773407536739e+00  3.299761230396031e+00  3.299804019398175e+00  3.299694385298239e-05 
 1.443930697759442e-04  3.299773397061705e+00  3.299761216109533e+00  3.299804019285866e+00  3.299867683962821e-05 
 1.444930697759442e-04  3.299773407527790e+00  3.299761230382827e+00  3.299804019398097e+00  3.299694520923084e-05 
 1.445930697759442e-04  3.299773397070638e+00  3.299761216122715e+00  3.299804019285963e+00  3.299867548959701e-05 
 1.446930697759442e-04  3.299773407518854e+00  3.299761230369652e+00  3.299804019397920e+00  3.299694656015022e-05 
 1.447930697759442e-04  3.299773397079613e+00  3.299761216135904e+00  3.299804019286112e+00  3.299867412624313e-05 
 1.448930697759442e-04  3.299773407509937e+00  3.299761230356501e+00  3.299804019398130e+00  3.299694790973733e-05 
 1.449930697759442e-04  3.299773397088477e+00  3.299761216149021e+00  3.299804019286288e+00  3.299867278909052e-05 
 1.450930697759442e-04  3.299773407501030e+00  3.299761230343369e+00  3.299804019397886e+00  3.299694925932444e-05 
 1.451930697759442e-04  3.299773397097416e+00  3.299761216162169e+00  3.299804019286455e+00  3.299867142662482e-05 
 1.452930697759442e-04  3.299773407492152e+00  3.299761230330274e+00  3.299804019398146e+00  3.299695059958568e-05 
 1.453930697759442e-04  3.299773397106294e+00  3.299761216175260e+00  3.299804019286888e+00  3.299867008369904e-05 
 1.454930697759442e-04  3.299773407483287e+00  3.299761230317190e+00  3.299804019398353e+00  3.299695194428781e-05 
 1.455930697759442e-04  3.299773397115154e+00  3.299761216188327e+00  3.299804019287266e+00  3.299866874254963e-05 
 1.456930697759442e-04  3.299773407474435e+00  3.299761230304137e+00  3.299804019398603e+00  3.299695328321678e-05 
 1.457930697759442e-04  3.299773397123957e+00  3.299761216201344e+00  3.299804019287467e+00  3.299866741694334e-05 
 1.458930697759442e-04  3.299773407465602e+00  3.299761230291106e+00  3.299804019398369e+00  3.299695462081348e-05 
 1.459930697759442e-04  3.299773397132777e+00  3.299761216214359e+00  3.299804019287366e+00  3.299866608289934e-05 
 1.460930697759442e-04  3.299773407456780e+00  3.299761230278099e+00  3.299804019398108e+00  3.299695595530156e-05 
 1.461930697759442e-04  3.299773397141612e+00  3.299761216227372e+00  3.299804019287535e+00  3.299866473997357e-05 
 1.462930697759442e-04  3.299773407447971e+00  3.299761230265113e+00  3.299804019398342e+00  3.299695728978963e-05 
 1.463930697759443e-04  3.299773397150384e+00  3.299761216240325e+00  3.299804019287726e+00  3.299866341836409e-05 
 1.464930697759443e-04  3.299773407439182e+00  3.299761230252149e+00  3.299804019398059e+00  3.299695862205726e-05 
 1.465930697759443e-04  3.299773397159153e+00  3.299761216253266e+00  3.299804019287581e+00  3.299866209231370e-05 
 1.466930697759443e-04  3.299773407430414e+00  3.299761230239216e+00  3.299804019397803e+00  3.299695994810765e-05 
 1.467930697759443e-04  3.299773397167913e+00  3.299761216266190e+00  3.299804019287505e+00  3.299866076581923e-05 
 1.468930697759443e-04  3.299773407421653e+00  3.299761230226299e+00  3.299804019397513e+00  3.299696127637848e-05 
 1.469930697759443e-04  3.299773397176698e+00  3.299761216279115e+00  3.299804019287651e+00  3.299865942911071e-05 
 1.470930697759443e-04  3.299773407412874e+00  3.299761230213388e+00  3.299804019397781e+00  3.299696261086655e-05 
 1.471930697759443e-04  3.299773397185394e+00  3.299761216291969e+00  3.299804019287866e+00  3.299865811860344e-05 
 1.472930697759443e-04  3.299773407404150e+00  3.299761230200521e+00  3.299804019397567e+00  3.299696393247605e-05 
 1.473930697759443e-04  3.299773397194149e+00  3.299761216304844e+00  3.299804019288015e+00  3.299865678811217e-05 
 1.474930697759443e-04  3.299773407395449e+00  3.299761230187684e+00  3.299804019397769e+00  3.299696524920056e-05 
 1.475930697759443e-04  3.299773397202810e+00  3.299761216317650e+00  3.299804019288190e+00  3.299865548204580e-05 
 1.476930697759443e-04  3.299773407386756e+00  3.299761230174866e+00  3.299804019397539e+00  3.299696656503688e-05 
 1.477930697759443e-04  3.299773397211531e+00  3.299761216330482e+00  3.299804019288295e+00  3.299865415421907e-05 
 1.478930697759443e-04  3.299773407378126e+00  3.299761230162106e+00  3.299804019397677e+00  3.299696786222147e-05 
 1.479930697759443e-04  3.299773397220166e+00  3.299761216343239e+00  3.299804019288437e+00  3.299865285436994e-05 
 1.480930697759443e-04  3.299773407369424e+00  3.299761230149302e+00  3.299804019397388e+00  3.299696918960412e-05 
 1.481930697759443e-04  3.299773397228813e+00  3.299761216355996e+00  3.299804019288229e+00  3.299865154519495e-05 
 1.482930697759443e-04  3.299773407360781e+00  3.299761230136558e+00  3.299804019397026e+00  3.299697049744684e-05 
 1.483930697759443e-04  3.299773397237487e+00  3.299761216368754e+00  3.299804019288291e+00  3.299865022580591e-05 
 1.484930697759443e-04  3.299773407352154e+00  3.299761230123838e+00  3.299804019397158e+00  3.299697180218095e-05 
 1.485930697759443e-04  3.299773397246073e+00  3.299761216381444e+00  3.299804019288394e+00  3.299864893128586e-05 
 1.486930697759443e-04  3.299773407343532e+00  3.299761230111127e+00  3.299804019396853e+00  3.299697311180003e-05 
 1.487930697759443e-04  3.299773397254674e+00  3.299761216394134e+00  3.299804019288319e+00  3.299864762788402e-05 
 1.488930697759443e-04  3.299773407334979e+00  3.299761230098485e+00  3.299804019396716e+00  3.299697439655011e-05 
 1.489930697759443e-04  3.299773397263303e+00  3.299761216406826e+00  3.299804019288525e+00  3.299864631382405e-05 
 1.490930697759443e-04  3.299773407326403e+00  3.299761230085832e+00  3.299804019396866e+00  3.299697569551105e-05 
 1.491930697759443e-04  3.299773397271879e+00  3.299761216419467e+00  3.299804019288844e+00  3.299864501619537e-05 
 1.492930697759443e-04  3.299773407317787e+00  3.299761230073167e+00  3.299804019397062e+00  3.299697701001512e-05 
 1.493930697759443e-04  3.299773397280401e+00  3.299761216432057e+00  3.299804019289012e+00  3.299864373410983e-05 
 1.494930697759443e-04  3.299773407309239e+00  3.299761230060563e+00  3.299804019396828e+00  3.299697830364699e-05 
 1.495930697759443e-04  3.299773397288978e+00  3.299761216444681e+00  3.299804019289104e+00  3.299864242626710e-05 
 1.496930697759443e-04  3.299773407300701e+00  3.299761230047976e+00  3.299804019396948e+00  3.299697959772295e-05 
 1.497930697759443e-04  3.299773397297466e+00  3.299761216457224e+00  3.299804019289231e+00  3.299864114906653e-05 
 1.498930697759443e-04  3.299773407292191e+00  3.299761230035424e+00  3.299804019396660e+00  3.299698088336122e-05 
 1.499930697759443e-04  3.299773397305977e+00  3.299761216469774e+00  3.299804019289025e+00  3.299863986031964e-05 
 1.500930697759443e-04  3.299773407283728e+00  3.299761230022908e+00  3.299804019396303e+00  3.299698216011769e-05 
 1.501930697759443e-04  3.299773397314513e+00  3.299761216482326e+00  3.299804019289076e+00  3.299863856002643e-05 
 1.502930697759443e-04  3.299773407275235e+00  3.299761230010394e+00  3.299804019396412e+00  3.299698344575596e-05 
 1.503930697759443e-04  3.299773397322964e+00  3.299761216494813e+00  3.299804019289167e+00  3.299863728415813e-05 
 1.504930697759444e-04  3.299773407266765e+00  3.299761229997901e+00  3.299804019396111e+00  3.299698472961787e-05 
 1.505930697759444e-04  3.299773397331462e+00  3.299761216507316e+00  3.299804019289285e+00  3.299863599052626e-05 
 1.506930697759444e-04  3.299773407258308e+00  3.299761229985430e+00  3.299804019396349e+00  3.299698601125933e-05 
 1.507930697759444e-04  3.299773397339870e+00  3.299761216519743e+00  3.299804019289481e+00  3.299863472620428e-05 
 1.508930697759444e-04  3.299773407249867e+00  3.299761229972990e+00  3.299804019396133e+00  3.299698728712763e-05 
 1.509465348879722e-04  3.299773397350880e+00  3.299761216536861e+00  3.299804019289573e+00  3.299863325366389e-05 
 1.510000000000000e-04  3.299773407232924e+00  3.299761229948981e+00  3.299804019395952e+00  3.299699006807230e-05 
 1.510000009882737e-04  3.299772253951927e+00  3.299760959242394e+00  3.299803987723939e+00  3.302480829204670e-05 
 1.510000029648213e-04  3.299769217918363e+00  3.299759900424932e+00  3.299803907113211e+00  3.318976406885457e-05 
 1.510000042219463e-04  3.299766654831239e+00  3.299758699928458e+00  3.299803843557779e+00  3.340925598600637e-05 
 1.510000058817503e-04  3.299762677368554e+00  3.299756522798234e+00  3.299803750878367e+00  3.382231503942730e-05 
 1.510000081880292e-04  3.299756125344482e+00  3.299752441375294e+00  3.299803607111441e+00  3.459607563847968e-05 
 1.510000106863949e-04  3.299747893294418e+00  3.299746729131396e+00  3.299803436949223e+00  3.565550548941061e-05 
 1.510000135533463e-04  3.299737203645289e+00  3.299738667986287e+00  3.299803226617766e+00  3.709865254454756e-05 
 1.510000163709120e-04  3.299725609004111e+00  3.299729329505662e+00  3.299803007932338e+00  3.870923905239454e-05 
 1.510000194010505e-04  3.299712110155885e+00  3.299717894202593e+00  3.299802761647816e+00  4.061210047618615e-05 
 1.510000224561904e-04  3.299697583889501e+00  3.299705070799007e+00  3.299802504135021e+00  4.267852965596302e-05 
 1.510000257414976e-04  3.299681081248021e+00  3.299690012731006e+00  3.299802218336199e+00  4.503699732802656e-05 
 1.510000290915765e-04  3.299663453028352e+00  3.299673477794983e+00  3.299801919237728e+00  4.756410472528797e-05 
 1.510000326597466e-04  3.299643915708334e+00  3.299654736828124e+00  3.299801593229642e+00  5.036893218495491e-05 
 1.510000363265711e-04  3.299623145446636e+00  3.299634435996046e+00  3.299801251662224e+00  5.335411730389947e-05 
 1.510000402188883e-04  3.299600444523489e+00  3.299611905525218e+00  3.299800882718755e+00  5.661840172289295e-05 
 1.510000442553056e-04  3.299576307007768e+00  3.299587639563514e+00  3.299800494417471e+00  6.009116141044286e-05 
 1.510000485423548e-04  3.299550112119575e+00  3.299561026947698e+00  3.299800076445025e+00  6.386100792339361e-05 
 1.510000530299276e-04  3.299522181887276e+00  3.299532400676924e+00  3.299799633888453e+00  6.788228505530210e-05 
 1.510000578117863e-04  3.299491945191143e+00  3.299501187438121e+00  3.299799157388923e+00  7.223692517580354e-05 
 1.510000628668304e-04  3.299459548196119e+00  3.299467544496805e+00  3.299798649167752e+00  7.690465012297261e-05 
 1.510000682847802e-04  3.299424425179756e+00  3.299430895313129e+00  3.299798100045166e+00  8.196690067654720e-05 
 1.510000740763457e-04  3.299386516544760e+00  3.299391184173702e+00  3.299797508970032e+00  8.743307482584418e-05 
 1.510000803397018e-04  3.299345185893899e+00  3.299347754483016e+00  3.299796865695510e+00  9.339503837837102e-05 
 1.510000871293171e-04  3.299300080294827e+00  3.299300241906439e+00  3.299796164549369e+00  9.990457220398886e-05 
 1.510000945764579e-04  3.299250329972210e+00  3.299247739804367e+00  3.299795391625582e+00  1.070874972241482e-04 
 1.510001028161276e-04  3.299195034480363e+00  3.299189304705823e+00  3.299794532637988e+00  1.150748538757381e-04 
 1.510001120814656e-04  3.299132624650387e+00  3.299123288010180e+00  3.299793562658850e+00  1.240939440141117e-04 
 1.510001227265061e-04  3.299060706759880e+00  3.299047165587351e+00  3.299792443886255e+00  1.344922047814980e-04 
 1.510001354147459e-04  3.298974775668983e+00  3.298956180898053e+00  3.299791105122397e+00  1.469226109270589e-04 
 1.510001517946013e-04  3.298863618469718e+00  3.298838476725403e+00  3.299789369683100e+00  1.630109006650450e-04 
 1.510001725235640e-04  3.298722707003747e+00  3.298689289537408e+00  3.299787163155163e+00  1.834174516061357e-04 
 1.510001886876695e-04  3.298612695782714e+00  3.298572848068734e+00  3.299785435283751e+00  1.993571952770903e-04 
 1.510002042755211e-04  3.298506525476034e+00  3.298460502326357e+00  3.299783763312247e+00  2.147460712683906e-04 
 1.510002226135982e-04  3.298381540143853e+00  3.298328283920972e+00  3.299781789573238e+00  2.328686584297757e-04 
 1.510002394412785e-04  3.298266779760553e+00  3.298206916519959e+00  3.299779972100798e+00  2.495141000889630e-04 
 1.510002582684634e-04  3.298138315147714e+00  3.298071091330498e+00  3.299777931848639e+00  2.681530592555999e-04 
 1.510002762493580e-04  3.298015563744674e+00  3.297941339996326e+00  3.299775976716313e+00  2.859680973932005e-04 
 1.510002962171222e-04  3.297879185958794e+00  3.297797219386371e+00  3.299773798320826e+00  3.057661658671790e-04 
 1.510003157900450e-04  3.297745445975645e+00  3.297655919245738e+00  3.299771655788358e+00  3.251861701428746e-04 
 1.510003372469128e-04  3.297598773167406e+00  3.297500988527362e+00  3.299769299177650e+00  3.464893445045563e-04 
 1.510003586201250e-04  3.297452614651418e+00  3.297346633483482e+00  3.299766943793930e+00  3.677225898095256e-04 
 1.510003818026385e-04  3.297294025407244e+00  3.297179182985944e+00  3.299764380422928e+00  3.907667753694643e-04 
 1.510004051746836e-04  3.297134083537672e+00  3.297010335963219e+00  3.299761787286140e+00  4.140121524258132e-04 
 1.510004303250727e-04  3.296961916095146e+00  3.296828613911100e+00  3.299758987382322e+00  4.390392180559649e-04 
 1.510004559229593e-04  3.296786631193310e+00  3.296643632008728e+00  3.299756127881050e+00  4.645239309054356e-04 
 1.510004833154355e-04  3.296599004340042e+00  3.296445655203281e+00  3.299753057437498e+00  4.918076824217143e-04 
 1.510005114145445e-04  3.296406485738461e+00  3.296242546042238e+00  3.299749896870285e+00  5.198070312903944e-04 
 1.510005413761038e-04  3.296201156484042e+00  3.296025949658725e+00  3.299746515129810e+00  5.496738967970461e-04 
 1.510005723179751e-04  3.295989060468437e+00  3.295802242757742e+00  3.299743010458923e+00  5.805290492144838e-04 
 1.510006052466070e-04  3.295763299106810e+00  3.295564148661720e+00  3.299739267581365e+00  6.133762673666777e-04 
 1.510006394580170e-04  3.295528697822772e+00  3.295316757360983e+00  3.299735364934255e+00  6.475133549593746e-04 
 1.510006758450634e-04  3.295279134406069e+00  3.295053612338513e+00  3.299731199075002e+00  6.838313309456361e-04 
 1.510007138603988e-04  3.295018362056852e+00  3.294778671835759e+00  3.299726830738236e+00  7.217838633893257e-04 
 1.510007543167342e-04  3.294740806535210e+00  3.294486058118094e+00  3.299722164531982e+00  7.621823674117818e-04 
 1.510007968091939e-04  3.294449244991767e+00  3.294178699635731e+00  3.299717244753445e+00  8.046224625318066e-04 
 1.510008420990540e-04  3.294138454817193e+00  3.293851090079597e+00  3.299711980702814e+00  8.498644825531184e-04 
 1.510008899178369e-04  3.293810278076408e+00  3.293505171694456e+00  3.299706400543116e+00  8.976400947371972e-04 
 1.510009410028169e-04  3.293459655964670e+00  3.293135611367737e+00  3.299700414923639e+00  9.486858583807963e-04 
 1.510009705014084e-04  3.293257179928152e+00  3.292922206089445e+00  3.299696947380127e+00  9.781645305042088e-04 
 1.510010000000000e-04  3.293054696713007e+00  3.292708797244382e+00  3.299693471873375e+00  1.007644938959122e-03 
 1.510010000694961e-04  3.293054259928915e+00  3.292708295937901e+00  3.299693464473870e+00  1.007715231010644e-03 
 1.510010002084882e-04  3.293053405457064e+00  3.292707296176336e+00  3.299693450646723e+00  1.007856330014211e-03 
 1.510010004864725e-04  3.293051763086376e+00  3.292705313237626e+00  3.299693425753760e+00  1.008137501838681e-03 
 1.510010010424411e-04  3.293048592575870e+00  3.292701411559748e+00  3.299693378878739e+00  1.008686264927341e-03 
 1.510010020996632e-04  3.293042855649484e+00  3.292694222356916e+00  3.299693295890004e+00  1.009677827616827e-03 
 1.510010042141075e-04  3.293032379334827e+00  3.292680712093252e+00  3.299693148116154e+00  1.011470074958681e-03 
 1.510010065235738e-04  3.293022250889863e+00  3.292667210391017e+00  3.299693007733186e+00  1.013167727739453e-03 
 1.510010097111427e-04  3.293010106237800e+00  3.292650547767484e+00  3.299692839108024e+00  1.015149823536144e-03 
 1.510010127076381e-04  3.293000304857491e+00  3.292636784636356e+00  3.299692700488189e+00  1.016707977061374e-03 
 1.510010160151078e-04  3.292990966789040e+00  3.292623485716578e+00  3.299692564155553e+00  1.018165082783046e-03 
 1.510010195261962e-04  3.292982466035327e+00  3.292611277777027e+00  3.299692434369877e+00  1.019474882993947e-03 
 1.510010242475172e-04  3.292972894898441e+00  3.292597492209496e+00  3.299692278564862e+00  1.020939663244959e-03 
 1.510010285678495e-04  3.292965676069057e+00  3.292587117877057e+00  3.299692150952842e+00  1.022043203700074e-03 
 1.510010337182965e-04  3.292958590380569e+00  3.292577010768825e+00  3.299692013259739e+00  1.023131538857944e-03 
 1.510010385712143e-04  3.292953140741269e+00  3.292569329689535e+00  3.299691895065423e+00  1.023976133322867e-03 
 1.510010442739425e-04  3.292947930661051e+00  3.292562104258448e+00  3.299691767453924e+00  1.024793830429714e-03 
 1.510010498333535e-04  3.292943840208138e+00  3.292556551353595e+00  3.299691652472472e+00  1.025446328735512e-03 
 1.510010562744843e-04  3.292940039829320e+00  3.292551528315563e+00  3.299691528388586e+00  1.026064506550836e-03 
 1.510010627376212e-04  3.292937010244307e+00  3.292547658903477e+00  3.299691411676207e+00  1.026569070976458e-03 
 1.510010701845079e-04  3.292934245785616e+00  3.292544275538151e+00  3.299691284685395e+00  1.027042217099979e-03 
 1.510010778743259e-04  3.292931999226562e+00  3.292541671772959e+00  3.299691160067517e+00  1.027439188861913e-03 
 1.510010867602108e-04  3.292929954319761e+00  3.292539456539181e+00  3.299691022327624e+00  1.027813613216922e-03 
 1.510010962315996e-04  3.292928236553144e+00  3.292537746753654e+00  3.299690881129781e+00  1.028140765295744e-03 
 1.510011073500989e-04  3.292926633265791e+00  3.292536304742689e+00  3.299690720938429e+00  1.028458804029864e-03 
 1.510011197545958e-04  3.292925196670479e+00  3.292535157525902e+00  3.299690547593476e+00  1.028755576360625e-03 
 1.510011350532296e-04  3.292923750678545e+00  3.292534142084151e+00  3.299690339767718e+00  1.029065442808349e-03 
 1.510011542197663e-04  3.292922254894809e+00  3.292533219620583e+00  3.299690086672709e+00  1.029396032186389e-03 
 1.510011827272708e-04  3.292920414452206e+00  3.292532206128048e+00  3.299689722265419e+00  1.029812045374867e-03 
 1.510012032727208e-04  3.292919280541728e+00  3.292531623830254e+00  3.299689467421528e+00  1.030071431783573e-03 
 1.510012215254424e-04  3.292918369082662e+00  3.292531165528285e+00  3.299689245936820e+00  1.030280565874665e-03 
 1.510012408007450e-04  3.292917488695951e+00  3.292530727477213e+00  3.299689016755132e+00  1.030482845191044e-03 
 1.510012616832196e-04  3.292916618337734e+00  3.292530297127128e+00  3.299688773651746e+00  1.030682941392581e-03 
 1.510012820691591e-04  3.292915843226830e+00  3.292529915351928e+00  3.299688541253920e+00  1.030861193354075e-03 
 1.510013032029888e-04  3.292915109414811e+00  3.292529554773461e+00  3.299688305202038e+00  1.031029945965014e-03 
 1.510013240941979e-04  3.292914447092785e+00  3.292529229893245e+00  3.299688076464977e+00  1.031182253787054e-03 
 1.510013458159163e-04  3.292913818652963e+00  3.292528922042297e+00  3.299687843233460e+00  1.031326739957062e-03 
 1.510013675186845e-04  3.292913246364766e+00  3.292528642048360e+00  3.299687614620459e+00  1.031458298332605e-03 
 1.510013900213726e-04  3.292912706188745e+00  3.292528378059553e+00  3.299687381989724e+00  1.031582436948773e-03 
 1.510014126413173e-04  3.292912212645921e+00  3.292528137150107e+00  3.299687152406803e+00  1.031695836905382e-03 
 1.510014360423797e-04  3.292911749271095e+00  3.292527911227281e+00  3.299686919146086e+00  1.031802264180597e-03 
 1.510014596832876e-04  3.292911325169084e+00  3.292527704724239e+00  3.299686687626782e+00  1.031899648010397e-03 
 1.510014841069342e-04  3.292910928937489e+00  3.292527512044324e+00  3.299686452567497e+00  1.031990589754000e-03 
 1.510015088847714e-04  3.292910566103624e+00  3.292527335872409e+00  3.299686218134427e+00  1.032073842302883e-03 
 1.510015344657309e-04  3.292910228669201e+00  3.292527172283592e+00  3.299685980138488e+00  1.032151223343479e-03 
 1.510015605126424e-04  3.292909919812668e+00  3.292527022815822e+00  3.299685741778220e+00  1.032222026199427e-03 
 1.510015874018489e-04  3.292909633831260e+00  3.292526884670386e+00  3.299685499691834e+00  1.032287541528070e-03 
 1.510016148711203e-04  3.292909372379410e+00  3.292526758640559e+00  3.299685256323839e+00  1.032347412087849e-03 
 1.510016432397836e-04  3.292909131335827e+00  3.292526642700894e+00  3.299685008952243e+00  1.032402564755743e-03 
 1.510016723080931e-04  3.292908911372449e+00  3.292526537168612e+00  3.299684759426091e+00  1.032452869216085e-03 
 1.510017023527980e-04  3.292908709442161e+00  3.292526440540980e+00  3.299684505503402e+00  1.032499004663410e-03 
 1.510017332250004e-04  3.292908525620827e+00  3.292526352846140e+00  3.299684248575995e+00  1.032540978030353e-03 
 1.510017651705902e-04  3.292908357600472e+00  3.292526272941499e+00  3.299683986759629e+00  1.032579297779266e-03 
 1.510017980838833e-04  3.292908205097322e+00  3.292526200682401e+00  3.299683721082677e+00  1.032614054542641e-03 
 1.510018322235000e-04  3.292908066185329e+00  3.292526135113705e+00  3.299683449656952e+00  1.032645668038663e-03 
 1.510018678321695e-04  3.292907939391541e+00  3.292526075531221e+00  3.299683170814415e+00  1.032674499780510e-03 
 1.510019049666440e-04  3.292907824172939e+00  3.292526021641313e+00  3.299682884432582e+00  1.032700653546012e-03 
 1.510019437631136e-04  3.292907719683922e+00  3.292525973035424e+00  3.299682589786129e+00  1.032724347402395e-03 
 1.510019842989336e-04  3.292907625330693e+00  3.292525929397039e+00  3.299682286654340e+00  1.032745697611004e-03 
 1.510020267375702e-04  3.292907540285065e+00  3.292525890324297e+00  3.299681974191429e+00  1.032764917947770e-03 
 1.510020711855675e-04  3.292907463938868e+00  3.292525855494195e+00  3.299681652038823e+00  1.032782127710826e-03 
 1.510021178233803e-04  3.292907395527734e+00  3.292525824535591e+00  3.299681319330145e+00  1.032797526962652e-03 
 1.510021667842649e-04  3.292907334461024e+00  3.292525797133092e+00  3.299680975610357e+00  1.032811230323184e-03 
 1.510022182667140e-04  3.292907280043438e+00  3.292525772948700e+00  3.299680620002397e+00  1.032823422257907e-03 
 1.510022724341880e-04  3.292907231717632e+00  3.292525751684227e+00  3.299680251952667e+00  1.032834209249667e-03 
 1.510023295064528e-04  3.292907188854650e+00  3.292525733033972e+00  3.299679870569811e+00  1.032843761420441e-03 
 1.510023896794367e-04  3.292907150940581e+00  3.292525716721262e+00  3.299679475210719e+00  1.032852175323600e-03 
 1.510024531959861e-04  3.292907117425224e+00  3.292525702477903e+00  3.299679064978036e+00  1.032859602300537e-03 
 1.510025202851370e-04  3.292907087866145e+00  3.292525690064207e+00  3.299678639146496e+00  1.032866121952643e-03 
 1.510025912134733e-04  3.292907061775535e+00  3.292525679247989e+00  3.299678196850806e+00  1.032871871878759e-03 
 1.510026662833136e-04  3.292907038794294e+00  3.292525669826881e+00  3.299677737085472e+00  1.032876910925360e-03 
 1.510027457645187e-04  3.292907018528669e+00  3.292525661620563e+00  3.299677259114378e+00  1.032881356109318e-03 
 1.510028300246697e-04  3.292907000669605e+00  3.292525654454615e+00  3.299676761736876e+00  1.032885254575296e-03 
 1.510029194010931e-04  3.292906984913329e+00  3.292525648191254e+00  3.299676244023305e+00  1.032888700751489e-03 
 1.510030143541951e-04  3.292906971024167e+00  3.292525642701256e+00  3.299675704469569e+00  1.032891725221841e-03 
 1.510031153362339e-04  3.292906958762432e+00  3.292525637878974e+00  3.299675141742660e+00  1.032894407077404e-03 
 1.510032237402505e-04  3.292906947884726e+00  3.292525633603136e+00  3.299674549573216e+00  1.032896777138882e-03 
 1.510033430958203e-04  3.292906938030349e+00  3.292525629728642e+00  3.299673910892068e+00  1.032898939875290e-03 
 1.510034750887412e-04  3.292906929161991e+00  3.292525626222544e+00  3.299673219705989e+00  1.032900880928607e-03 
 1.510036223307838e-04  3.292906921188921e+00  3.292525623046374e+00  3.299672465992004e+00  1.032902645537520e-03 
 1.510037875537765e-04  3.292906914092097e+00  3.292525620182242e+00  3.299671640246008e+00  1.032904213713128e-03 
 1.510039752019147e-04  3.292906907778417e+00  3.292525617593324e+00  3.299670725828558e+00  1.032905631960036e-03 
 1.510041908941655e-04  3.292906902213108e+00  3.292525615258048e+00  3.299669702546776e+00  1.032906882479734e-03 
 1.510044431984808e-04  3.292906897304779e+00  3.292525613145530e+00  3.299668539225029e+00  1.032908010896525e-03 
 1.510047445313083e-04  3.292906892993336e+00  3.292525611224914e+00  3.299667191586678e+00  1.032909005277851e-03 
 1.510051146678509e-04  3.292906889178112e+00  3.292525609465443e+00  3.299665589571343e+00  1.032909911947051e-03 
 1.510055863676533e-04  3.292906885773742e+00  3.292525607829448e+00  3.299663618703778e+00  1.032910724603277e-03 
 1.510062192674904e-04  3.292906882669810e+00  3.292525606286733e+00  3.299661072596125e+00  1.032911490245134e-03 
 1.510071336414800e-04  3.292906879822783e+00  3.292525604829961e+00  3.299657538888090e+00  1.032912189725868e-03 
 1.510086134559726e-04  3.292906877253035e+00  3.292525603498613e+00  3.299652047970696e+00  1.032912837786934e-03 
 1.510109284602361e-04  3.292906875559146e+00  3.292525602612688e+00  3.299643746304504e+00  1.032913256275633e-03 
 1.510140910733026e-04  3.292906874882719e+00  3.292525602259669e+00  3.299632625118792e+00  1.032913432617329e-03 
 1.510189034853626e-04  3.292906874615051e+00  3.292525602111983e+00  3.299615835234178e+00  1.032913495754674e-03 
 1.510275367396457e-04  3.292906874307707e+00  3.292525601943558e+00  3.299585858999523e+00  1.032913582322757e-03 
 1.510448032482121e-04  3.292906873691769e+00  3.292525601600160e+00  3.299526371584112e+00  1.032913737404352e-03 
 1.510793362653447e-04  3.292906872471463e+00  3.292525600925691e+00  3.299409244065244e+00  1.032914062991818e-03 
 1.511484022996100e-04  3.292906870112279e+00  3.292525599615502e+00  3.299182183766822e+00  1.032914674678198e-03 
 1.512484022996100e-04  3.292906866865918e+00  3.292525597818328e+00  3.298869756100090e+00  1.032915530366914e-03 
 1.513484022996100e-04  3.292906863812155e+00  3.292525596123248e+00  3.298575686393215e+00  1.032916323782914e-03 
 1.514484022996100e-04  3.292906860931675e+00  3.292525594528456e+00  3.298298896715538e+00  1.032917083978820e-03 
 1.515484022996100e-04  3.292906858227050e+00  3.292525593026951e+00  3.298038370973105e+00  1.032917785976392e-03 
 1.516484022996100e-04  3.292906855674352e+00  3.292525591613860e+00  3.297793154156754e+00  1.032918460368933e-03 
 1.517484022996100e-04  3.292906853279181e+00  3.292525590283943e+00  3.297562346104753e+00  1.032919081329549e-03 
 1.518484022996100e-04  3.292906851018008e+00  3.292525589032584e+00  3.297345100713589e+00  1.032919679329421e-03 
 1.519247011498050e-04  3.292906849385839e+00  3.292525588125312e+00  3.297187990626202e+00  1.032920100759146e-03 
 1.520010000000000e-04  3.292906847822263e+00  3.292525587260584e+00  3.297037973964549e+00  1.032920516194832e-03 
 1.520010014093693e-04  3.292908698421735e+00  3.292526128047360e+00  3.297038021031858e+00  1.032848090844894e-03 
 1.520010042281079e-04  3.292913696667851e+00  3.292528234142350e+00  3.297038142544889e+00  1.032486891597629e-03 
 1.520010055781914e-04  3.292916893299883e+00  3.292529952744201e+00  3.297038215253471e+00  1.032163436949343e-03 
 1.520010074455597e-04  3.292921978593974e+00  3.292533031817742e+00  3.297038324796450e+00  1.031578803547881e-03 
 1.520010097581283e-04  3.292929248924885e+00  3.292537907394661e+00  3.297038473590682e+00  1.030667244307261e-03 
 1.520010124203017e-04  3.292938741171759e+00  3.292544862895468e+00  3.297038658291117e+00  1.029404884917961e-03 
 1.520010153094640e-04  3.292950213975686e+00  3.292553886514101e+00  3.297038872300016e+00  1.027826834037754e-03 
 1.520010182216315e-04  3.292962816688739e+00  3.292564373973975e+00  3.297039099059842e+00  1.026058344727057e-03 
 1.520010212952952e-04  3.292977088428717e+00  3.292576785067875e+00  3.297039348587504e+00  1.024034720949533e-03 
 1.520010244638521e-04  3.292992685510095e+00  3.292590849359198e+00  3.297039614567368e+00  1.021808722136513e-03 
 1.520010278096660e-04  3.293009993670088e+00  3.292606920945814e+00  3.297039903776991e+00  1.019330408174586e-03 
 1.520010312744173e-04  3.293028687587499e+00  3.292624708880322e+00  3.297040210637242e+00  1.016647705641719e-03 
 1.520010349165954e-04  3.293049062264055e+00  3.292644486624541e+00  3.297040540279581e+00  1.013720791750614e-03 
 1.520010387078843e-04  3.293070935859916e+00  3.292666076388154e+00  3.297040889757509e+00  1.010575853058828e-03 
 1.520010426962053e-04  3.293094567010638e+00  3.292689721723619e+00  3.297041263508742e+00  1.007176865786280e-03 
 1.520010468762809e-04  3.293119904976042e+00  3.292715366381211e+00  3.297041660782035e+00  1.003530632698755e-03 
 1.520010512891280e-04  3.293147184345108e+00  3.292743235755474e+00  3.297042085549654e+00  9.996039027868906e-04 
 1.520010559496017e-04  3.293176481325838e+00  3.292773401042735e+00  3.297042539079839e+00  9.953850118585086e-04 
 1.520010608973978e-04  3.293208034647457e+00  3.292806096831997e+00  3.297043025353332e+00  9.908397614860822e-04 
 1.520010661686100e-04  3.293242062163316e+00  3.292841542030077e+00  3.297043547837010e+00  9.859360124283472e-04 
 1.520010718092369e-04  3.293278852829451e+00  3.292880027328310e+00  3.297044111258204e+00  9.806321069906769e-04 
 1.520010778831522e-04  3.293318814080839e+00  3.292921972154804e+00  3.297044722005372e+00  9.748685100065295e-04 
 1.520010844560189e-04  3.293362372996212e+00  3.292967815165949e+00  3.297045386927800e+00  9.685834426167751e-04 
 1.520010916377674e-04  3.293410252722794e+00  3.293018310649535e+00  3.297046117282953e+00  9.616716795950593e-04 
 1.520010995447313e-04  3.293463228327411e+00  3.293074266697977e+00  3.297046925300479e+00  9.540209338020397e-04 
 1.520011083872864e-04  3.293522710092178e+00  3.293137165799005e+00  3.297047832859514e+00  9.454264236793192e-04 
 1.520011184342652e-04  3.293590514521954e+00  3.293208918983206e+00  3.297048868314307e+00  9.356248431944035e-04 
 1.520011302288071e-04  3.293670322265144e+00  3.293293412272613e+00  3.297050088678568e+00  9.240823215682642e-04 
 1.520011448301356e-04  3.293769336647247e+00  3.293398257617251e+00  3.297051605675447e+00  9.097546654416431e-04 
 1.520011661251659e-04  3.293914016484903e+00  3.293551445652418e+00  3.297053828652324e+00  8.888064316478146e-04 
 1.520011798157362e-04  3.294007154526607e+00  3.293650039213567e+00  3.297055263879344e+00  8.753141560445227e-04 
 1.520011929524398e-04  3.294096588710110e+00  3.293744691626638e+00  3.297056645125353e+00  8.623539582827689e-04 
 1.520012076974817e-04  3.294197035222099e+00  3.293850973512664e+00  3.297058200112739e+00  8.477934353819074e-04 
 1.520012251585562e-04  3.294316056538114e+00  3.293976876348378e+00  3.297060047565505e+00  8.305345434825172e-04 
 1.520012411468642e-04  3.294425100342750e+00  3.294092194079810e+00  3.297061744815586e+00  8.147176108418251e-04 
 1.520012584541890e-04  3.294543198071877e+00  3.294217056456053e+00  3.297063587890676e+00  7.975824675482600e-04 
 1.520012748032222e-04  3.294654807759888e+00  3.294335031494069e+00  3.297065334357407e+00  7.813845414759940e-04 
 1.520012925043644e-04  3.294775697946496e+00  3.294462788995763e+00  3.297067230985613e+00  7.638353848638427e-04 
 1.520013096439425e-04  3.294892799218477e+00  3.294586516516620e+00  3.297069073010447e+00  7.468324404691104e-04 
 1.520013280172880e-04  3.295018375595011e+00  3.294719173364839e+00  3.297071053475220e+00  7.285949232207176e-04 
 1.520013460655487e-04  3.295141773232011e+00  3.294849504339207e+00  3.297073004670910e+00  7.106702686321836e-04 
 1.520013652444504e-04  3.295272943548825e+00  3.294988021099657e+00  3.297075084126031e+00  6.916128468868971e-04 
 1.520013842928173e-04  3.295403261493659e+00  3.295125614914719e+00  3.297077155445716e+00  6.726759338638169e-04 
 1.520014046891336e-04  3.295542841616909e+00  3.295272965531669e+00  3.297079379735683e+00  6.523895740764242e-04 
 1.520014255023243e-04  3.295685314529032e+00  3.295423347366192e+00  3.297081656152930e+00  6.316794868537912e-04 
 1.520014477275638e-04  3.295837493380139e+00  3.295583951554975e+00  3.297084094165566e+00  6.095550287580577e-04 
 1.520014705301997e-04  3.295993665378883e+00  3.295748747514348e+00  3.297086603012923e+00  5.868467597757016e-04 
 1.520014947554467e-04  3.296159619863818e+00  3.295923844199931e+00  3.297089276393720e+00  5.627126380960369e-04 
 1.520015197415419e-04  3.296330825265719e+00  3.296104459107268e+00  3.297092042169944e+00  5.378117042156141e-04 
 1.520015462140477e-04  3.296512253553568e+00  3.296295837484276e+00  3.297094981486405e+00  5.114205941803922e-04 
 1.520015736468622e-04  3.296700300637633e+00  3.296494176456978e+00  3.297098036955376e+00  4.840636221890956e-04 
 1.520016026700344e-04  3.296899285598001e+00  3.296704031603454e+00  3.297101279745902e+00  4.551122567897259e-04 
 1.520016328741501e-04  3.297106402719784e+00  3.296922442968880e+00  3.297104665319470e+00  4.249747861654201e-04 
 1.520016648178511e-04  3.297325482760601e+00  3.297153450416772e+00  3.297108257500047e+00  3.930936278657087e-04 
 1.520016981961652e-04  3.297554435122418e+00  3.297394848710343e+00  3.297112023434830e+00  3.597730997404267e-04 
 1.520017335166814e-04  3.297796741345431e+00  3.297650308952590e+00  3.297116021876850e+00  3.245063659031249e-04 
 1.520017705696315e-04  3.298050963129404e+00  3.297918314081868e+00  3.297120230835680e+00  2.875028712446538e-04 
 1.520018098315445e-04  3.298320369600318e+00  3.298202310866932e+00  3.297124706292784e+00  2.482866449700715e-04 
 1.520018511827980e-04  3.298604140479142e+00  3.298501434042762e+00  3.297129436788326e+00  2.069772104952752e-04 
 1.520018950861989e-04  3.298905451220799e+00  3.298819031346726e+00  3.297134477606223e+00  1.631121967749778e-04 
 1.520019415138917e-04  3.299224110986802e+00  3.299154901180458e+00  3.297139828287480e+00  1.167195216072222e-04 
 1.520019707569458e-04  3.299424833699038e+00  3.299366458267864e+00  3.297143208784815e+00  8.749595903338447e-05 
 1.520020000000000e-04  3.299625563989724e+00  3.299578018879811e+00  3.297146597101422e+00  5.827074140154896e-05 
 1.520020000455565e-04  3.299625852677621e+00  3.299578347824673e+00  3.297146601985270e+00  5.822473940274464e-05 
 1.520020001366697e-04  3.299626419883786e+00  3.299579004468889e+00  3.297146611200982e+00  5.813231810662925e-05 
 1.520020003188960e-04  3.299627514942150e+00  3.299580310508123e+00  3.297146627802738e+00  5.794712082374791e-05 
 1.520020006833485e-04  3.299629634334779e+00  3.299582894609101e+00  3.297146658785788e+00  5.758156660202402e-05 
 1.520020012590642e-04  3.299632873398135e+00  3.299586902306823e+00  3.297146705216449e+00  5.702066757920531e-05 
 1.520020022871052e-04  3.299638384546469e+00  3.299593837640754e+00  3.297146782555028e+00  5.606897549021258e-05 
 1.520020043431873e-04  3.299648478638149e+00  3.299606891866660e+00  3.297146920668559e+00  5.434437975315089e-05 
 1.520020064512996e-04  3.299657706338957e+00  3.299619200401154e+00  3.297147044494534e+00  5.279848512224874e-05 
 1.520020091314327e-04  3.299668075846773e+00  3.299633393078657e+00  3.297147183241925e+00  5.110179928194229e-05 
 1.520020116652286e-04  3.299676688353241e+00  3.299645428682640e+00  3.297147299560694e+00  4.972469075203189e-05 
 1.520020145574473e-04  3.299685336345190e+00  3.299657686210819e+00  3.297147418760104e+00  4.836643366256845e-05 
 1.520020174886422e-04  3.299693005482175e+00  3.299668661493235e+00  3.297147527682700e+00  4.717820583281615e-05 
 1.520020213490750e-04  3.299701704871401e+00  3.299681176643501e+00  3.297147656707661e+00  4.584228874334557e-05 
 1.520020252913933e-04  3.299709209565965e+00  3.299691984891696e+00  3.297147774764933e+00  4.469503054428104e-05 
 1.520020296608657e-04  3.299716195832591e+00  3.299702010456243e+00  3.297147892768825e+00  4.362610434737693e-05 
 1.520020339966120e-04  3.299721989001423e+00  3.299710261407603e+00  3.297147999029002e+00  4.273532210858453e-05 
 1.520020387755560e-04  3.299727307044390e+00  3.299717751740154e+00  3.297148106058552e+00  4.191061970644555e-05 
 1.520020436210538e-04  3.299731767902268e+00  3.299723941910968e+00  3.297148205732595e+00  4.121084508554195e-05 
 1.520020489411298e-04  3.299735800194843e+00  3.299729433321525e+00  3.297148306864560e+00  4.056913561932719e-05 
 1.520020544170102e-04  3.299739194008717e+00  3.299733947727191e+00  3.297148403573777e+00  4.001962027023251e-05 
 1.520020604274920e-04  3.299742225920313e+00  3.299737865739870e+00  3.297148502810468e+00  3.951862444644394e-05 
 1.520020667141856e-04  3.299744792141046e+00  3.299741064912442e+00  3.297148600398398e+00  3.908445637006242e-05 
 1.520020736446130e-04  3.299747074342715e+00  3.299743787180769e+00  3.297148702170110e+00  3.868776320699337e-05 
 1.520020810222246e-04  3.299749028594925e+00  3.299745994320809e+00  3.297148805231046e+00  3.833755708752267e-05 
 1.520020892354167e-04  3.299750780096180e+00  3.299747845051088e+00  3.297148914988263e+00  3.801293552195353e-05 
 1.520020981765022e-04  3.299752319176532e+00  3.299749345130519e+00  3.297149029838081e+00  3.771720036319190e-05 
 1.520021083325648e-04  3.299753740444044e+00  3.299750604815272e+00  3.297149155775343e+00  3.743374518784350e-05 
 1.520021198025580e-04  3.299755057806239e+00  3.299751652151907e+00  3.297149293513902e+00  3.716126210214919e-05 
 1.520021334919654e-04  3.299756363992048e+00  3.299752575688669e+00  3.297149453036119e+00  3.688186354056509e-05 
 1.520021505909430e-04  3.299757732367415e+00  3.299753434575253e+00  3.297149646362702e+00  3.658064352507600e-05 
 1.520021747214058e-04  3.299759354021535e+00  3.299754347273709e+00  3.297149910095056e+00  3.621558563864489e-05 
 1.520021912794107e-04  3.299760321271390e+00  3.299754854078555e+00  3.297150085668790e+00  3.599507678685107e-05 
 1.520022063669401e-04  3.299761128603697e+00  3.299755266178745e+00  3.297150242216809e+00  3.581024801617855e-05 
 1.520022225030116e-04  3.299761926735707e+00  3.299755667496055e+00  3.297150406226092e+00  3.562715284778649e-05 
 1.520022407653038e-04  3.299762759124478e+00  3.299756081936277e+00  3.297150587797510e+00  3.543593467111045e-05 
 1.520022577446703e-04  3.299763472882167e+00  3.299756435099026e+00  3.297150752926482e+00  3.527187757357237e-05 
 1.520022755908822e-04  3.299764166953237e+00  3.299756777273624e+00  3.297150922838985e+00  3.511227889604089e-05 
 1.520022925599690e-04  3.299764778256566e+00  3.299757077893360e+00  3.297151081081779e+00  3.497171741264335e-05 
 1.520023106426761e-04  3.299765381906912e+00  3.299757374252219e+00  3.297151246315835e+00  3.483289786761159e-05 
 1.520023284444036e-04  3.299765931916038e+00  3.299757643895462e+00  3.297151405711791e+00  3.470644342139449e-05 
 1.520023473411946e-04  3.299766471595802e+00  3.299757908183727e+00  3.297151571534104e+00  3.458236090095245e-05 
 1.520023661258871e-04  3.299766966635262e+00  3.299758150344475e+00  3.297151733082876e+00  3.446858013641828e-05 
 1.520023859319318e-04  3.299767447504669e+00  3.299758385348387e+00  3.297151900041133e+00  3.435805906872849e-05 
 1.520024057836814e-04  3.299767890682690e+00  3.299758601701262e+00  3.297152064075710e+00  3.425624295640662e-05 
 1.520024266195048e-04  3.299768317572952e+00  3.299758809896070e+00  3.297152232861648e+00  3.415817456178954e-05 
 1.520024476443594e-04  3.299768712066404e+00  3.299759002067347e+00  3.297152399842376e+00  3.406759272571203e-05 
 1.520024696383994e-04  3.299769089180274e+00  3.299759185568006e+00  3.297152571120375e+00  3.398100961855663e-05 
 1.520024919549968e-04  3.299769438044464e+00  3.299759355096401e+00  3.297152741534153e+00  3.390095780758515e-05 
 1.520025152488432e-04  3.299769769232745e+00  3.299759515826844e+00  3.297152915972992e+00  3.382497263584808e-05 
 1.520025389951440e-04  3.299770075536914e+00  3.299759664248358e+00  3.297153090367854e+00  3.375474357099774e-05 
 1.520025637492299e-04  3.299770364448587e+00  3.299759804025226e+00  3.297153268668452e+00  3.368851392389413e-05 
 1.520025890876872e-04  3.299770631313462e+00  3.299759932896163e+00  3.297153447669065e+00  3.362738632946002e-05 
 1.520026154859510e-04  3.299770881460186e+00  3.299760053469573e+00  3.297153630578160e+00  3.357010168455716e-05 
 1.520026426063371e-04  3.299771112011794e+00  3.299760164350196e+00  3.297153814879674e+00  3.351735328240153e-05 
 1.520026708623663e-04  3.299771326808589e+00  3.299760267421805e+00  3.297154003208683e+00  3.346822432122046e-05 
 1.520026999884172e-04  3.299771524183528e+00  3.299760361878775e+00  3.297154193593713e+00  3.342312995412694e-05 
 1.520027303505976e-04  3.299771706948439e+00  3.299760449105228e+00  3.297154388223907e+00  3.338139027976808e-05 
 1.520027617456712e-04  3.299771874260331e+00  3.299760528695124e+00  3.297154585565824e+00  3.334323039649508e-05 
 1.520027945052541e-04  3.299772028235274e+00  3.299760601695199e+00  3.297154787466304e+00  3.330812934641692e-05 
 1.520028284810638e-04  3.299772168577344e+00  3.299760667967016e+00  3.297154992745242e+00  3.327618783885225e-05 
 1.520028639788165e-04  3.299772296912388e+00  3.299760728319669e+00  3.297155202972661e+00  3.324699648242578e-05 
 1.520029009023721e-04  3.299772413317742e+00  3.299760782795103e+00  3.297155417270917e+00  3.322057053518283e-05 
 1.520029395401881e-04  3.299772519074951e+00  3.299760832038069e+00  3.297155636990249e+00  3.319657976511124e-05 
 1.520029798435102e-04  3.299772614495725e+00  3.299760876202172e+00  3.297155861495336e+00  3.317498514989153e-05 
 1.520030220933888e-04  3.299772700627281e+00  3.299760915821192e+00  3.297156091972797e+00  3.315551024333050e-05 
 1.520030662846259e-04  3.299772777916496e+00  3.299760951113332e+00  3.297156327977318e+00  3.313808480489617e-05 
 1.520031126983401e-04  3.299772847240785e+00  3.299760982531954e+00  3.297156570566980e+00  3.312247140118602e-05 
 1.520031613711023e-04  3.299772909116093e+00  3.299761010327710e+00  3.297156819447196e+00  3.310858366535968e-05 
 1.520032125906245e-04  3.299772964288088e+00  3.299761034891636e+00  3.297157075571375e+00  3.309621474538322e-05 
 1.520032664333805e-04  3.299773013292639e+00  3.299761056482508e+00  3.297157338756879e+00  3.308527336458620e-05 
 1.520033231996075e-04  3.299773056770804e+00  3.299761075441471e+00  3.297157609868529e+00  3.307557624200946e-05 
 1.520033830055422e-04  3.299773095237558e+00  3.299761092016828e+00  3.297157888806100e+00  3.306703809593721e-05 
 1.520034461658086e-04  3.299773129232602e+00  3.299761106498656e+00  3.297158176338893e+00  3.305949840840805e-05 
 1.520035128418421e-04  3.299773159236357e+00  3.299761119116781e+00  3.297158472445791e+00  3.305287969814623e-05 
 1.520035833688044e-04  3.299773185690146e+00  3.299761130113461e+00  3.297158777810381e+00  3.304704470082891e-05 
 1.520036579548037e-04  3.299773209017321e+00  3.299761139687055e+00  3.297159092465771e+00  3.304192880133724e-05 
 1.520037369718277e-04  3.299773229563888e+00  3.299761148032038e+00  3.297159417057156e+00  3.303741801560032e-05 
 1.520038206858670e-04  3.299773247687358e+00  3.299761155309717e+00  3.297159751682291e+00  3.303346225827767e-05 
 1.520039095341474e-04  3.299773263654338e+00  3.299761161674190e+00  3.297160097026459e+00  3.302996638437630e-05 
 1.520040038659933e-04  3.299773277747380e+00  3.299761167246313e+00  3.297160453300172e+00  3.302689878518939e-05 
 1.520041042220570e-04  3.299773290160437e+00  3.299761172139548e+00  3.297160821312513e+00  3.302418120324943e-05 
 1.520042115651033e-04  3.299773301161822e+00  3.299761176460514e+00  3.297161203174334e+00  3.302178656923793e-05 
 1.520043297576167e-04  3.299773311108229e+00  3.299761180377807e+00  3.297161610492509e+00  3.301960159534729e-05 
 1.520044603045391e-04  3.299773320081373e+00  3.299761183919868e+00  3.297162045492125e+00  3.301764019814852e-05 
 1.520046059386854e-04  3.299773328127963e+00  3.299761187128356e+00  3.297162513691509e+00  3.301585808181642e-05 
 1.520047692160786e-04  3.299773335318537e+00  3.299761190021883e+00  3.297163018914071e+00  3.301427207271686e-05 
 1.520049544123592e-04  3.299773341687942e+00  3.299761192634839e+00  3.297163568952532e+00  3.301284046494810e-05 
 1.520051670233669e-04  3.299773347330227e+00  3.299761194991522e+00  3.297164173141929e+00  3.301157596850028e-05 
 1.520054152875244e-04  3.299773352279999e+00  3.299761197121901e+00  3.297164845691537e+00  3.301043735402165e-05 
 1.520057111822763e-04  3.299773356653260e+00  3.299761199057754e+00  3.297165606501077e+00  3.300943228669564e-05 
 1.520060735920034e-04  3.299773360493068e+00  3.299761200828550e+00  3.297166486405968e+00  3.300851904423017e-05 
 1.520065336846725e-04  3.299773363933262e+00  3.299761202468380e+00  3.297167534893795e+00  3.300770206052654e-05 
 1.520071476656848e-04  3.299773367037457e+00  3.299761204012240e+00  3.297168839259578e+00  3.300693532465375e-05 
 1.520080276138290e-04  3.299773369909642e+00  3.299761205471887e+00  3.297170570000420e+00  3.300623279080317e-05 
 1.520094338276473e-04  3.299773372474844e+00  3.299761206805438e+00  3.297173119366185e+00  3.300558415163249e-05 
 1.520116946978553e-04  3.299773374261376e+00  3.299761207730433e+00  3.297176930827357e+00  3.300514581668970e-05 
 1.520147481954818e-04  3.299773374925583e+00  3.299761208082066e+00  3.297181858650571e+00  3.300497066273857e-05 
 1.520193649905278e-04  3.299773375126401e+00  3.299761208183704e+00  3.297189191891712e+00  3.300492845241842e-05 
 1.520274251187620e-04  3.299773375244560e+00  3.299761208254953e+00  3.297201919140157e+00  3.300488852394224e-05 
 1.520435453752304e-04  3.299773375518552e+00  3.299761208401455e+00  3.297227190445005e+00  3.300482560842987e-05 
 1.520757858881672e-04  3.299773376023889e+00  3.299761208686739e+00  3.297276999384392e+00  3.300468465142071e-05 
 1.521402669140407e-04  3.299773377039360e+00  3.299761209244325e+00  3.297373757188550e+00  3.300442761761953e-05 
 1.522402669140407e-04  3.299773378516716e+00  3.299761210068994e+00  3.297516561452200e+00  3.300403185073759e-05 
 1.523402669140407e-04  3.299773379925083e+00  3.299761210844574e+00  3.297650974713942e+00  3.300367184049320e-05 
 1.524402669140407e-04  3.299773381229512e+00  3.299761211572964e+00  3.297777489422717e+00  3.300332160953732e-05 
 1.525402669140407e-04  3.299773382477877e+00  3.299761212259804e+00  3.297896570273351e+00  3.300300351420897e-05 
 1.526402669140407e-04  3.299773383632522e+00  3.299761212905151e+00  3.298008653567212e+00  3.300269249766264e-05 
 1.527402669140407e-04  3.299773384739143e+00  3.299761213513374e+00  3.298114150967982e+00  3.300241153618591e-05 
 1.528402669140407e-04  3.299773385760534e+00  3.299761214084793e+00  3.298213449029031e+00  3.300213543970647e-05 
 1.529201334570204e-04  3.299773386547218e+00  3.299761214515260e+00  3.298288539220058e+00  3.300193849020476e-05 
 1.530000000000000e-04  3.299773387280285e+00  3.299761214926834e+00  3.298360084257982e+00  3.300173787778884e-05 
