 time                   v(gate)                i(Vsrc)               
 1.000000000000000e-09  3.269355283153230e-05 -3.064471684677028e-10 
 1.002596486587003e-09  3.277861344649375e-05 -3.070706108773622e-10 
 1.007789459761010e-09  3.294904574294328e-05 -3.080064291700683e-10 
 1.018175406109024e-09  3.329080721313250e-05 -3.089811884652975e-10 
 1.034148679108866e-09  3.381747566485724e-05 -3.094307457353616e-10 
 1.051343186300386e-09  3.438487943290377e-05 -3.094457150089915e-10 
 1.077873321417464e-09  3.526045003841539e-05 -3.093695683609156e-10 
 1.116002940052117e-09  3.651877345536932e-05 -3.093235663505742e-10 
 1.192262177321425e-09  3.903533618952346e-05 -3.093156620835522e-10 
 1.344780651860039e-09  4.406844083469801e-05 -3.093206766832750e-10 
 1.649817600937267e-09  5.413465836675260e-05 -3.093224641772345e-10 
 2.259891499091724e-09  7.426709608216758e-05 -3.093233878593380e-10 
 3.480039295400639e-09  1.145319713399054e-04 -3.093254083157071e-10 
 5.920334888018468e-09  1.950617217938209e-04 -3.093295107885896e-10 
 1.080092607325412e-08  3.561212226932153e-04 -3.093377241708823e-10 
 2.056210844372544e-08  6.782402244550943e-04 -3.093541878454048e-10 
 4.008447318466807e-08  1.322478227829507e-03 -3.093872645394875e-10 
 7.004223659233404e-08  2.311084369032914e-03 -3.094385141095659e-10 
 1.000000000000000e-07  3.299690509417472e-03 -3.094905825288409e-10 
 1.059915526815332e-07  3.497411737108633e-03 -3.095013819634432e-10 
 1.179746580445996e-07  3.892854193066322e-03 -3.095224054647662e-10 
 1.419408687707324e-07  4.683739104749458e-03 -3.095646847119877e-10 
 1.898732902229979e-07  6.265508927171061e-03 -3.096501878709367e-10 
 2.857381331275290e-07  9.429048568179768e-03 -3.098250286900461e-10 
 3.857381331275290e-07  1.272904837588133e-02 -3.100173271326372e-10 
 4.857381331275290e-07  1.602904817517314e-02 -3.102180353181281e-10 
 5.857381331275290e-07  1.932904796601752e-02 -3.104271909411792e-10 
 6.857381331275290e-07  2.262904774805910e-02 -3.106451493642989e-10 
 7.857381331275290e-07  2.592904752092760e-02 -3.108722808628582e-10 
 8.857381331275290e-07  2.922904728423721e-02 -3.111089712501999e-10 
 9.857381331275290e-07  3.252904703758592e-02 -3.113556225451015e-10 
 1.085738133127529e-06  3.582904678055483e-02 -3.116126536358487e-10 
 1.185738133127529e-06  3.912904651270745e-02 -3.118805010188480e-10 
 1.285738133127529e-06  4.242904623358898e-02 -3.121596194898056e-10 
 1.385738133127529e-06  4.572904594272548e-02 -3.124504830009250e-10 
 1.485738133127529e-06  4.902904563962315e-02 -3.127535853385331e-10 
 1.585738133127530e-06  5.232904532376746e-02 -3.130694410175472e-10 
 1.685738133127530e-06  5.562904499462226e-02 -3.133985862301516e-10 
 1.785738133127530e-06  5.892904465162897e-02 -3.137415795234242e-10 
 1.885738133127530e-06  6.222904429420552e-02 -3.140990029919591e-10 
 1.985738133127530e-06  6.552904392174537e-02 -3.144714631248989e-10 
 2.085738133127530e-06  6.882904353361674e-02 -3.148595917546121e-10 
 2.185738133127530e-06  7.212904312916109e-02 -3.152640473983934e-10 
 2.285738133127529e-06  7.542904270769250e-02 -3.156855159767470e-10 
 2.385738133127529e-06  7.872904226849618e-02 -3.161247123041654e-10 
 2.485738133127529e-06  8.202904181082737e-02 -3.165823810920157e-10 
 2.585738133127529e-06  8.532904133391020e-02 -3.170592982631353e-10 
 2.685738133127529e-06  8.862904083693615e-02 -3.175562723206366e-10 
 2.785738133127529e-06  9.192904031906306e-02 -3.180741454050047e-10 
 2.885738133127529e-06  9.522903977941324e-02 -3.186137952185556e-10 
 2.985738133127529e-06  9.852903921707248e-02 -3.191761359741139e-10 
 3.085738133127529e-06  1.018290386310882e-01 -3.197621202788133e-10 
 3.185738133127528e-06  1.051290380204680e-01 -3.203727405029022e-10 
 3.285738133127528e-06  1.084290373841778e-01 -3.210090306228876e-10 
 3.385738133127528e-06  1.117290367211407e-01 -3.216720677394177e-10 
 3.485738133127528e-06  1.150290360302343e-01 -3.223629741643712e-10 
 3.585738133127528e-06  1.183290353102895e-01 -3.230829188980832e-10 
 3.685738133127528e-06  1.216290345600885e-01 -3.238331199197217e-10 
 3.785738133127528e-06  1.249290337783624e-01 -3.246148460168789e-10 
 3.885738133127528e-06  1.282290329637894e-01 -3.254294190352912e-10 
 3.985738133127528e-06  1.315290321149927e-01 -3.262782157626397e-10 
 4.085738133127527e-06  1.348290312305376e-01 -3.271626708152391e-10 
 4.185738133127527e-06  1.381290303089303e-01 -3.280842781423678e-10 
 4.285738133127527e-06  1.414290293486139e-01 -3.290445944957154e-10 
 4.385738133127527e-06  1.447290283479674e-01 -3.300452410285801e-10 
 4.485738133127527e-06  1.480290273053018e-01 -3.310879066297911e-10 
 4.585738133127527e-06  1.513290262188578e-01 -3.321743506342137e-10 
 4.685738133127527e-06  1.546290250868032e-01 -3.333064052622042e-10 
 4.785738133127527e-06  1.579290239072293e-01 -3.344859790890570e-10 
 4.885738133127527e-06  1.612290226781484e-01 -3.357150600265604e-10 
 4.985738133127526e-06  1.645290213974898e-01 -3.369957186298133e-10 
 5.085738133127526e-06  1.678290200630972e-01 -3.383301112685165e-10 
 5.185738133127526e-06  1.711290186727244e-01 -3.397204839758906e-10 
 5.285738133127526e-06  1.744290172240328e-01 -3.411691756470721e-10 
 5.385738133127526e-06  1.777290157145860e-01 -3.426786224301325e-10 
 5.485738133127526e-06  1.810290141418475e-01 -3.442513608973696e-10 
 5.585738133127526e-06  1.843290125031752e-01 -3.458900332494776e-10 
 5.685738133127526e-06  1.876290107958182e-01 -3.475973901886833e-10 
 5.785738133127526e-06  1.909290090169116e-01 -3.493762967192275e-10 
 5.885738133127525e-06  1.942290071634727e-01 -3.512297356168120e-10 
 5.985738133127525e-06  1.975290052323952e-01 -3.531608132019762e-10 
 6.085738133127525e-06  2.008290032204450e-01 -3.551727633245398e-10 
 6.185738133127525e-06  2.041290011242552e-01 -3.572689531911900e-10 
 6.285738133127525e-06  2.074289989403198e-01 -3.594528886238617e-10 
 6.385738133127525e-06  2.107289966649890e-01 -3.617282193723280e-10 
 6.485738133127525e-06  2.140289942944634e-01 -3.640987449417873e-10 
 6.585738133127525e-06  2.173289918247874e-01 -3.665684209354456e-10 
 6.685738133127525e-06  2.206289892518437e-01 -3.691413646381581e-10 
 6.785738133127524e-06  2.239289865713463e-01 -3.718218620637429e-10 
 6.885738133127524e-06  2.272289837788344e-01 -3.746143739723033e-10 
 6.985738133127524e-06  2.305289808696648e-01 -3.775235435680632e-10 
 7.085738133127524e-06  2.338289778390054e-01 -3.805542029774751e-10 
 7.185738133127524e-06  2.371289746818272e-01 -3.837113811096856e-10 
 7.285738133127524e-06  2.404289713928972e-01 -3.870003111104258e-10 
 7.385738133127524e-06  2.437289679667697e-01 -3.904264386019474e-10 
 7.485738133127524e-06  2.470289643977787e-01 -3.939954296519090e-10 
 7.585738133127524e-06  2.503289606800291e-01 -3.977131791759424e-10 
 7.685738133127523e-06  2.536289568073875e-01 -4.015858208581032e-10 
 7.785738133127524e-06  2.569289527734737e-01 -4.056197346318652e-10 
 7.885738133127525e-06  2.602289485716510e-01 -4.098215573866172e-10 
 7.985738133127526e-06  2.635289441950159e-01 -4.141981925628521e-10 
 8.085738133127526e-06  2.668289396363888e-01 -4.187568196389359e-10 
 8.185738133127527e-06  2.701289348883030e-01 -4.235049055152304e-10 
 8.285738133127528e-06  2.734289299429943e-01 -4.284502142177030e-10 
 8.385738133127529e-06  2.767289247923893e-01 -4.336008192578310e-10 
 8.485738133127529e-06  2.800289194280945e-01 -4.389651139867327e-10 
 8.585738133127530e-06  2.833289138413843e-01 -4.445518242803329e-10 
 8.685738133127531e-06  2.866289080231886e-01 -4.503700199234850e-10 
 8.785738133127532e-06  2.899289019640806e-01 -4.564291279998689e-10 
 8.885738133127532e-06  2.932288956542630e-01 -4.627389456313656e-10 
 8.985738133127533e-06  2.965288890835561e-01 -4.693096526090131e-10 
 9.085738133127534e-06  2.998288822413827e-01 -4.761518259755251e-10 
 9.185738133127535e-06  3.031288751167548e-01 -4.832764538488694e-10 
 9.285738133127535e-06  3.064288676982594e-01 -4.906949493000551e-10 
 9.385738133127536e-06  3.097288599740427e-01 -4.984191660198541e-10 
 9.485738133127537e-06  3.130288519317957e-01 -5.064614130097407e-10 
 9.585738133127537e-06  3.163288435587389e-01 -5.148344698691423e-10 
 9.685738133127538e-06  3.196288348416054e-01 -5.235516034379425e-10 
 9.785738133127539e-06  3.229288257666251e-01 -5.326265837342532e-10 
 9.885738133127540e-06  3.262288163195085e-01 -5.420737003258673e-10 
 9.985738133127540e-06  3.295288064854294e-01 -5.519077795148632e-10 
 1.008573813312754e-05  3.328287962490072e-01 -5.621442016848395e-10 
 1.018573813312754e-05  3.361287855942905e-01 -5.727989184313095e-10 
 1.028573813312754e-05  3.394287745047377e-01 -5.838884712099784e-10 
 1.038573813312754e-05  3.427287629632002e-01 -5.954300087381882e-10 
 1.048573813312754e-05  3.460287509519036e-01 -6.074413054805647e-10 
 1.058573813312754e-05  3.493287384524286e-01 -6.199407803515050e-10 
 1.068573813312755e-05  3.526287254456937e-01 -6.329475153092450e-10 
 1.078573813312755e-05  3.559287119119345e-01 -6.464812744920272e-10 
 1.088573813312755e-05  3.592286978306867e-01 -6.605625223784876e-10 
 1.098573813312755e-05  3.625286831807651e-01 -6.752124440080262e-10 
 1.108573813312755e-05  3.658286679402468e-01 -6.904529623280413e-10 
 1.118573813312755e-05  3.691286520864505e-01 -7.063067586853509e-10 
 1.128573813312755e-05  3.724286355959190e-01 -7.227972901734277e-10 
 1.138573813312755e-05  3.757286184443993e-01 -7.399488099611891e-10 
 1.148573813312755e-05  3.790286006068263e-01 -7.577863829597194e-10 
 1.158573813312755e-05  3.823285820573030e-01 -7.763359063136903e-10 
 1.168573813312755e-05  3.856285627690839e-01 -7.956241253933433e-10 
 1.178573813312755e-05  3.889285427145587e-01 -8.156786506538331e-10 
 1.188573813312755e-05  3.922285218652350e-01 -8.365279743861517e-10 
 1.198573813312756e-05  3.955285001917236e-01 -8.582014857875381e-10 
 1.208573813312756e-05  3.988284776637238e-01 -8.807294855982077e-10 
 1.218573813312756e-05  4.021284542500104e-01 -9.041431990033585e-10 
 1.228573813312756e-05  4.054284299184207e-01 -9.284747886978070e-10 
 1.238573813312756e-05  4.087284046358446e-01 -9.537573649148583e-10 
 1.248573813312756e-05  4.120283783682146e-01 -9.800249948588649e-10 
 1.258573813312756e-05  4.153283510804987e-01 -1.007312710836743e-09 
 1.268573813312756e-05  4.186283227366944e-01 -1.035656515136884e-09 
 1.278573813312756e-05  4.219282932998256e-01 -1.065093383932278e-09 
 1.288573813312756e-05  4.252282627319411e-01 -1.095661268527351e-09 
 1.298573813312756e-05  4.285282309941160e-01 -1.127399093677449e-09 
 1.308573813312756e-05  4.318281980464559e-01 -1.160346753685711e-09 
 1.318573813312756e-05  4.351281638481052e-01 -1.194545104434182e-09 
 1.328573813312756e-05  4.384281283572557e-01 -1.230035954059676e-09 
 1.338573813312757e-05  4.417280915311626e-01 -1.266862047178633e-09 
 1.348573813312757e-05  4.450280533261622e-01 -1.305067047485675e-09 
 1.358573813312757e-05  4.483280136976941e-01 -1.344695515635881e-09 
 1.368573813312757e-05  4.516279726003284e-01 -1.385792881435002e-09 
 1.378573813312757e-05  4.549279299877972e-01 -1.428405412614436e-09 
 1.388573813312757e-05  4.582278858130319e-01 -1.472580177968360e-09 
 1.398573813312757e-05  4.615278400282054e-01 -1.518365004473526e-09 
 1.408573813312757e-05  4.648277925847807e-01 -1.565808429150693e-09 
 1.418573813312757e-05  4.681277434335656e-01 -1.614959644366618e-09 
 1.428573813312757e-05  4.714276925247734e-01 -1.665868436576644e-09 
 1.438573813312757e-05  4.747276398080913e-01 -1.718585118670474e-09 
 1.448573813312757e-05  4.780275852327557e-01 -1.773160454240658e-09 
 1.458573813312757e-05  4.813275287476354e-01 -1.829645574695331e-09 
 1.468573813312758e-05  4.846274703013208e-01 -1.888091889323644e-09 
 1.478573813312758e-05  4.879274088280855e-01 -1.949565124571492e-09 
 1.488573813312758e-05  4.912273462775638e-01 -2.012115646299849e-09 
 1.498573813312758e-05  4.945272816125181e-01 -2.076780692078853e-09 
 1.508573813312758e-05  4.978272147797884e-01 -2.143613421750484e-09 
 1.518573813312758e-05  5.011271457286035e-01 -2.212664606659337e-09 
 1.528573813312758e-05  5.044270744083486e-01 -2.283984861591211e-09 
 1.538573813312758e-05  5.077270007690134e-01 -2.357624196672355e-09 
 1.548573813312758e-05  5.110269247613575e-01 -2.433631852570735e-09 
 1.558573813312757e-05  5.143268463370789e-01 -2.512056131252077e-09 
 1.568573813312757e-05  5.176267654489991e-01 -2.592944210906556e-09 
 1.578573813312757e-05  5.209266820512506e-01 -2.676341959466019e-09 
 1.588573813312757e-05  5.242265960994780e-01 -2.762293731966604e-09 
 1.598573813312757e-05  5.275265075510442e-01 -2.850842165742946e-09 
 1.608573813312757e-05  5.308264163652493e-01 -2.942027960551978e-09 
 1.618573813312757e-05  5.341263225035504e-01 -3.035889659455671e-09 
 1.628573813312757e-05  5.374262259297961e-01 -3.132463413766003e-09 
 1.638573813312757e-05  5.407261266104609e-01 -3.231782748857291e-09 
 1.648573813312757e-05  5.440260245148895e-01 -3.333878320329123e-09 
 1.658573813312757e-05  5.473259196155418e-01 -3.438777668000881e-09 
 1.668573813312756e-05  5.506258118882441e-01 -3.546504965569464e-09 
 1.678573813312756e-05  5.539257013124406e-01 -3.657080769074381e-09 
 1.688573813312756e-05  5.572255878714470e-01 -3.770521762543923e-09 
 1.698573813312756e-05  5.605254715527010e-01 -3.886840508520242e-09 
 1.708573813312756e-05  5.638253523480132e-01 -4.006045196307609e-09 
 1.718573813312756e-05  5.671252302538117e-01 -4.128139397810079e-09 
 1.728573813312756e-05  5.704251052713816e-01 -4.253121827922819e-09 
 1.738573813312756e-05  5.737249774070959e-01 -4.380986113488618e-09 
 1.748573813312756e-05  5.770248466726392e-01 -4.511720570277503e-09 
 1.758573813312756e-05  5.803247130852142e-01 -4.645307995253603e-09 
 1.768573813312755e-05  5.836245766677395e-01 -4.781725469900876e-09 
 1.778573813312755e-05  5.869244374490276e-01 -4.920944181763427e-09 
 1.788573813312755e-05  5.902242954639465e-01 -5.062929262899390e-09 
 1.798573813312755e-05  5.935241507535591e-01 -5.207639650127265e-09 
 1.808573813312755e-05  5.968240033652419e-01 -5.355027967389979e-09 
 1.818573813312755e-05  6.001238533527753e-01 -5.505040433922970e-09 
 1.828573813312755e-05  6.034237007764132e-01 -5.657616796057863e-09 
 1.838573813312755e-05  6.067235457029169e-01 -5.812690292311164e-09 
 1.848573813312755e-05  6.100233882055648e-01 -5.970187644385380e-09 
 1.858573813312755e-05  6.133232283641279e-01 -6.130029081238310e-09 
 1.868573813312755e-05  6.166230662648109e-01 -6.292128398280479e-09 
 1.878573813312754e-05  6.199229020001629e-01 -6.456393046171301e-09 
 1.888573813312754e-05  6.232227356689496e-01 -6.622724259513872e-09 
 1.898573813312754e-05  6.265225683358995e-01 -6.790057309490928e-09 
 1.908573813312754e-05  6.298223981395390e-01 -6.960253670076563e-09 
 1.918573813312754e-05  6.331222262007785e-01 -7.132192430397977e-09 
 1.928573813312754e-05  6.364220526471910e-01 -7.305746017914963e-09 
 1.938573813312754e-05  6.397218776048104e-01 -7.480788398570200e-09 
 1.948573813312754e-05  6.430217012052319e-01 -7.657187976891321e-09 
 1.958573813312754e-05  6.463215235844658e-01 -7.834808742968394e-09 
 1.968573813312754e-05  6.496213448825032e-01 -8.013510705484270e-09 
 1.978573813312753e-05  6.529211652429006e-01 -8.193150308156635e-09 
 1.988573813312753e-05  6.562209848123276e-01 -8.373580881091379e-09 
 1.998573813312753e-05  6.595208037401036e-01 -8.554653105146380e-09 
 2.008573813312753e-05  6.628206221777073e-01 -8.736215501340371e-09 
 2.018573813312753e-05  6.661204402782782e-01 -8.918114930453296e-09 
 2.028573813312753e-05  6.694202581960986e-01 -9.100197109973909e-09 
 2.038573813312753e-05  6.727200760860736e-01 -9.282307134950499e-09 
 2.048573813312753e-05  6.760198941032055e-01 -9.464290002961576e-09 
 2.058573813312753e-05  6.793197124020619e-01 -9.645991146675983e-09 
 2.068573813312753e-05  6.826195311362553e-01 -9.827256953185738e-09 
 2.078573813312753e-05  6.859193504579240e-01 -1.000793528453149e-08 
 2.088573813312752e-05  6.892191705172253e-01 -1.018787598315758e-08 
 2.098573813312752e-05  6.925189914618421e-01 -1.036693136630823e-08 
 2.108573813312752e-05  6.958188134365091e-01 -1.054495669928178e-08 
 2.118573813312752e-05  6.991186365825565e-01 -1.072181065187982e-08 
 2.128573813312752e-05  7.024184610374797e-01 -1.089735572851018e-08 
 2.138573813312752e-05  7.057182869345351e-01 -1.107145867324487e-08 
 2.148573813312752e-05  7.090181144023638e-01 -1.124399084441192e-08 
 2.158573813312752e-05  7.123179435646454e-01 -1.141482856284112e-08 
 2.168573813312752e-05  7.156177745397858e-01 -1.158385342237955e-08 
 2.178573813312752e-05  7.189176074406380e-01 -1.175095256994094e-08 
 2.188573813312751e-05  7.222174434011261e-01 -1.191499208194960e-08 
 2.198573813312751e-05  7.255172805251388e-01 -1.207786806927801e-08 
 2.208573813312751e-05  7.288171198658789e-01 -1.223852732915379e-08 
 2.218573813312751e-05  7.321169615223663e-01 -1.239687084171777e-08 
 2.228573813312751e-05  7.354168055750094e-01 -1.255281819852530e-08 
 2.238573813312751e-05  7.387166520993769e-01 -1.270629383101022e-08 
 2.248573813312751e-05  7.420165011645599e-01 -1.285722864806382e-08 
 2.258573813312751e-05  7.453163528331322e-01 -1.300556007549983e-08 
 2.268573813312751e-05  7.486162071611786e-01 -1.315123202927457e-08 
 2.278573813312751e-05  7.519160641983522e-01 -1.329419485563907e-08 
 2.288573813312750e-05  7.552159239879566e-01 -1.343440525123328e-08 
 2.298573813312750e-05  7.585157865670562e-01 -1.357182615152174e-08 
 2.308573813312750e-05  7.618156519666072e-01 -1.370642660058086e-08 
 2.318573813312750e-05  7.651155202116123e-01 -1.383818159540751e-08 
 2.328573813312750e-05  7.684153913212932e-01 -1.396707191450661e-08 
 2.338573813312750e-05  7.717152653092796e-01 -1.409308392793900e-08 
 2.348573813312750e-05  7.750151421838163e-01 -1.421620939143133e-08 
 2.358573813312750e-05  7.783150219479779e-01 -1.433644522975258e-08 
 2.368573813312750e-05  7.816149045998989e-01 -1.445379330859784e-08 
 2.378573813312750e-05  7.849147901330105e-01 -1.456826019703965e-08 
 2.388573813312750e-05  7.882146785362821e-01 -1.467985692542566e-08 
 2.398573813312749e-05  7.915145697944722e-01 -1.478859873525317e-08 
 2.408573813312749e-05  7.948144638883776e-01 -1.489450482991105e-08 
 2.418573813312749e-05  7.981143607950870e-01 -1.499759812032594e-08 
 2.428573813312749e-05  8.014142604882328e-01 -1.509790497461992e-08 
 2.438573813312749e-05  8.047141629382433e-01 -1.519545496408200e-08 
 2.448573813312749e-05  8.080140681125890e-01 -1.529028061813837e-08 
 2.458573813312749e-05  8.113139759760284e-01 -1.538241717888907e-08 
 2.468573813312749e-05  8.146138864908459e-01 -1.547190236139088e-08 
 2.478573813312749e-05  8.179137996170840e-01 -1.555877612315591e-08 
 2.488573813312749e-05  8.212137153127733e-01 -1.564308043386711e-08 
 2.498573813312748e-05  8.245136335341463e-01 -1.572485906081462e-08 
 2.508573813312748e-05  8.278135542358526e-01 -1.580415735454900e-08 
 2.518573813312748e-05  8.311134773711585e-01 -1.588102204852070e-08 
 2.528573813312748e-05  8.344134028921425e-01 -1.595550106446575e-08 
 2.538573813312748e-05  8.377133307498787e-01 -1.602764332830822e-08 
 2.548573813312748e-05  8.410132608946119e-01 -1.609749859506158e-08 
 2.558573813312748e-05  8.443131932759250e-01 -1.616511728197000e-08 
 2.568573813312748e-05  8.476131278428934e-01 -1.623055031335901e-08 
 2.578573813312748e-05  8.509130645442337e-01 -1.629384897318398e-08 
 2.588573813312748e-05  8.542130033284404e-01 -1.635506476646911e-08 
 2.598573813312748e-05  8.575129431444399e-01 -1.641524876693900e-08 
 2.608573813312747e-05  8.608128859553732e-01 -1.647243783368078e-08 
 2.618573813312747e-05  8.641128307068827e-01 -1.652768632403375e-08 
 2.628573813312747e-05  8.674127773329776e-01 -1.658106022904733e-08 
 2.638573813312747e-05  8.707127257850255e-01 -1.663260818126049e-08 
 2.648573813312747e-05  8.740126760126060e-01 -1.668238060073633e-08 
 2.658573813312747e-05  8.773126279657267e-01 -1.673042748003700e-08 
 2.668573813312747e-05  8.806125815949710e-01 -1.677679823557966e-08 
 2.678573813312747e-05  8.839125368515572e-01 -1.682154164930633e-08 
 2.688573813312747e-05  8.872124936873951e-01 -1.686470581143806e-08 
 2.698573813312747e-05  8.905124520551360e-01 -1.690633807071001e-08 
 2.708573813312746e-05  8.938124119082179e-01 -1.694648498861816e-08 
 2.718573813312746e-05  8.971123732009053e-01 -1.698519230114697e-08 
 2.728573813312746e-05  9.004123358883194e-01 -1.702250488700222e-08 
 2.738573813312746e-05  9.037122999264720e-01 -1.705846673432602e-08 
 2.748573813312746e-05  9.070122652722845e-01 -1.709312092183172e-08 
 2.758573813312746e-05  9.103122318836104e-01 -1.712650959592721e-08 
 2.768573813312746e-05  9.136121997192501e-01 -1.715867395629504e-08 
 2.778573813312746e-05  9.169121687389630e-01 -1.718965424320727e-08 
 2.788573813312746e-05  9.202121389034754e-01 -1.721948973080339e-08 
 2.798573813312746e-05  9.235121101744864e-01 -1.724821871971777e-08 
 2.808573813312746e-05  9.268120825146704e-01 -1.727587853588702e-08 
 2.818573813312745e-05  9.301120558876761e-01 -1.730250553011632e-08 
 2.828573813312745e-05  9.334120302581241e-01 -1.732813508209096e-08 
 2.838573813312745e-05  9.367120055916018e-01 -1.735280160417105e-08 
 2.848573813312745e-05  9.400119818546582e-01 -1.737653854789675e-08 
 2.858573813312745e-05  9.433119590147917e-01 -1.739937841428816e-08 
 2.868573813312745e-05  9.466119370404437e-01 -1.742135276241053e-08 
 2.878573813312745e-05  9.499119159009833e-01 -1.744249222270997e-08 
 2.888573813312745e-05  9.532118955666975e-01 -1.746282650839752e-08 
 2.898573813312745e-05  9.565118760087749e-01 -1.748238443095330e-08 
 2.908573813312745e-05  9.598118571992916e-01 -1.750119391422111e-08 
 2.918573813312744e-05  9.631118391111950e-01 -1.751928201088829e-08 
 2.928573813312744e-05  9.664118217182864e-01 -1.753667491950772e-08 
 2.938573813312744e-05  9.697118049952058e-01 -1.755339800000189e-08 
 2.948573813312744e-05  9.730117889174122e-01 -1.756947579339540e-08 
 2.958573813312744e-05  9.763117734611668e-01 -1.758493203883691e-08 
 2.968573813312744e-05  9.796117586035128e-01 -1.759978969289797e-08 
 2.978573813312744e-05  9.829117443222586e-01 -1.761407094724547e-08 
 2.988573813312744e-05  9.862117305959578e-01 -1.762779724794050e-08 
 2.998573813312744e-05  9.895117174038915e-01 -1.764098931408657e-08 
 3.008573813312744e-05  9.928117047260475e-01 -1.765366715788738e-08 
 3.018573813312744e-05  9.961116925431026e-01 -1.766585010286141e-08 
 3.028573813312743e-05  9.994116808364037e-01 -1.767755680183968e-08 
 3.038573813312743e-05  1.002711669587948e+00 -1.768880525734873e-08 
 3.048573813312743e-05  1.006011658780366e+00 -1.769961283960841e-08 
 3.058573813312743e-05  1.009311648396902e+00 -1.770999630322859e-08 
 3.068573813312744e-05  1.012611638421396e+00 -1.771997180997735e-08 
 3.078573813312744e-05  1.015911628838266e+00 -1.772955493962308e-08 
 3.088573813312744e-05  1.019211619632490e+00 -1.773876071573845e-08 
 3.098573813312744e-05  1.022511610789589e+00 -1.774760361740978e-08 
 3.108573813312745e-05  1.025811602295609e+00 -1.775609759658431e-08 
 3.118573813312745e-05  1.029111594137107e+00 -1.776425609845318e-08 
 3.128573813312745e-05  1.032411586301132e+00 -1.777209207446187e-08 
 3.138573813312745e-05  1.035711578775207e+00 -1.777961799944057e-08 
 3.148573813312746e-05  1.039011571547319e+00 -1.778684588721671e-08 
 3.158573813312746e-05  1.042311564605900e+00 -1.779378730644432e-08 
 3.168573813312746e-05  1.045611557939811e+00 -1.780045339513231e-08 
 3.178573813312746e-05  1.048911551538331e+00 -1.780685487517281e-08 
 3.188573813312747e-05  1.052211545391140e+00 -1.781300206665261e-08 
 3.198573813312747e-05  1.055511539488307e+00 -1.781890489999625e-08 
 3.208573813312747e-05  1.058811533820273e+00 -1.782457293374694e-08 
 3.218573813312747e-05  1.062111528377844e+00 -1.783001536324012e-08 
 3.228573813312748e-05  1.065411523152170e+00 -1.783524103664974e-08 
 3.238573813312748e-05  1.068711518134745e+00 -1.784025846214392e-08 
 3.248573813312748e-05  1.072011513317380e+00 -1.784507582675010e-08 
 3.258573813312748e-05  1.075311508692202e+00 -1.784970100459499e-08 
 3.268573813312749e-05  1.078611504251642e+00 -1.785414156514446e-08 
 3.278573813312749e-05  1.081911499988416e+00 -1.785840479098452e-08 
 3.288573813312749e-05  1.085211495895526e+00 -1.786249768150755e-08 
 3.298573813312749e-05  1.088511491966241e+00 -1.786642696657327e-08 
 3.308573813312750e-05  1.091811488194088e+00 -1.787019911930234e-08 
 3.318573813312750e-05  1.095111484572851e+00 -1.787382035672684e-08 
 3.328573813312750e-05  1.098411481096548e+00 -1.787729665973965e-08 
 3.338573813312750e-05  1.101711477759433e+00 -1.788063377504596e-08 
 3.348573813312751e-05  1.105011474555984e+00 -1.788383722405376e-08 
 3.358573813312751e-05  1.108311471480892e+00 -1.788691231610108e-08 
 3.368573813312751e-05  1.111611468529056e+00 -1.788986415170862e-08 
 3.378573813312751e-05  1.114911465695576e+00 -1.789269763233757e-08 
 3.388573813312751e-05  1.118211462975741e+00 -1.789541746689480e-08 
 3.398573813312752e-05  1.121511460365028e+00 -1.789802818062333e-08 
 3.408573813312752e-05  1.124811457859087e+00 -1.790053412117389e-08 
 3.418573813312752e-05  1.128111455453743e+00 -1.790293946532691e-08 
 3.428573813312752e-05  1.131411453144985e+00 -1.790524822419676e-08 
 3.438573813312753e-05  1.134711450928954e+00 -1.790746425407372e-08 
 3.448573813312753e-05  1.138011448801953e+00 -1.790959125577349e-08 
 3.458573813312753e-05  1.141311446760422e+00 -1.791163278656339e-08 
 3.468573813312753e-05  1.144611444800947e+00 -1.791359226233080e-08 
 3.478573813312754e-05  1.147911442920246e+00 -1.791547296322096e-08 
 3.488573813312754e-05  1.151211441115168e+00 -1.791727804122643e-08 
 3.498573813312754e-05  1.154511439382688e+00 -1.791901052127128e-08 
 3.508573813312754e-05  1.157811437719898e+00 -1.792067331118571e-08 
 3.518573813312755e-05  1.161111436124008e+00 -1.792226920105562e-08 
 3.528573813312755e-05  1.164411434592338e+00 -1.792380087081193e-08 
 3.538573813312755e-05  1.167711433122314e+00 -1.792527089521795e-08 
 3.548573813312755e-05  1.171011431711465e+00 -1.792668174517044e-08 
 3.558573813312756e-05  1.174311430357416e+00 -1.792803579333743e-08 
 3.568573813312756e-05  1.177611429057891e+00 -1.792933531892874e-08 
 3.578573813312756e-05  1.180911427810701e+00 -1.793058250899697e-08 
 3.588573813312756e-05  1.184211426613744e+00 -1.793177946581015e-08 
 3.598573813312757e-05  1.187511425465005e+00 -1.793292820468327e-08 
 3.608573813312757e-05  1.190811424362547e+00 -1.793403066265194e-08 
 3.618573813312757e-05  1.194111423304511e+00 -1.793508869912287e-08 
 3.628573813312757e-05  1.197411422289111e+00 -1.793610409890969e-08 
 3.638573813312758e-05  1.200711421314635e+00 -1.793707857526868e-08 
 3.648573813312758e-05  1.204011420379437e+00 -1.793801377315135e-08 
 3.658573813312758e-05  1.207311419481938e+00 -1.793891127245713e-08 
 3.668573813312758e-05  1.210611418620622e+00 -1.793977258846696e-08 
 3.678573813312759e-05  1.213911417794033e+00 -1.794059917726437e-08 
 3.688573813312759e-05  1.217211417000775e+00 -1.794139243573543e-08 
 3.698573813312759e-05  1.220511416239506e+00 -1.794215370503824e-08 
 3.708573813312759e-05  1.223811415508938e+00 -1.794288427233760e-08 
 3.718573813312760e-05  1.227111414807837e+00 -1.794358537362400e-08 
 3.728573813312760e-05  1.230411414135016e+00 -1.794425819523146e-08 
 3.738573813312760e-05  1.233711413489335e+00 -1.794490387600593e-08 
 3.748573813312760e-05  1.237011412869703e+00 -1.794552350860637e-08 
 3.758573813312760e-05  1.240311412275069e+00 -1.794611814232364e-08 
 3.768573813312761e-05  1.243611411704428e+00 -1.794668878351419e-08 
 3.778573813312761e-05  1.246911411156811e+00 -1.794723640015372e-08 
 3.788573813312761e-05  1.250211410631293e+00 -1.794776191836774e-08 
 3.798573813312761e-05  1.253511410126981e+00 -1.794826623023778e-08 
 3.808573813312762e-05  1.256811409643024e+00 -1.794875018794675e-08 
 3.818573813312762e-05  1.260111409178596e+00 -1.794921461548832e-08 
 3.828573813312762e-05  1.263411408732915e+00 -1.794966029674064e-08 
 3.838573813312762e-05  1.266711408305223e+00 -1.795008798869367e-08 
 3.848573813312763e-05  1.270011407894794e+00 -1.795049841732919e-08 
 3.858573813312763e-05  1.273311407500934e+00 -1.795089227783764e-08 
 3.868573813312763e-05  1.276611407122973e+00 -1.795127023917174e-08 
 3.878573813312763e-05  1.279911406760271e+00 -1.795163294187815e-08 
 3.888573813312764e-05  1.283211406412211e+00 -1.795198100091634e-08 
 3.898573813312764e-05  1.286511406078205e+00 -1.795231500739333e-08 
 3.908573813312764e-05  1.289811405757683e+00 -1.795263552878054e-08 
 3.918573813312764e-05  1.293111405450104e+00 -1.795294310869694e-08 
 3.928573813312765e-05  1.296411405154944e+00 -1.795323826864377e-08 
 3.938573813312765e-05  1.299711404871702e+00 -1.795352151060664e-08 
 3.948573813312765e-05  1.303011404599898e+00 -1.795379331510395e-08 
 3.958573813312765e-05  1.306311404339070e+00 -1.795405414335531e-08 
 3.968573813312766e-05  1.309611404088774e+00 -1.795430443858256e-08 
 3.978573813312766e-05  1.312911403848587e+00 -1.795454462600980e-08 
 3.988573813312766e-05  1.316211403618100e+00 -1.795477511308020e-08 
 3.998573813312766e-05  1.319511403396921e+00 -1.795499629227496e-08 
 4.008573813312767e-05  1.322811403184675e+00 -1.795520853786065e-08 
 4.018573813312767e-05  1.326111402981002e+00 -1.795541221131028e-08 
 4.028573813312767e-05  1.329411402785554e+00 -1.795560765935171e-08 
 4.038573813312767e-05  1.332711402598001e+00 -1.795579521244976e-08 
 4.048573813312768e-05  1.336011402418023e+00 -1.795597519087776e-08 
 4.058573813312768e-05  1.339311402245314e+00 -1.795614789929650e-08 
 4.068573813312768e-05  1.342611402079583e+00 -1.795631363109111e-08 
 4.078573813312768e-05  1.345911401920544e+00 -1.795647266923835e-08 
 4.088573813312769e-05  1.349211401767931e+00 -1.795662528262035e-08 
 4.098573813312769e-05  1.352511401621483e+00 -1.795677173122880e-08 
 4.108573813312769e-05  1.355811401480949e+00 -1.795691226486387e-08 
 4.118573813312769e-05  1.359111401346093e+00 -1.795704712096585e-08 
 4.128573813312769e-05  1.362411401216685e+00 -1.795717652938560e-08 
 4.138573813312770e-05  1.365711401092504e+00 -1.795730070999930e-08 
 4.148573813312770e-05  1.369011400973340e+00 -1.795741987422640e-08 
 4.158573813312770e-05  1.372311400858990e+00 -1.795753422437901e-08 
 4.168573813312770e-05  1.375611400749260e+00 -1.795764395452933e-08 
 4.178573813312771e-05  1.378911400643962e+00 -1.795774925202748e-08 
 4.188573813312771e-05  1.382211400542919e+00 -1.795785029576683e-08 
 4.198573813312771e-05  1.385511400445958e+00 -1.795794725683447e-08 
 4.208573813312771e-05  1.388811400352914e+00 -1.795804030089651e-08 
 4.218573813312772e-05  1.392111400263629e+00 -1.795812958559594e-08 
 4.228573813312772e-05  1.395411400177952e+00 -1.795821526337157e-08 
 4.238573813312772e-05  1.398711400095735e+00 -1.795829747994020e-08 
 4.248573813312772e-05  1.402011400016841e+00 -1.795837637407968e-08 
 4.258573813312773e-05  1.405311399941134e+00 -1.795845208153214e-08 
 4.268573813312773e-05  1.408611399868486e+00 -1.795852472958291e-08 
 4.278573813312773e-05  1.411911399798772e+00 -1.795859444313208e-08 
 4.288573813312773e-05  1.415211399731876e+00 -1.795866133905664e-08 
 4.298573813312774e-05  1.418511399667683e+00 -1.795872553271571e-08 
 4.308573813312774e-05  1.421811399606083e+00 -1.795878713252951e-08 
 4.318573813312774e-05  1.425111399546972e+00 -1.795884624388247e-08 
 4.328573813312774e-05  1.428411399490250e+00 -1.795890296543701e-08 
 4.338573813312775e-05  1.431711399435819e+00 -1.795895739715656e-08 
 4.348573813312775e-05  1.435011399383588e+00 -1.795900962837937e-08 
 4.358573813312775e-05  1.438311399333467e+00 -1.795905974931108e-08 
 4.368573813312775e-05  1.441611399285371e+00 -1.795910784516998e-08 
 4.378573813312776e-05  1.444911399239219e+00 -1.795915399727122e-08 
 4.388573813312776e-05  1.448211399194931e+00 -1.795919828541208e-08 
 4.398573813312776e-05  1.451511399152433e+00 -1.795924078375200e-08 
 4.408573813312776e-05  1.454811399111652e+00 -1.795928156449883e-08 
 4.418573813312777e-05  1.458111399072518e+00 -1.795932069812572e-08 
 4.428573813312777e-05  1.461411399034967e+00 -1.795935824968481e-08 
 4.438573813312777e-05  1.464711398998932e+00 -1.795939428444505e-08 
 4.448573813312777e-05  1.468011398964354e+00 -1.795942886312178e-08 
 4.458573813312777e-05  1.471311398931173e+00 -1.795946204382823e-08 
 4.468573813312778e-05  1.474611398899332e+00 -1.795949388467763e-08 
 4.478573813312778e-05  1.477911398868778e+00 -1.795952443879589e-08 
 4.488573813312778e-05  1.481211398839459e+00 -1.795955375779104e-08 
 4.498573813312778e-05  1.484511398811324e+00 -1.795958189262058e-08 
 4.508573813312779e-05  1.487811398784327e+00 -1.795960889033887e-08 
 4.518573813312779e-05  1.491111398758420e+00 -1.795963479713295e-08 
 4.528573813312779e-05  1.494411398733560e+00 -1.795965965723824e-08 
 4.538573813312779e-05  1.497711398709705e+00 -1.795968351272180e-08 
 4.548573813312780e-05  1.501011398686813e+00 -1.795970640413279e-08 
 4.558573813312780e-05  1.504311398664847e+00 -1.795972837093616e-08 
 4.568573813312780e-05  1.507611398643768e+00 -1.795974945021164e-08 
 4.578573813312780e-05  1.510911398623541e+00 -1.795976967622001e-08 
 4.588573813312781e-05  1.514211398604131e+00 -1.795978908647466e-08 
 4.598573813312781e-05  1.517511398585506e+00 -1.795980771176695e-08 
 4.608573813312781e-05  1.520811398567633e+00 -1.795982558505660e-08 
 4.618573813312781e-05  1.524111398550483e+00 -1.795984273518340e-08 
 4.628573813312782e-05  1.527411398534025e+00 -1.795985919293870e-08 
 4.638573813312782e-05  1.530711398518233e+00 -1.795987498521071e-08 
 4.648573813312782e-05  1.534011398503079e+00 -1.795989013953815e-08 
 4.658573813312782e-05  1.537311398488537e+00 -1.795990468150821e-08 
 4.668573813312783e-05  1.540611398474582e+00 -1.795991863605753e-08 
 4.678573813312783e-05  1.543911398461192e+00 -1.795993202660488e-08 
 4.688573813312783e-05  1.547211398448343e+00 -1.795994487570167e-08 
 4.698573813312783e-05  1.550511398436013e+00 -1.795995720568246e-08 
 4.708573813312784e-05  1.553811398424181e+00 -1.795996903779760e-08 
 4.718573813312784e-05  1.557111398412827e+00 -1.795998039156275e-08 
 4.728573813312784e-05  1.560411398401933e+00 -1.795999128627671e-08 
 4.738573813312784e-05  1.563711398391478e+00 -1.796000174102141e-08 
 4.748573813312785e-05  1.567011398381446e+00 -1.796001177357780e-08 
 4.758573813312785e-05  1.570311398371819e+00 -1.796002140042573e-08 
 4.768573813312785e-05  1.573611398362582e+00 -1.796003063761140e-08 
 4.778573813312785e-05  1.576911398353717e+00 -1.796003950248204e-08 
 4.788573813312786e-05  1.580211398345210e+00 -1.796004800891544e-08 
 4.798573813312786e-05  1.583511398337049e+00 -1.796005617078940e-08 
 4.808573813312786e-05  1.586811398329216e+00 -1.796006400415009e-08 
 4.818573813312786e-05  1.590111398321699e+00 -1.796007152005639e-08 
 4.828573813312786e-05  1.593411398314488e+00 -1.796007873216925e-08 
 4.838573813312787e-05  1.596711398307566e+00 -1.796008565371592e-08 
 4.848573813312787e-05  1.600011398300925e+00 -1.796009229532158e-08 
 4.858573813312787e-05  1.603311398294552e+00 -1.796009866782827e-08 
 4.868573813312787e-05  1.606611398288438e+00 -1.796010478272853e-08 
 4.878573813312788e-05  1.609911398282568e+00 -1.796011065194857e-08 
 4.888573813312788e-05  1.613211398276938e+00 -1.796011628264413e-08 
 4.898573813312788e-05  1.616511398271534e+00 -1.796012168609092e-08 
 4.908573813312788e-05  1.619811398266349e+00 -1.796012687139623e-08 
 4.918573813312789e-05  1.623111398261373e+00 -1.796013184723368e-08 
 4.928573813312789e-05  1.626411398256599e+00 -1.796013662206004e-08 
 4.938573813312789e-05  1.629711398252017e+00 -1.796014120324790e-08 
 4.948573813312789e-05  1.633011398247620e+00 -1.796014560033823e-08 
 4.958573813312790e-05  1.636311398243402e+00 -1.796014981853521e-08 
 4.968573813312790e-05  1.639611398239354e+00 -1.796015386737980e-08 
 4.978573813312790e-05  1.642911398235469e+00 -1.796015775229302e-08 
 4.988573813312790e-05  1.646211398231741e+00 -1.796016147978009e-08 
 4.998573813312791e-05  1.649511398228164e+00 -1.796016505699674e-08 
 5.008573813312791e-05  1.652811398224732e+00 -1.796016848958082e-08 
 5.018573813312791e-05  1.656111398221438e+00 -1.796017178338702e-08 
 5.028573813312791e-05  1.659411398218277e+00 -1.796017494405319e-08 
 5.038573813312792e-05  1.662711398215244e+00 -1.796017797721719e-08 
 5.048573813312792e-05  1.666011398212334e+00 -1.796018088786634e-08 
 5.058573813312792e-05  1.669311398209541e+00 -1.796018368077114e-08 
 5.068573813312792e-05  1.672611398206861e+00 -1.796018636026839e-08 
 5.078573813312793e-05  1.675911398204290e+00 -1.796018893199594e-08 
 5.088573813312793e-05  1.679211398201822e+00 -1.796019140029061e-08 
 5.098573813312793e-05  1.682511398199454e+00 -1.796019376797131e-08 
 5.108573813312793e-05  1.685811398197182e+00 -1.796019604045906e-08 
 5.118573813312794e-05  1.689111398195001e+00 -1.796019822144015e-08 
 5.128573813312794e-05  1.692411398192909e+00 -1.796020031373351e-08 
 5.138573813312794e-05  1.695711398190901e+00 -1.796020232102541e-08 
 5.148573813312794e-05  1.699011398188974e+00 -1.796020424830319e-08 
 5.158573813312795e-05  1.702311398187125e+00 -1.796020609730158e-08 
 5.168573813312795e-05  1.705611398185352e+00 -1.796020787127317e-08 
 5.178573813312795e-05  1.708911398183649e+00 -1.796020957347058e-08 
 5.188573813312795e-05  1.712211398182015e+00 -1.796021120736326e-08 
 5.198573813312795e-05  1.715511398180448e+00 -1.796021277490276e-08 
 5.208573813312796e-05  1.718811398178944e+00 -1.796021427869117e-08 
 5.218573813312796e-05  1.722111398177500e+00 -1.796021572284846e-08 
 5.228573813312796e-05  1.725411398176115e+00 -1.796021710759148e-08 
 5.238573813312796e-05  1.728711398174786e+00 -1.796021843747386e-08 
 5.248573813312797e-05  1.732011398173511e+00 -1.796021971227878e-08 
 5.258573813312797e-05  1.735311398172287e+00 -1.796022093634303e-08 
 5.268573813312797e-05  1.738611398171112e+00 -1.796022211096766e-08 
 5.278573813312797e-05  1.741911398169986e+00 -1.796022323767056e-08 
 5.288573813312798e-05  1.745211398168904e+00 -1.796022431927065e-08 
 5.298573813312798e-05  1.748511398167866e+00 -1.796022535728581e-08 
 5.308573813312798e-05  1.751811398166871e+00 -1.796022635280024e-08 
 5.318573813312798e-05  1.755111398165915e+00 -1.796022730884972e-08 
 5.328573813312799e-05  1.758411398164998e+00 -1.796022822565108e-08 
 5.338573813312799e-05  1.761711398164118e+00 -1.796022910537272e-08 
 5.348573813312799e-05  1.765011398163274e+00 -1.796022995018305e-08 
 5.358573813312799e-05  1.768311398162464e+00 -1.796023075986523e-08 
 5.368573813312800e-05  1.771611398161687e+00 -1.796023153767187e-08 
 5.378573813312800e-05  1.774911398160941e+00 -1.796023228338613e-08 
 5.388573813312800e-05  1.778211398160224e+00 -1.796023299982692e-08 
 5.398573813312800e-05  1.781511398159537e+00 -1.796023368677742e-08 
 5.408573813312801e-05  1.784811398158879e+00 -1.796023434532182e-08 
 5.418573813312801e-05  1.788111398158246e+00 -1.796023497849589e-08 
 5.428573813312801e-05  1.791411398157639e+00 -1.796023558543226e-08 
 5.438573813312801e-05  1.794711398157057e+00 -1.796023616764883e-08 
 5.448573813312802e-05  1.798011398156498e+00 -1.796023672731399e-08 
 5.458573813312802e-05  1.801311398155962e+00 -1.796023726312670e-08 
 5.468573813312802e-05  1.804611398155447e+00 -1.796023777833958e-08 
 5.478573813312802e-05  1.807911398154953e+00 -1.796023827186841e-08 
 5.488573813312803e-05  1.811211398154480e+00 -1.796023874566476e-08 
 5.498573813312803e-05  1.814511398154025e+00 -1.796023920059599e-08 
 5.508573813312803e-05  1.817811398153588e+00 -1.796023963709578e-08 
 5.518573813312803e-05  1.821111398153170e+00 -1.796024005538098e-08 
 5.528573813312804e-05  1.824411398152768e+00 -1.796024045783683e-08 
 5.538573813312804e-05  1.827711398152382e+00 -1.796024084316228e-08 
 5.548573813312804e-05  1.831011398152013e+00 -1.796024121309206e-08 
 5.558573813312804e-05  1.834311398151657e+00 -1.796024156871037e-08 
 5.568573813312804e-05  1.837611398151316e+00 -1.796024190936669e-08 
 5.578573813312805e-05  1.840911398150990e+00 -1.796024223592839e-08 
 5.588573813312805e-05  1.844211398150676e+00 -1.796024254947966e-08 
 5.598573813312805e-05  1.847511398150375e+00 -1.796024285088786e-08 
 5.608573813312805e-05  1.850811398150086e+00 -1.796024313971932e-08 
 5.618573813312806e-05  1.854111398149809e+00 -1.796024341705824e-08 
 5.628573813312806e-05  1.857411398149543e+00 -1.796024368312145e-08 
 5.638573813312806e-05  1.860711398149288e+00 -1.796024393812580e-08 
 5.648573813312806e-05  1.864011398149043e+00 -1.796024418358917e-08 
 5.658573813312807e-05  1.867311398148808e+00 -1.796024441821052e-08 
 5.668573813312807e-05  1.870611398148583e+00 -1.796024464394141e-08 
 5.678573813312807e-05  1.873911398148366e+00 -1.796024486013133e-08 
 5.688573813312807e-05  1.877211398148158e+00 -1.796024506851499e-08 
 5.698573813312808e-05  1.880511398147960e+00 -1.796024526714082e-08 
 5.708573813312808e-05  1.883811398147769e+00 -1.796024545817725e-08 
 5.718573813312808e-05  1.887111398147585e+00 -1.796024564205793e-08 
 5.728573813312808e-05  1.890411398147408e+00 -1.796024581856605e-08 
 5.738573813312809e-05  1.893711398147240e+00 -1.796024598726791e-08 
 5.748573813312809e-05  1.897011398147078e+00 -1.796024614903087e-08 
 5.758573813312809e-05  1.900311398146922e+00 -1.796024630493914e-08 
 5.768573813312809e-05  1.903611398146773e+00 -1.796024645434220e-08 
 5.778573813312810e-05  1.906911398146630e+00 -1.796024659767373e-08 
 5.788573813312810e-05  1.910211398146492e+00 -1.796024673536741e-08 
 5.798573813312810e-05  1.913511398146361e+00 -1.796024686677271e-08 
 5.808573813312810e-05  1.916811398146234e+00 -1.796024699405804e-08 
 5.818573813312811e-05  1.920111398146112e+00 -1.796024711570553e-08 
 5.828573813312811e-05  1.923411398145996e+00 -1.796024723149832e-08 
 5.838573813312811e-05  1.926711398145884e+00 -1.796024734382166e-08 
 5.848573813312811e-05  1.930011398145777e+00 -1.796024745072400e-08 
 5.858573813312812e-05  1.933311398145674e+00 -1.796024755394005e-08 
 5.868573813312812e-05  1.936611398145575e+00 -1.796024765303612e-08 
 5.878573813312812e-05  1.939911398145481e+00 -1.796024774757855e-08 
 5.888573813312812e-05  1.943211398145390e+00 -1.796024783865154e-08 
 5.898573813312812e-05  1.946511398145302e+00 -1.796024792625507e-08 
 5.908573813312813e-05  1.949811398145219e+00 -1.796024800995548e-08 
 5.918573813312813e-05  1.953111398145138e+00 -1.796024809018644e-08 
 5.928573813312813e-05  1.956411398145061e+00 -1.796024816759847e-08 
 5.938573813312813e-05  1.959711398144987e+00 -1.796024824132422e-08 
 5.948573813312814e-05  1.963011398144916e+00 -1.796024831244789e-08 
 5.958573813312814e-05  1.966311398144848e+00 -1.796024838053578e-08 
 5.968573813312814e-05  1.969611398144783e+00 -1.796024844645527e-08 
 5.978573813312814e-05  1.972911398144721e+00 -1.796024850847164e-08 
 5.988573813312815e-05  1.976211398144660e+00 -1.796024856918696e-08 
 5.998573813312815e-05  1.979511398144602e+00 -1.796024862686652e-08 
 6.008573813312815e-05  1.982811398144547e+00 -1.796024868281135e-08 
 6.018573813312815e-05  1.986111398144494e+00 -1.796024873572041e-08 
 6.028573813312816e-05  1.989411398144443e+00 -1.796024878689476e-08 
 6.038573813312816e-05  1.992711398144394e+00 -1.796024883590069e-08 
 6.048573813312816e-05  1.996011398144347e+00 -1.796024888273823e-08 
 6.058573813312816e-05  1.999311398144302e+00 -1.796024892784104e-08 
 6.068573813312817e-05  2.002611398144259e+00 -1.796024897120913e-08 
 6.078573813312817e-05  2.005911398144216e+00 -1.796024901370985e-08 
 6.088573813312817e-05  2.009211398144178e+00 -1.796024905230745e-08 
 6.098573813312817e-05  2.012511398144138e+00 -1.796024909133873e-08 
 6.108573813312818e-05  2.015811398144103e+00 -1.796024912733424e-08 
 6.118573813312818e-05  2.019111398144067e+00 -1.796024916289607e-08 
 6.128573813312818e-05  2.022411398144034e+00 -1.796024919672318e-08 
 6.138573813312818e-05  2.025711398144001e+00 -1.796024922924924e-08 
 6.148573813312819e-05  2.029011398143969e+00 -1.796024926090795e-08 
 6.158573813312819e-05  2.032311398143941e+00 -1.796024929039824e-08 
 6.168573813312819e-05  2.035611398143911e+00 -1.796024931945486e-08 
 6.178573813312819e-05  2.038911398143884e+00 -1.796024934634308e-08 
 6.188573813312820e-05  2.042211398143857e+00 -1.796024937279761e-08 
 6.198573813312820e-05  2.045511398143833e+00 -1.796024939795110e-08 
 6.208573813312820e-05  2.048811398143808e+00 -1.796024942310459e-08 
 6.218573813312820e-05  2.052111398143785e+00 -1.796024944608968e-08 
 6.228573813312821e-05  2.055411398143763e+00 -1.796024946864108e-08 
 6.238573813312821e-05  2.058711398143742e+00 -1.796024948945776e-08 
 6.248573813312821e-05  2.062011398143721e+00 -1.796024951027445e-08 
 6.258573813312821e-05  2.065311398143701e+00 -1.796024953065745e-08 
 6.268573813312821e-05  2.068611398143683e+00 -1.796024954887204e-08 
 6.278573813312822e-05  2.071911398143664e+00 -1.796024956752032e-08 
 6.288573813312822e-05  2.075211398143646e+00 -1.796024958530124e-08 
 6.298573813312822e-05  2.078511398143630e+00 -1.796024960221479e-08 
 6.308573813312822e-05  2.081811398143615e+00 -1.796024961695994e-08 
 6.318573813312823e-05  2.085111398143599e+00 -1.796024963300613e-08 
 6.328573813312823e-05  2.088411398143584e+00 -1.796024964818496e-08 
 6.338573813312823e-05  2.091711398143569e+00 -1.796024966249643e-08 
 6.348573813312823e-05  2.095011398143557e+00 -1.796024967550686e-08 
 6.358573813312824e-05  2.098311398143543e+00 -1.796024968938464e-08 
 6.368573813312824e-05  2.101611398143530e+00 -1.796024970196139e-08 
 6.378573813312824e-05  2.104911398143519e+00 -1.796024971367077e-08 
 6.388573813312824e-05  2.108211398143507e+00 -1.796024972538016e-08 
 6.398573813312825e-05  2.111511398143496e+00 -1.796024973665586e-08 
 6.408573813312825e-05  2.114811398143486e+00 -1.796024974619684e-08 
 6.418573813312825e-05  2.118111398143476e+00 -1.796024975660518e-08 
 6.428573813312825e-05  2.121411398143465e+00 -1.796024976701352e-08 
 6.438573813312826e-05  2.124711398143456e+00 -1.796024977698818e-08 
 6.448573813312826e-05  2.128011398143448e+00 -1.796024978522812e-08 
 6.458573813312826e-05  2.131311398143439e+00 -1.796024979433541e-08 
 6.468573813312826e-05  2.134611398143431e+00 -1.796024980257535e-08 
 6.478573813312827e-05  2.137911398143423e+00 -1.796024981038161e-08 
 6.488573813312827e-05  2.141211398143415e+00 -1.796024981775418e-08 
 6.498573813312827e-05  2.144511398143408e+00 -1.796024982512676e-08 
 6.508573813312827e-05  2.147811398143401e+00 -1.796024983249933e-08 
 6.518573813312828e-05  2.151111398143395e+00 -1.796024983857086e-08 
 6.528573813312828e-05  2.154411398143387e+00 -1.796024984637712e-08 
 6.538573813312828e-05  2.157711398143381e+00 -1.796024985244865e-08 
 6.548573813312828e-05  2.161011398143376e+00 -1.796024985765282e-08 
 6.558573813312829e-05  2.164311398143370e+00 -1.796024986329067e-08 
 6.568573813312829e-05  2.167611398143365e+00 -1.796024986849484e-08 
 6.578573813312829e-05  2.170911398143359e+00 -1.796024987456638e-08 
 6.588573813312829e-05  2.174211398143355e+00 -1.796024987933686e-08 
 6.598573813312830e-05  2.177511398143350e+00 -1.796024988410735e-08 
 6.608573813312830e-05  2.180811398143344e+00 -1.796024989017889e-08 
 6.618573813312830e-05  2.184111398143341e+00 -1.796024989364833e-08 
 6.628573813312830e-05  2.187411398143337e+00 -1.796024989755146e-08 
 6.638573813312830e-05  2.190711398143332e+00 -1.796024990232195e-08 
 6.648573813312831e-05  2.194011398143329e+00 -1.796024990579140e-08 
 6.658573813312831e-05  2.197311398143325e+00 -1.796024990926084e-08 
 6.668573813312831e-05  2.200611398143321e+00 -1.796024991316397e-08 
 6.678573813312831e-05  2.203911398143318e+00 -1.796024991663342e-08 
 6.688573813312832e-05  2.207211398143315e+00 -1.796024992010287e-08 
 6.698573813312832e-05  2.210511398143312e+00 -1.796024992313863e-08 
 6.708573813312832e-05  2.213811398143309e+00 -1.796024992660808e-08 
 6.718573813312832e-05  2.217111398143305e+00 -1.796024992964385e-08 
 6.728573813312833e-05  2.220411398143303e+00 -1.796024993224593e-08 
 6.738573813312833e-05  2.223711398143300e+00 -1.796024993484802e-08 
 6.748573813312833e-05  2.227011398143298e+00 -1.796024993701642e-08 
 6.758573813312833e-05  2.230311398143295e+00 -1.796024994005219e-08 
 6.768573813312834e-05  2.233611398143292e+00 -1.796024994265427e-08 
 6.778573813312834e-05  2.236911398143291e+00 -1.796024994482268e-08 
 6.788573813312834e-05  2.240211398143289e+00 -1.796024994742476e-08 
 6.798573813312834e-05  2.243511398143287e+00 -1.796024994915948e-08 
 6.808573813312835e-05  2.246811398143285e+00 -1.796024995046053e-08 
 6.818573813312835e-05  2.250111398143283e+00 -1.796024995349629e-08 
 6.828573813312835e-05  2.253411398143280e+00 -1.796024995609838e-08 
 6.838573813312835e-05  2.256711398143279e+00 -1.796024995653206e-08 
 6.848573813312836e-05  2.260011398143277e+00 -1.796024995870046e-08 
 6.858573813312836e-05  2.263311398143276e+00 -1.796024996043519e-08 
 6.868573813312836e-05  2.266611398143275e+00 -1.796024996216991e-08 
 6.878573813312836e-05  2.269911398143273e+00 -1.796024996390463e-08 
 6.888573813312837e-05  2.273211398143272e+00 -1.796024996477200e-08 
 6.898573813312837e-05  2.276511398143270e+00 -1.796024996607304e-08 
 6.908573813312837e-05  2.279811398143269e+00 -1.796024996737408e-08 
 6.918573813312837e-05  2.283111398143268e+00 -1.796024996867512e-08 
 6.928573813312838e-05  2.286411398143266e+00 -1.796024997127721e-08 
 6.938573813312838e-05  2.289711398143266e+00 -1.796024997127721e-08 
 6.948573813312838e-05  2.293011398143264e+00 -1.796024997257825e-08 
 6.958573813312838e-05  2.296311398143263e+00 -1.796024997387929e-08 
 6.968573813312839e-05  2.299611398143262e+00 -1.796024997518034e-08 
 6.978573813312839e-05  2.302911398143261e+00 -1.796024997604770e-08 
 6.988573813312839e-05  2.306211398143260e+00 -1.796024997691506e-08 
 6.998573813312839e-05  2.309511398143259e+00 -1.796024997778242e-08 
 7.008573813312839e-05  2.312811398143259e+00 -1.796024997821610e-08 
 7.018573813312840e-05  2.316111398143258e+00 -1.796024997951715e-08 
 7.028573813312840e-05  2.319411398143258e+00 -1.796024998038451e-08 
 7.038573813312840e-05  2.322711398143257e+00 -1.796024998125187e-08 
 7.048573813312840e-05  2.326011398143256e+00 -1.796024998168555e-08 
 7.058573813312841e-05  2.329311398143255e+00 -1.796024998255291e-08 
 7.068573813312841e-05  2.332611398143255e+00 -1.796024998255291e-08 
 7.078573813312841e-05  2.335911398143254e+00 -1.796024998385395e-08 
 7.088573813312841e-05  2.339211398143253e+00 -1.796024998472132e-08 
 7.098573813312842e-05  2.342511398143253e+00 -1.796024998515500e-08 
 7.108573813312842e-05  2.345811398143252e+00 -1.796024998602236e-08 
 7.118573813312842e-05  2.349111398143251e+00 -1.796024998688972e-08 
 7.128573813312842e-05  2.352411398143252e+00 -1.796024998688972e-08 
 7.138573813312843e-05  2.355711398143251e+00 -1.796024998732340e-08 
 7.148573813312843e-05  2.359011398143250e+00 -1.796024998862444e-08 
 7.158573813312843e-05  2.362311398143250e+00 -1.796024998862444e-08 
 7.168573813312843e-05  2.365611398143249e+00 -1.796024998949181e-08 
 7.178573813312844e-05  2.368911398143249e+00 -1.796024998949181e-08 
 7.188573813312844e-05  2.372211398143249e+00 -1.796024998949181e-08 
 7.198573813312844e-05  2.375511398143249e+00 -1.796024999079285e-08 
 7.208573813312844e-05  2.378811398143249e+00 -1.796024999035917e-08 
 7.218573813312845e-05  2.382111398143248e+00 -1.796024999122653e-08 
 7.228573813312845e-05  2.385411398143248e+00 -1.796024999122653e-08 
 7.238573813312845e-05  2.388711398143247e+00 -1.796024999252757e-08 
 7.248573813312845e-05  2.392011398143247e+00 -1.796024999209389e-08 
 7.258573813312846e-05  2.395311398143247e+00 -1.796024999252757e-08 
 7.268573813312846e-05  2.398611398143247e+00 -1.796024999296125e-08 
 7.278573813312846e-05  2.401911398143247e+00 -1.796024999252757e-08 
 7.288573813312846e-05  2.405211398143246e+00 -1.796024999339493e-08 
 7.298573813312847e-05  2.408511398143246e+00 -1.796024999339493e-08 
 7.308573813312847e-05  2.411811398143247e+00 -1.796024999339493e-08 
 7.318573813312847e-05  2.415111398143246e+00 -1.796024999382861e-08 
 7.328573813312847e-05  2.418411398143245e+00 -1.796024999426230e-08 
 7.338573813312847e-05  2.421711398143246e+00 -1.796024999469598e-08 
 7.348573813312848e-05  2.425011398143246e+00 -1.796024999469598e-08 
 7.358573813312848e-05  2.428311398143245e+00 -1.796024999512966e-08 
 7.368573813312848e-05  2.431611398143245e+00 -1.796024999556334e-08 
 7.378573813312848e-05  2.434911398143245e+00 -1.796024999556334e-08 
 7.388573813312849e-05  2.438211398143245e+00 -1.796024999556334e-08 
 7.398573813312849e-05  2.441511398143245e+00 -1.796024999512966e-08 
 7.408573813312849e-05  2.444811398143245e+00 -1.796024999556334e-08 
 7.418573813312849e-05  2.448111398143245e+00 -1.796024999556334e-08 
 7.428573813312850e-05  2.451411398143245e+00 -1.796024999556334e-08 
 7.438573813312850e-05  2.454711398143244e+00 -1.796024999686438e-08 
 7.448573813312850e-05  2.458011398143245e+00 -1.796024999599702e-08 
 7.458573813312850e-05  2.461311398143244e+00 -1.796024999686438e-08 
 7.468573813312851e-05  2.464611398143244e+00 -1.796024999686438e-08 
 7.478573813312851e-05  2.467911398143245e+00 -1.796024999643070e-08 
 7.488573813312851e-05  2.471211398143244e+00 -1.796024999686438e-08 
 7.498573813312851e-05  2.474511398143244e+00 -1.796024999729806e-08 
 7.508573813312852e-05  2.477811398143245e+00 -1.796024999686438e-08 
 7.518573813312852e-05  2.481111398143244e+00 -1.796024999729806e-08 
 7.528573813312852e-05  2.484411398143244e+00 -1.796024999773174e-08 
 7.538573813312852e-05  2.487711398143244e+00 -1.796024999729806e-08 
 7.548573813312853e-05  2.491011398143244e+00 -1.796024999773174e-08 
 7.558573813312853e-05  2.494311398143244e+00 -1.796024999729806e-08 
 7.568573813312853e-05  2.497611398143244e+00 -1.796024999773174e-08 
 7.578573813312853e-05  2.500911398143244e+00 -1.796024999773174e-08 
 7.588573813312854e-05  2.504211398143244e+00 -1.796024999816542e-08 
 7.598573813312854e-05  2.507511398143244e+00 -1.796024999816542e-08 
 7.608573813312854e-05  2.510811398143244e+00 -1.796024999859910e-08 
 7.618573813312854e-05  2.514111398143244e+00 -1.796024999773174e-08 
 7.628573813312855e-05  2.517411398143245e+00 -1.796024999729806e-08 
 7.638573813312855e-05  2.520711398143244e+00 -1.796024999816542e-08 
 7.648573813312855e-05  2.524011398143244e+00 -1.796024999816542e-08 
 7.658573813312855e-05  2.527311398143244e+00 -1.796024999859910e-08 
 7.668573813312856e-05  2.530611398143245e+00 -1.796024999859910e-08 
 7.678573813312856e-05  2.533911398143244e+00 -1.796024999903278e-08 
 7.688573813312856e-05  2.537211398143245e+00 -1.796024999816542e-08 
 7.698573813312856e-05  2.540511398143245e+00 -1.796024999816542e-08 
 7.708573813312856e-05  2.543811398143244e+00 -1.796024999859910e-08 
 7.718573813312857e-05  2.547111398143245e+00 -1.796024999859910e-08 
 7.728573813312857e-05  2.550411398143245e+00 -1.796024999859910e-08 
 7.738573813312857e-05  2.553711398143244e+00 -1.796024999903278e-08 
 7.748573813312857e-05  2.557011398143245e+00 -1.796024999903278e-08 
 7.758573813312858e-05  2.560311398143244e+00 -1.796024999946647e-08 
 7.768573813312858e-05  2.563611398143244e+00 -1.796024999946647e-08 
 7.778573813312858e-05  2.566911398143245e+00 -1.796024999859910e-08 
 7.788573813312858e-05  2.570211398143245e+00 -1.796024999859910e-08 
 7.798573813312859e-05  2.573511398143244e+00 -1.796024999903278e-08 
 7.808573813312859e-05  2.576811398143245e+00 -1.796024999903278e-08 
 7.818573813312859e-05  2.580111398143245e+00 -1.796024999903278e-08 
 7.828573813312859e-05  2.583411398143245e+00 -1.796024999946647e-08 
 7.838573813312860e-05  2.586711398143245e+00 -1.796024999946647e-08 
 7.848573813312860e-05  2.590011398143244e+00 -1.796024999990015e-08 
 7.858573813312860e-05  2.593311398143246e+00 -1.796024999903278e-08 
 7.868573813312860e-05  2.596611398143246e+00 -1.796024999859910e-08 
 7.878573813312861e-05  2.599911398143246e+00 -1.796024999859910e-08 
 7.888573813312861e-05  2.603211398143245e+00 -1.796024999946647e-08 
 7.898573813312861e-05  2.606511398143244e+00 -1.796024999990015e-08 
 7.908573813312861e-05  2.609811398143246e+00 -1.796024999946647e-08 
 7.918573813312862e-05  2.613111398143245e+00 -1.796025000033383e-08 
 7.928573813312862e-05  2.616411398143246e+00 -1.796024999946647e-08 
 7.938573813312862e-05  2.619711398143244e+00 -1.796025000076751e-08 
 7.948573813312862e-05  2.623011398143245e+00 -1.796024999946647e-08 
 7.958573813312863e-05  2.626311398143246e+00 -1.796024999903278e-08 
 7.968573813312863e-05  2.629611398143247e+00 -1.796024999859910e-08 
 7.978573813312863e-05  2.632911398143245e+00 -1.796024999990015e-08 
 7.988573813312863e-05  2.636211398143245e+00 -1.796024999990015e-08 
 7.998573813312864e-05  2.639511398143246e+00 -1.796024999990015e-08 
 8.008573813312864e-05  2.642811398143246e+00 -1.796024999990015e-08 
 8.018573813312864e-05  2.646111398143246e+00 -1.796024999990015e-08 
 8.028573813312864e-05  2.649411398143246e+00 -1.796024999946647e-08 
 8.038573813312865e-05  2.652711398143246e+00 -1.796024999903278e-08 
 8.048573813312865e-05  2.656011398143246e+00 -1.796024999946647e-08 
 8.058573813312865e-05  2.659311398143247e+00 -1.796024999903278e-08 
 8.068573813312865e-05  2.662611398143246e+00 -1.796024999990015e-08 
 8.078573813312865e-05  2.665911398143245e+00 -1.796025000076751e-08 
 8.088573813312866e-05  2.669211398143246e+00 -1.796024999990015e-08 
 8.098573813312866e-05  2.672511398143247e+00 -1.796024999946647e-08 
 8.108573813312866e-05  2.675811398143246e+00 -1.796024999990015e-08 
 8.118573813312866e-05  2.679111398143247e+00 -1.796024999946647e-08 
 8.128573813312867e-05  2.682411398143246e+00 -1.796024999946647e-08 
 8.138573813312867e-05  2.685711398143247e+00 -1.796024999903278e-08 
 8.148573813312867e-05  2.689011398143248e+00 -1.796024999946647e-08 
 8.158573813312867e-05  2.692311398143247e+00 -1.796024999990015e-08 
 8.168573813312868e-05  2.695611398143247e+00 -1.796024999990015e-08 
 8.178573813312868e-05  2.698911398143247e+00 -1.796024999990015e-08 
 8.188573813312868e-05  2.702211398143247e+00 -1.796024999990015e-08 
 8.198573813312868e-05  2.705511398143247e+00 -1.796024999946647e-08 
 8.208573813312869e-05  2.708811398143248e+00 -1.796024999946647e-08 
 8.218573813312869e-05  2.712111398143248e+00 -1.796024999903278e-08 
 8.228573813312869e-05  2.715411398143247e+00 -1.796025000033383e-08 
 8.238573813312869e-05  2.718711398143248e+00 -1.796024999990015e-08 
 8.248573813312870e-05  2.722011398143248e+00 -1.796024999990015e-08 
 8.258573813312870e-05  2.725311398143247e+00 -1.796025000033383e-08 
 8.268573813312870e-05  2.728611398143248e+00 -1.796024999946647e-08 
 8.278573813312870e-05  2.731911398143247e+00 -1.796024999990015e-08 
 8.288573813312871e-05  2.735211398143248e+00 -1.796024999990015e-08 
 8.298573813312871e-05  2.738511398143248e+00 -1.796024999946647e-08 
 8.308573813312871e-05  2.741811398143248e+00 -1.796024999990015e-08 
 8.318573813312871e-05  2.745111398143248e+00 -1.796025000033383e-08 
 8.328573813312872e-05  2.748411398143248e+00 -1.796025000033383e-08 
 8.338573813312872e-05  2.751711398143248e+00 -1.796024999990015e-08 
 8.348573813312872e-05  2.755011398143249e+00 -1.796024999946647e-08 
 8.358573813312872e-05  2.758311398143249e+00 -1.796024999946647e-08 
 8.368573813312873e-05  2.761611398143248e+00 -1.796024999990015e-08 
 8.378573813312873e-05  2.764911398143249e+00 -1.796024999990015e-08 
 8.388573813312873e-05  2.768211398143249e+00 -1.796024999990015e-08 
 8.398573813312873e-05  2.771511398143249e+00 -1.796024999990015e-08 
 8.408573813312874e-05  2.774811398143248e+00 -1.796025000076751e-08 
 8.418573813312874e-05  2.778111398143249e+00 -1.796025000033383e-08 
 8.428573813312874e-05  2.781411398143249e+00 -1.796024999990015e-08 
 8.438573813312874e-05  2.784711398143249e+00 -1.796024999990015e-08 
 8.448573813312874e-05  2.788011398143249e+00 -1.796024999946647e-08 
 8.458573813312875e-05  2.791311398143249e+00 -1.796024999946647e-08 
 8.468573813312875e-05  2.794611398143249e+00 -1.796025000033383e-08 
 8.478573813312875e-05  2.797911398143250e+00 -1.796024999990015e-08 
 8.488573813312875e-05  2.801211398143249e+00 -1.796025000033383e-08 
 8.498573813312876e-05  2.804511398143250e+00 -1.796024999990015e-08 
 8.508573813312876e-05  2.807811398143249e+00 -1.796024999990015e-08 
 8.518573813312876e-05  2.811111398143250e+00 -1.796024999990015e-08 
 8.528573813312876e-05  2.814411398143250e+00 -1.796024999990015e-08 
 8.538573813312877e-05  2.817711398143250e+00 -1.796024999990015e-08 
 8.548573813312877e-05  2.821011398143250e+00 -1.796024999946647e-08 
 8.558573813312877e-05  2.824311398143250e+00 -1.796025000033383e-08 
 8.568573813312877e-05  2.827611398143250e+00 -1.796024999990015e-08 
 8.578573813312878e-05  2.830911398143250e+00 -1.796024999990015e-08 
 8.588573813312878e-05  2.834211398143250e+00 -1.796024999990015e-08 
 8.598573813312878e-05  2.837511398143250e+00 -1.796024999990015e-08 
 8.608573813312878e-05  2.840811398143249e+00 -1.796025000033383e-08 
 8.618573813312879e-05  2.844111398143250e+00 -1.796025000033383e-08 
 8.628573813312879e-05  2.847411398143251e+00 -1.796025000033383e-08 
 8.638573813312879e-05  2.850711398143250e+00 -1.796025000033383e-08 
 8.648573813312879e-05  2.854011398143251e+00 -1.796024999990015e-08 
 8.658573813312880e-05  2.857311398143252e+00 -1.796024999946647e-08 
 8.668573813312880e-05  2.860611398143251e+00 -1.796024999946647e-08 
 8.678573813312880e-05  2.863911398143252e+00 -1.796024999903278e-08 
 8.688573813312880e-05  2.867211398143251e+00 -1.796024999946647e-08 
 8.698573813312881e-05  2.870511398143251e+00 -1.796024999946647e-08 
 8.708573813312881e-05  2.873811398143252e+00 -1.796024999903278e-08 
 8.718573813312881e-05  2.877111398143251e+00 -1.796024999990015e-08 
 8.728573813312881e-05  2.880411398143252e+00 -1.796024999990015e-08 
 8.738573813312882e-05  2.883711398143251e+00 -1.796025000033383e-08 
 8.748573813312882e-05  2.887011398143251e+00 -1.796024999946647e-08 
 8.758573813312882e-05  2.890311398143252e+00 -1.796024999990015e-08 
 8.768573813312882e-05  2.893611398143252e+00 -1.796024999990015e-08 
 8.778573813312883e-05  2.896911398143252e+00 -1.796024999946647e-08 
 8.788573813312883e-05  2.900211398143252e+00 -1.796024999990015e-08 
 8.798573813312883e-05  2.903511398143252e+00 -1.796024999990015e-08 
 8.808573813312883e-05  2.906811398143252e+00 -1.796025000033383e-08 
 8.818573813312883e-05  2.910111398143252e+00 -1.796025000033383e-08 
 8.828573813312884e-05  2.913411398143252e+00 -1.796025000033383e-08 
 8.838573813312884e-05  2.916711398143252e+00 -1.796024999990015e-08 
 8.848573813312884e-05  2.920011398143252e+00 -1.796024999990015e-08 
 8.858573813312884e-05  2.923311398143253e+00 -1.796024999946647e-08 
 8.868573813312885e-05  2.926611398143253e+00 -1.796024999946647e-08 
 8.878573813312885e-05  2.929911398143252e+00 -1.796025000033383e-08 
 8.888573813312885e-05  2.933211398143253e+00 -1.796024999990015e-08 
 8.898573813312885e-05  2.936511398143253e+00 -1.796025000033383e-08 
 8.908573813312886e-05  2.939811398143253e+00 -1.796025000033383e-08 
 8.918573813312886e-05  2.943111398143253e+00 -1.796024999946647e-08 
 8.928573813312886e-05  2.946411398143254e+00 -1.796024999903278e-08 
 8.938573813312886e-05  2.949711398143254e+00 -1.796024999903278e-08 
 8.948573813312887e-05  2.953011398143254e+00 -1.796024999946647e-08 
 8.958573813312887e-05  2.956311398143254e+00 -1.796024999946647e-08 
 8.968573813312887e-05  2.959611398143254e+00 -1.796024999946647e-08 
 8.978573813312887e-05  2.962911398143254e+00 -1.796024999990015e-08 
 8.988573813312888e-05  2.966211398143254e+00 -1.796024999946647e-08 
 8.998573813312888e-05  2.969511398143254e+00 -1.796024999946647e-08 
 9.008573813312888e-05  2.972811398143254e+00 -1.796024999990015e-08 
 9.018573813312888e-05  2.976111398143253e+00 -1.796024999990015e-08 
 9.028573813312889e-05  2.979411398143254e+00 -1.796024999946647e-08 
 9.038573813312889e-05  2.982711398143254e+00 -1.796024999990015e-08 
 9.048573813312889e-05  2.986011398143254e+00 -1.796024999990015e-08 
 9.058573813312889e-05  2.989311398143253e+00 -1.796025000076751e-08 
 9.068573813312890e-05  2.992611398143254e+00 -1.796024999990015e-08 
 9.078573813312890e-05  2.995911398143254e+00 -1.796024999990015e-08 
 9.088573813312890e-05  2.999211398143255e+00 -1.796024999946647e-08 
 9.098573813312890e-05  3.002511398143254e+00 -1.796024999990015e-08 
 9.108573813312891e-05  3.005811398143254e+00 -1.796024999990015e-08 
 9.118573813312891e-05  3.009111398143255e+00 -1.796024999946647e-08 
 9.128573813312891e-05  3.012411398143254e+00 -1.796025000033383e-08 
 9.138573813312891e-05  3.015711398143255e+00 -1.796024999990015e-08 
 9.148573813312891e-05  3.019011398143255e+00 -1.796025000033383e-08 
 9.158573813312892e-05  3.022311398143255e+00 -1.796024999946647e-08 
 9.168573813312892e-05  3.025611398143255e+00 -1.796024999946647e-08 
 9.178573813312892e-05  3.028911398143256e+00 -1.796024999946647e-08 
 9.188573813312892e-05  3.032211398143255e+00 -1.796024999990015e-08 
 9.198573813312893e-05  3.035511398143255e+00 -1.796024999990015e-08 
 9.208573813312893e-05  3.038811398143255e+00 -1.796025000033383e-08 
 9.218573813312893e-05  3.042111398143255e+00 -1.796025000033383e-08 
 9.228573813312893e-05  3.045411398143256e+00 -1.796024999990015e-08 
 9.238573813312894e-05  3.048711398143255e+00 -1.796024999990015e-08 
 9.248573813312894e-05  3.052011398143256e+00 -1.796024999946647e-08 
 9.258573813312894e-05  3.055311398143255e+00 -1.796024999990015e-08 
 9.268573813312894e-05  3.058611398143255e+00 -1.796024999990015e-08 
 9.278573813312895e-05  3.061911398143256e+00 -1.796024999990015e-08 
 9.288573813312895e-05  3.065211398143256e+00 -1.796025000033383e-08 
 9.298573813312895e-05  3.068511398143256e+00 -1.796024999990015e-08 
 9.308573813312895e-05  3.071811398143256e+00 -1.796024999990015e-08 
 9.318573813312896e-05  3.075111398143255e+00 -1.796025000033383e-08 
 9.328573813312896e-05  3.078411398143257e+00 -1.796024999946647e-08 
 9.338573813312896e-05  3.081711398143256e+00 -1.796024999946647e-08 
 9.348573813312896e-05  3.085011398143256e+00 -1.796024999990015e-08 
 9.358573813312897e-05  3.088311398143256e+00 -1.796025000033383e-08 
 9.368573813312897e-05  3.091611398143257e+00 -1.796024999990015e-08 
 9.378573813312897e-05  3.094911398143256e+00 -1.796025000033383e-08 
 9.388573813312897e-05  3.098211398143257e+00 -1.796025000033383e-08 
 9.398573813312898e-05  3.101511398143257e+00 -1.796024999946647e-08 
 9.408573813312898e-05  3.104811398143257e+00 -1.796024999946647e-08 
 9.418573813312898e-05  3.108111398143257e+00 -1.796024999990015e-08 
 9.428573813312898e-05  3.111411398143257e+00 -1.796024999946647e-08 
 9.438573813312899e-05  3.114711398143257e+00 -1.796025000033383e-08 
 9.448573813312899e-05  3.118011398143257e+00 -1.796025000033383e-08 
 9.458573813312899e-05  3.121311398143257e+00 -1.796024999990015e-08 
 9.468573813312899e-05  3.124611398143257e+00 -1.796025000033383e-08 
 9.478573813312900e-05  3.127911398143258e+00 -1.796024999946647e-08 
 9.488573813312900e-05  3.131211398143257e+00 -1.796024999990015e-08 
 9.498573813312900e-05  3.134511398143257e+00 -1.796024999990015e-08 
 9.508573813312900e-05  3.137811398143258e+00 -1.796024999946647e-08 
 9.518573813312900e-05  3.141111398143258e+00 -1.796024999990015e-08 
 9.528573813312901e-05  3.144411398143257e+00 -1.796025000076751e-08 
 9.538573813312901e-05  3.147711398143258e+00 -1.796024999990015e-08 
 9.548573813312901e-05  3.151011398143257e+00 -1.796025000033383e-08 
 9.558573813312901e-05  3.154311398143259e+00 -1.796024999946647e-08 
 9.568573813312902e-05  3.157611398143259e+00 -1.796024999946647e-08 
 9.578573813312902e-05  3.160911398143258e+00 -1.796024999990015e-08 
 9.588573813312902e-05  3.164211398143258e+00 -1.796024999990015e-08 
 9.598573813312902e-05  3.167511398143259e+00 -1.796024999990015e-08 
 9.608573813312903e-05  3.170811398143258e+00 -1.796025000033383e-08 
 9.618573813312903e-05  3.174111398143258e+00 -1.796025000033383e-08 
 9.628573813312903e-05  3.177411398143259e+00 -1.796024999990015e-08 
 9.638573813312903e-05  3.180711398143258e+00 -1.796024999990015e-08 
 9.648573813312904e-05  3.184011398143259e+00 -1.796024999946647e-08 
 9.658573813312904e-05  3.187311398143259e+00 -1.796024999990015e-08 
 9.668573813312904e-05  3.190611398143259e+00 -1.796024999946647e-08 
 9.678573813312904e-05  3.193911398143258e+00 -1.796025000076751e-08 
 9.688573813312905e-05  3.197211398143259e+00 -1.796025000033383e-08 
 9.698573813312905e-05  3.200511398143260e+00 -1.796024999990015e-08 
 9.708573813312905e-05  3.203811398143259e+00 -1.796025000033383e-08 
 9.718573813312905e-05  3.207111398143259e+00 -1.796024999990015e-08 
 9.728573813312906e-05  3.210411398143260e+00 -1.796024999946647e-08 
 9.738573813312906e-05  3.213711398143259e+00 -1.796024999990015e-08 
 9.748573813312906e-05  3.217011398143260e+00 -1.796024999946647e-08 
 9.758573813312906e-05  3.220311398143259e+00 -1.796025000033383e-08 
 9.768573813312907e-05  3.223611398143260e+00 -1.796025000033383e-08 
 9.778573813312907e-05  3.226911398143260e+00 -1.796025000033383e-08 
 9.788573813312907e-05  3.230211398143259e+00 -1.796025000033383e-08 
 9.798573813312907e-05  3.233511398143261e+00 -1.796024999990015e-08 
 9.808573813312908e-05  3.236811398143260e+00 -1.796024999946647e-08 
 9.818573813312908e-05  3.240111398143260e+00 -1.796024999990015e-08 
 9.828573813312908e-05  3.243411398143261e+00 -1.796024999946647e-08 
 9.838573813312908e-05  3.246711398143260e+00 -1.796025000076751e-08 
 9.848573813312909e-05  3.250011398143261e+00 -1.796024999990015e-08 
 9.858573813312909e-05  3.253311398143261e+00 -1.796024999990015e-08 
 9.868573813312909e-05  3.256611398143261e+00 -1.796025000033383e-08 
 9.878573813312909e-05  3.259911398143260e+00 -1.796024999990015e-08 
 9.888573813312909e-05  3.263211398143261e+00 -1.796024999946647e-08 
 9.898573813312910e-05  3.266511398143261e+00 -1.796024999903278e-08 
 9.908573813312910e-05  3.269811398143260e+00 -1.796025000076751e-08 
 9.918573813312910e-05  3.273111398143261e+00 -1.796024999946647e-08 
 9.928573813312910e-05  3.276411398143261e+00 -1.796024999990015e-08 
 9.938573813312911e-05  3.279711398143261e+00 -1.796025000033383e-08 
 9.948573813312911e-05  3.283011398143261e+00 -1.796025000033383e-08 
 9.958573813312911e-05  3.286311398143261e+00 -1.796024999990015e-08 
 9.968573813312911e-05  3.289611398143262e+00 -1.796024999946647e-08 
 9.978573813312912e-05  3.292911398143261e+00 -1.796024999990015e-08 
 9.988573813312912e-05  3.296211398143261e+00 -1.796024999990015e-08 
 9.994286906656456e-05  3.298096718946630e+00 -1.796025000033383e-08 
 9.999999999999999e-05  3.299982039750001e+00 -1.796024999990015e-08 
 1.000042470708761e-04  3.299997959880728e+00 -2.040119272735813e-09 
 1.000127412126283e-04  3.300001032009118e+00  1.032009117919730e-09 
 1.000297294961327e-04  3.300000176887094e+00  1.768870939479472e-10 
 1.000474012300608e-04  3.299999994512685e+00 -5.487315463126308e-12 
 1.000827446979172e-04  3.299999996211907e+00 -3.788093536766235e-12 
 1.001534316336298e-04  3.299999999969229e+00 -3.077139237861459e-14 
 1.002534316336298e-04  3.300000000016540e+00  1.653972098170087e-14 
 1.003534316336298e-04  3.300000000000262e+00  2.619432448724979e-16 
 1.004534316336298e-04  3.299999999999959e+00 -4.119968255444917e-17 
 1.005534316336298e-04  3.299999999999999e+00 -8.673617379884035e-19 
 1.006534316336298e-04  3.300000000000000e+00  0.000000000000000e+00 
 1.007534316336298e-04  3.300000000000000e+00  0.000000000000000e+00 
 1.008534316336298e-04  3.300000000000000e+00  0.000000000000000e+00 
 1.009534316336298e-04  3.300000000000000e+00  0.000000000000000e+00 
 1.010534316336298e-04  3.300000000000000e+00  0.000000000000000e+00 
 1.011534316336298e-04  3.300000000000000e+00  0.000000000000000e+00 
 1.012534316336298e-04  3.300000000000000e+00  0.000000000000000e+00 
 1.013534316336298e-04  3.300000000000000e+00  0.000000000000000e+00 
 1.014534316336298e-04  3.300000000000000e+00  0.000000000000000e+00 
 1.015534316336298e-04  3.300000000000000e+00  0.000000000000000e+00 
 1.016534316336298e-04  3.300000000000000e+00  0.000000000000000e+00 
 1.017534316336298e-04  3.300000000000000e+00  0.000000000000000e+00 
 1.018534316336298e-04  3.300000000000000e+00  0.000000000000000e+00 
 1.019534316336298e-04  3.300000000000000e+00  0.000000000000000e+00 
 1.020534316336298e-04  3.300000000000000e+00  0.000000000000000e+00 
 1.021534316336298e-04  3.300000000000000e+00  0.000000000000000e+00 
 1.022534316336299e-04  3.300000000000000e+00  0.000000000000000e+00 
 1.023534316336299e-04  3.300000000000000e+00  0.000000000000000e+00 
 1.024534316336299e-04  3.300000000000000e+00  0.000000000000000e+00 
 1.025534316336299e-04  3.300000000000000e+00  0.000000000000000e+00 
 1.026534316336299e-04  3.300000000000000e+00  0.000000000000000e+00 
 1.027534316336299e-04  3.300000000000000e+00  0.000000000000000e+00 
 1.028534316336299e-04  3.300000000000000e+00  0.000000000000000e+00 
 1.029534316336299e-04  3.300000000000000e+00  0.000000000000000e+00 
 1.030534316336299e-04  3.300000000000000e+00  0.000000000000000e+00 
 1.031534316336299e-04  3.300000000000000e+00  0.000000000000000e+00 
 1.032534316336299e-04  3.300000000000000e+00  0.000000000000000e+00 
 1.033534316336299e-04  3.300000000000000e+00  0.000000000000000e+00 
 1.034534316336299e-04  3.300000000000000e+00  0.000000000000000e+00 
 1.035534316336299e-04  3.300000000000000e+00  0.000000000000000e+00 
 1.036534316336299e-04  3.300000000000000e+00  0.000000000000000e+00 
 1.037534316336299e-04  3.300000000000000e+00  0.000000000000000e+00 
 1.038534316336299e-04  3.300000000000000e+00  0.000000000000000e+00 
 1.039534316336299e-04  3.300000000000000e+00  0.000000000000000e+00 
 1.040534316336299e-04  3.300000000000000e+00  0.000000000000000e+00 
 1.041534316336299e-04  3.300000000000000e+00  0.000000000000000e+00 
 1.042534316336299e-04  3.300000000000000e+00  0.000000000000000e+00 
 1.043534316336299e-04  3.300000000000000e+00  0.000000000000000e+00 
 1.044534316336299e-04  3.300000000000000e+00  0.000000000000000e+00 
 1.045534316336299e-04  3.300000000000000e+00  0.000000000000000e+00 
 1.046534316336299e-04  3.300000000000000e+00  0.000000000000000e+00 
 1.047534316336299e-04  3.300000000000000e+00  0.000000000000000e+00 
 1.048534316336299e-04  3.300000000000000e+00  0.000000000000000e+00 
 1.049534316336299e-04  3.300000000000000e+00  0.000000000000000e+00 
 1.050534316336299e-04  3.300000000000000e+00  0.000000000000000e+00 
 1.051534316336299e-04  3.300000000000000e+00  0.000000000000000e+00 
 1.052534316336299e-04  3.300000000000000e+00  0.000000000000000e+00 
 1.053534316336299e-04  3.300000000000000e+00  0.000000000000000e+00 
 1.054534316336299e-04  3.300000000000000e+00  0.000000000000000e+00 
 1.055534316336299e-04  3.300000000000000e+00  0.000000000000000e+00 
 1.056534316336299e-04  3.300000000000000e+00  0.000000000000000e+00 
 1.057534316336299e-04  3.300000000000000e+00  0.000000000000000e+00 
 1.058534316336299e-04  3.300000000000000e+00  0.000000000000000e+00 
 1.059534316336299e-04  3.300000000000000e+00  0.000000000000000e+00 
 1.060534316336299e-04  3.300000000000000e+00  0.000000000000000e+00 
 1.061534316336299e-04  3.300000000000000e+00  0.000000000000000e+00 
 1.062534316336299e-04  3.300000000000000e+00  0.000000000000000e+00 
 1.063534316336300e-04  3.300000000000000e+00  0.000000000000000e+00 
 1.064534316336300e-04  3.300000000000000e+00  0.000000000000000e+00 
 1.065534316336300e-04  3.300000000000000e+00  0.000000000000000e+00 
 1.066534316336300e-04  3.300000000000000e+00  0.000000000000000e+00 
 1.067534316336300e-04  3.300000000000000e+00  0.000000000000000e+00 
 1.068534316336300e-04  3.300000000000000e+00  0.000000000000000e+00 
 1.069534316336300e-04  3.300000000000000e+00  0.000000000000000e+00 
 1.070534316336300e-04  3.300000000000000e+00  0.000000000000000e+00 
 1.071534316336300e-04  3.300000000000000e+00  0.000000000000000e+00 
 1.072534316336300e-04  3.300000000000000e+00  0.000000000000000e+00 
 1.073534316336300e-04  3.300000000000000e+00  0.000000000000000e+00 
 1.074534316336300e-04  3.300000000000000e+00  0.000000000000000e+00 
 1.075534316336300e-04  3.300000000000000e+00  0.000000000000000e+00 
 1.076534316336300e-04  3.300000000000000e+00  0.000000000000000e+00 
 1.077534316336300e-04  3.300000000000000e+00  0.000000000000000e+00 
 1.078534316336300e-04  3.300000000000000e+00  0.000000000000000e+00 
 1.079534316336300e-04  3.300000000000000e+00  0.000000000000000e+00 
 1.080534316336300e-04  3.300000000000000e+00  0.000000000000000e+00 
 1.081534316336300e-04  3.300000000000000e+00  0.000000000000000e+00 
 1.082534316336300e-04  3.300000000000000e+00  0.000000000000000e+00 
 1.083534316336300e-04  3.300000000000000e+00  0.000000000000000e+00 
 1.084534316336300e-04  3.300000000000000e+00  0.000000000000000e+00 
 1.085534316336300e-04  3.300000000000000e+00  0.000000000000000e+00 
 1.086534316336300e-04  3.300000000000000e+00  0.000000000000000e+00 
 1.087534316336300e-04  3.300000000000000e+00  0.000000000000000e+00 
 1.088534316336300e-04  3.300000000000000e+00  0.000000000000000e+00 
 1.089534316336300e-04  3.300000000000000e+00  0.000000000000000e+00 
 1.090534316336300e-04  3.300000000000000e+00  0.000000000000000e+00 
 1.091534316336300e-04  3.300000000000000e+00  0.000000000000000e+00 
 1.092534316336300e-04  3.300000000000000e+00  0.000000000000000e+00 
 1.093534316336300e-04  3.300000000000000e+00  0.000000000000000e+00 
 1.094534316336300e-04  3.300000000000000e+00  0.000000000000000e+00 
 1.095534316336300e-04  3.300000000000000e+00  0.000000000000000e+00 
 1.096534316336300e-04  3.300000000000000e+00  0.000000000000000e+00 
 1.097534316336300e-04  3.300000000000000e+00  0.000000000000000e+00 
 1.098534316336300e-04  3.300000000000000e+00  0.000000000000000e+00 
 1.099534316336300e-04  3.300000000000000e+00  0.000000000000000e+00 
 1.100534316336300e-04  3.300000000000000e+00  0.000000000000000e+00 
 1.101534316336300e-04  3.300000000000000e+00  0.000000000000000e+00 
 1.102534316336300e-04  3.300000000000000e+00  0.000000000000000e+00 
 1.103534316336300e-04  3.300000000000000e+00  0.000000000000000e+00 
 1.104534316336301e-04  3.300000000000000e+00  0.000000000000000e+00 
 1.105534316336301e-04  3.300000000000000e+00  0.000000000000000e+00 
 1.106534316336301e-04  3.300000000000000e+00  0.000000000000000e+00 
 1.107534316336301e-04  3.300000000000000e+00  0.000000000000000e+00 
 1.108534316336301e-04  3.300000000000000e+00  0.000000000000000e+00 
 1.109534316336301e-04  3.300000000000000e+00  0.000000000000000e+00 
 1.110534316336301e-04  3.300000000000000e+00  0.000000000000000e+00 
 1.111534316336301e-04  3.300000000000000e+00  0.000000000000000e+00 
 1.112534316336301e-04  3.300000000000000e+00  0.000000000000000e+00 
 1.113534316336301e-04  3.300000000000000e+00  0.000000000000000e+00 
 1.114534316336301e-04  3.300000000000000e+00  0.000000000000000e+00 
 1.115534316336301e-04  3.300000000000000e+00  0.000000000000000e+00 
 1.116534316336301e-04  3.300000000000000e+00  0.000000000000000e+00 
 1.117534316336301e-04  3.300000000000000e+00  0.000000000000000e+00 
 1.118534316336301e-04  3.300000000000000e+00  0.000000000000000e+00 
 1.119534316336301e-04  3.300000000000000e+00  0.000000000000000e+00 
 1.120534316336301e-04  3.300000000000000e+00  0.000000000000000e+00 
 1.121534316336301e-04  3.300000000000000e+00  0.000000000000000e+00 
 1.122534316336301e-04  3.300000000000000e+00  0.000000000000000e+00 
 1.123534316336301e-04  3.300000000000000e+00  0.000000000000000e+00 
 1.124534316336301e-04  3.300000000000000e+00  0.000000000000000e+00 
 1.125534316336301e-04  3.300000000000000e+00  0.000000000000000e+00 
 1.126534316336301e-04  3.300000000000000e+00  0.000000000000000e+00 
 1.127534316336301e-04  3.300000000000000e+00  0.000000000000000e+00 
 1.128534316336301e-04  3.300000000000000e+00  0.000000000000000e+00 
 1.129534316336301e-04  3.300000000000000e+00  0.000000000000000e+00 
 1.130534316336301e-04  3.300000000000000e+00  0.000000000000000e+00 
 1.131534316336301e-04  3.300000000000000e+00  0.000000000000000e+00 
 1.132534316336301e-04  3.300000000000000e+00  0.000000000000000e+00 
 1.133534316336301e-04  3.300000000000000e+00  0.000000000000000e+00 
 1.134534316336301e-04  3.300000000000000e+00  0.000000000000000e+00 
 1.135534316336301e-04  3.300000000000000e+00  0.000000000000000e+00 
 1.136534316336301e-04  3.300000000000000e+00  0.000000000000000e+00 
 1.137534316336301e-04  3.300000000000000e+00  0.000000000000000e+00 
 1.138534316336301e-04  3.300000000000000e+00  0.000000000000000e+00 
 1.139534316336301e-04  3.300000000000000e+00  0.000000000000000e+00 
 1.140534316336301e-04  3.300000000000000e+00  0.000000000000000e+00 
 1.141534316336301e-04  3.300000000000000e+00  0.000000000000000e+00 
 1.142534316336301e-04  3.300000000000000e+00  0.000000000000000e+00 
 1.143534316336301e-04  3.300000000000000e+00  0.000000000000000e+00 
 1.144534316336301e-04  3.300000000000000e+00  0.000000000000000e+00 
 1.145534316336302e-04  3.300000000000000e+00  0.000000000000000e+00 
 1.146534316336302e-04  3.300000000000000e+00  0.000000000000000e+00 
 1.147534316336302e-04  3.300000000000000e+00  0.000000000000000e+00 
 1.148534316336302e-04  3.300000000000000e+00  0.000000000000000e+00 
 1.149534316336302e-04  3.300000000000000e+00  0.000000000000000e+00 
 1.150534316336302e-04  3.300000000000000e+00  0.000000000000000e+00 
 1.151534316336302e-04  3.300000000000000e+00  0.000000000000000e+00 
 1.152534316336302e-04  3.300000000000000e+00  0.000000000000000e+00 
 1.153534316336302e-04  3.300000000000000e+00  0.000000000000000e+00 
 1.154534316336302e-04  3.300000000000000e+00  0.000000000000000e+00 
 1.155534316336302e-04  3.300000000000000e+00  0.000000000000000e+00 
 1.156534316336302e-04  3.300000000000000e+00  0.000000000000000e+00 
 1.157534316336302e-04  3.300000000000000e+00  0.000000000000000e+00 
 1.158534316336302e-04  3.300000000000000e+00  0.000000000000000e+00 
 1.159534316336302e-04  3.300000000000000e+00  0.000000000000000e+00 
 1.160534316336302e-04  3.300000000000000e+00  0.000000000000000e+00 
 1.161534316336302e-04  3.300000000000000e+00  0.000000000000000e+00 
 1.162534316336302e-04  3.300000000000000e+00  0.000000000000000e+00 
 1.163534316336302e-04  3.300000000000000e+00  0.000000000000000e+00 
 1.164534316336302e-04  3.300000000000000e+00  0.000000000000000e+00 
 1.165534316336302e-04  3.300000000000000e+00  0.000000000000000e+00 
 1.166534316336302e-04  3.300000000000000e+00  0.000000000000000e+00 
 1.167534316336302e-04  3.300000000000000e+00  0.000000000000000e+00 
 1.168534316336302e-04  3.300000000000000e+00  0.000000000000000e+00 
 1.169534316336302e-04  3.300000000000000e+00  0.000000000000000e+00 
 1.170534316336302e-04  3.300000000000000e+00  0.000000000000000e+00 
 1.171534316336302e-04  3.300000000000000e+00  0.000000000000000e+00 
 1.172534316336302e-04  3.300000000000000e+00  0.000000000000000e+00 
 1.173534316336302e-04  3.300000000000000e+00  0.000000000000000e+00 
 1.174534316336302e-04  3.300000000000000e+00  0.000000000000000e+00 
 1.175534316336302e-04  3.300000000000000e+00  0.000000000000000e+00 
 1.176534316336302e-04  3.300000000000000e+00  0.000000000000000e+00 
 1.177534316336302e-04  3.300000000000000e+00  0.000000000000000e+00 
 1.178534316336302e-04  3.300000000000000e+00  0.000000000000000e+00 
 1.179534316336302e-04  3.300000000000000e+00  0.000000000000000e+00 
 1.180534316336302e-04  3.300000000000000e+00  0.000000000000000e+00 
 1.181534316336302e-04  3.300000000000000e+00  0.000000000000000e+00 
 1.182534316336302e-04  3.300000000000000e+00  0.000000000000000e+00 
 1.183534316336302e-04  3.300000000000000e+00  0.000000000000000e+00 
 1.184534316336302e-04  3.300000000000000e+00  0.000000000000000e+00 
 1.185534316336302e-04  3.300000000000000e+00  0.000000000000000e+00 
 1.186534316336302e-04  3.300000000000000e+00  0.000000000000000e+00 
 1.187534316336303e-04  3.300000000000000e+00  0.000000000000000e+00 
 1.188534316336303e-04  3.300000000000000e+00  0.000000000000000e+00 
 1.189534316336303e-04  3.300000000000000e+00  0.000000000000000e+00 
 1.190534316336303e-04  3.300000000000000e+00  0.000000000000000e+00 
 1.191534316336303e-04  3.300000000000000e+00  0.000000000000000e+00 
 1.192534316336303e-04  3.300000000000000e+00  0.000000000000000e+00 
 1.193534316336303e-04  3.300000000000000e+00  0.000000000000000e+00 
 1.194534316336303e-04  3.300000000000000e+00  0.000000000000000e+00 
 1.195534316336303e-04  3.300000000000000e+00  0.000000000000000e+00 
 1.196534316336303e-04  3.300000000000000e+00  0.000000000000000e+00 
 1.197534316336303e-04  3.300000000000000e+00  0.000000000000000e+00 
 1.198534316336303e-04  3.300000000000000e+00  0.000000000000000e+00 
 1.199534316336303e-04  3.300000000000000e+00  0.000000000000000e+00 
 1.200534316336303e-04  3.300000000000000e+00  0.000000000000000e+00 
 1.201534316336303e-04  3.300000000000000e+00  0.000000000000000e+00 
 1.202534316336303e-04  3.300000000000000e+00  0.000000000000000e+00 
 1.203534316336303e-04  3.300000000000000e+00  0.000000000000000e+00 
 1.204534316336303e-04  3.300000000000000e+00  0.000000000000000e+00 
 1.205534316336303e-04  3.300000000000000e+00  0.000000000000000e+00 
 1.206534316336303e-04  3.300000000000000e+00  0.000000000000000e+00 
 1.207534316336303e-04  3.300000000000000e+00  0.000000000000000e+00 
 1.208534316336303e-04  3.300000000000000e+00  0.000000000000000e+00 
 1.209534316336303e-04  3.300000000000000e+00  0.000000000000000e+00 
 1.210534316336303e-04  3.300000000000000e+00  0.000000000000000e+00 
 1.211534316336303e-04  3.300000000000000e+00  0.000000000000000e+00 
 1.212534316336303e-04  3.300000000000000e+00  0.000000000000000e+00 
 1.213534316336303e-04  3.300000000000000e+00  0.000000000000000e+00 
 1.214534316336303e-04  3.300000000000000e+00  0.000000000000000e+00 
 1.215534316336303e-04  3.300000000000000e+00  0.000000000000000e+00 
 1.216534316336303e-04  3.300000000000000e+00  0.000000000000000e+00 
 1.217534316336303e-04  3.300000000000000e+00  0.000000000000000e+00 
 1.218534316336303e-04  3.300000000000000e+00  0.000000000000000e+00 
 1.219534316336303e-04  3.300000000000000e+00  0.000000000000000e+00 
 1.220534316336303e-04  3.300000000000000e+00  0.000000000000000e+00 
 1.221534316336303e-04  3.300000000000000e+00  0.000000000000000e+00 
 1.222534316336303e-04  3.300000000000000e+00  0.000000000000000e+00 
 1.223534316336303e-04  3.300000000000000e+00  0.000000000000000e+00 
 1.224534316336303e-04  3.300000000000000e+00  0.000000000000000e+00 
 1.225534316336303e-04  3.300000000000000e+00  0.000000000000000e+00 
 1.226534316336303e-04  3.300000000000000e+00  0.000000000000000e+00 
 1.227534316336303e-04  3.300000000000000e+00  0.000000000000000e+00 
 1.228534316336303e-04  3.300000000000000e+00  0.000000000000000e+00 
 1.229534316336303e-04  3.300000000000000e+00  0.000000000000000e+00 
 1.230534316336303e-04  3.300000000000000e+00  0.000000000000000e+00 
 1.231534316336303e-04  3.300000000000000e+00  0.000000000000000e+00 
 1.232534316336303e-04  3.300000000000000e+00  0.000000000000000e+00 
 1.233534316336304e-04  3.300000000000000e+00  0.000000000000000e+00 
 1.234534316336304e-04  3.300000000000000e+00  0.000000000000000e+00 
 1.235534316336304e-04  3.300000000000000e+00  0.000000000000000e+00 
 1.236534316336304e-04  3.300000000000000e+00  0.000000000000000e+00 
 1.237534316336304e-04  3.300000000000000e+00  0.000000000000000e+00 
 1.238534316336304e-04  3.300000000000000e+00  0.000000000000000e+00 
 1.239534316336304e-04  3.300000000000000e+00  0.000000000000000e+00 
 1.240534316336304e-04  3.300000000000000e+00  0.000000000000000e+00 
 1.241534316336304e-04  3.300000000000000e+00  0.000000000000000e+00 
 1.242534316336304e-04  3.300000000000000e+00  0.000000000000000e+00 
 1.243534316336304e-04  3.300000000000000e+00  0.000000000000000e+00 
 1.244534316336304e-04  3.300000000000000e+00  0.000000000000000e+00 
 1.245534316336304e-04  3.300000000000000e+00  0.000000000000000e+00 
 1.246534316336304e-04  3.300000000000000e+00  0.000000000000000e+00 
 1.247534316336304e-04  3.300000000000000e+00  0.000000000000000e+00 
 1.248534316336304e-04  3.300000000000000e+00  0.000000000000000e+00 
 1.249534316336304e-04  3.300000000000000e+00  0.000000000000000e+00 
 1.250534316336304e-04  3.300000000000000e+00  0.000000000000000e+00 
 1.251534316336304e-04  3.300000000000000e+00  0.000000000000000e+00 
 1.252534316336304e-04  3.300000000000000e+00  0.000000000000000e+00 
 1.253534316336304e-04  3.300000000000000e+00  0.000000000000000e+00 
 1.254534316336304e-04  3.300000000000000e+00  0.000000000000000e+00 
 1.255534316336304e-04  3.300000000000000e+00  0.000000000000000e+00 
 1.256534316336304e-04  3.300000000000000e+00  0.000000000000000e+00 
 1.257534316336304e-04  3.300000000000000e+00  0.000000000000000e+00 
 1.258534316336304e-04  3.300000000000000e+00  0.000000000000000e+00 
 1.259534316336304e-04  3.300000000000000e+00  0.000000000000000e+00 
 1.260534316336304e-04  3.300000000000000e+00  0.000000000000000e+00 
 1.261534316336304e-04  3.300000000000000e+00  0.000000000000000e+00 
 1.262534316336304e-04  3.300000000000000e+00  0.000000000000000e+00 
 1.263534316336304e-04  3.300000000000000e+00  0.000000000000000e+00 
 1.264534316336304e-04  3.300000000000000e+00  0.000000000000000e+00 
 1.265534316336304e-04  3.300000000000000e+00  0.000000000000000e+00 
 1.266534316336304e-04  3.300000000000000e+00  0.000000000000000e+00 
 1.267534316336304e-04  3.300000000000000e+00  0.000000000000000e+00 
 1.268534316336304e-04  3.300000000000000e+00  0.000000000000000e+00 
 1.269534316336304e-04  3.300000000000000e+00  0.000000000000000e+00 
 1.270534316336304e-04  3.300000000000000e+00  0.000000000000000e+00 
 1.271534316336304e-04  3.300000000000000e+00  0.000000000000000e+00 
 1.272534316336304e-04  3.300000000000000e+00  0.000000000000000e+00 
 1.273534316336304e-04  3.300000000000000e+00  0.000000000000000e+00 
 1.274534316336305e-04  3.300000000000000e+00  0.000000000000000e+00 
 1.275534316336305e-04  3.300000000000000e+00  0.000000000000000e+00 
 1.276534316336305e-04  3.300000000000000e+00  0.000000000000000e+00 
 1.277534316336305e-04  3.300000000000000e+00  0.000000000000000e+00 
 1.278534316336305e-04  3.300000000000000e+00  0.000000000000000e+00 
 1.279534316336305e-04  3.300000000000000e+00  0.000000000000000e+00 
 1.280534316336305e-04  3.300000000000000e+00  0.000000000000000e+00 
 1.281534316336305e-04  3.300000000000000e+00  0.000000000000000e+00 
 1.282534316336305e-04  3.300000000000000e+00  0.000000000000000e+00 
 1.283534316336305e-04  3.300000000000000e+00  0.000000000000000e+00 
 1.284534316336305e-04  3.300000000000000e+00  0.000000000000000e+00 
 1.285534316336305e-04  3.300000000000000e+00  0.000000000000000e+00 
 1.286534316336305e-04  3.300000000000000e+00  0.000000000000000e+00 
 1.287534316336305e-04  3.300000000000000e+00  0.000000000000000e+00 
 1.288534316336305e-04  3.300000000000000e+00  0.000000000000000e+00 
 1.289534316336305e-04  3.300000000000000e+00  0.000000000000000e+00 
 1.290534316336305e-04  3.300000000000000e+00  0.000000000000000e+00 
 1.291534316336305e-04  3.300000000000000e+00  0.000000000000000e+00 
 1.292534316336305e-04  3.300000000000000e+00  0.000000000000000e+00 
 1.293534316336305e-04  3.300000000000000e+00  0.000000000000000e+00 
 1.294534316336305e-04  3.300000000000000e+00  0.000000000000000e+00 
 1.295534316336305e-04  3.300000000000000e+00  0.000000000000000e+00 
 1.296534316336305e-04  3.300000000000000e+00  0.000000000000000e+00 
 1.297534316336305e-04  3.300000000000000e+00  0.000000000000000e+00 
 1.298534316336305e-04  3.300000000000000e+00  0.000000000000000e+00 
 1.299534316336305e-04  3.300000000000000e+00  0.000000000000000e+00 
 1.300534316336305e-04  3.300000000000000e+00  0.000000000000000e+00 
 1.301534316336305e-04  3.300000000000000e+00  0.000000000000000e+00 
 1.302534316336305e-04  3.300000000000000e+00  0.000000000000000e+00 
 1.303534316336305e-04  3.300000000000000e+00  0.000000000000000e+00 
 1.304534316336305e-04  3.300000000000000e+00  0.000000000000000e+00 
 1.305534316336305e-04  3.300000000000000e+00  0.000000000000000e+00 
 1.306534316336305e-04  3.300000000000000e+00  0.000000000000000e+00 
 1.307534316336305e-04  3.300000000000000e+00  0.000000000000000e+00 
 1.308534316336305e-04  3.300000000000000e+00  0.000000000000000e+00 
 1.309534316336305e-04  3.300000000000000e+00  0.000000000000000e+00 
 1.310534316336305e-04  3.300000000000000e+00  0.000000000000000e+00 
 1.311534316336305e-04  3.300000000000000e+00  0.000000000000000e+00 
 1.312534316336305e-04  3.300000000000000e+00  0.000000000000000e+00 
 1.313534316336305e-04  3.300000000000000e+00  0.000000000000000e+00 
 1.314534316336305e-04  3.300000000000000e+00  0.000000000000000e+00 
 1.315534316336305e-04  3.300000000000000e+00  0.000000000000000e+00 
 1.316534316336306e-04  3.300000000000000e+00  0.000000000000000e+00 
 1.317534316336306e-04  3.300000000000000e+00  0.000000000000000e+00 
 1.318534316336306e-04  3.300000000000000e+00  0.000000000000000e+00 
 1.319534316336306e-04  3.300000000000000e+00  0.000000000000000e+00 
 1.320534316336306e-04  3.300000000000000e+00  0.000000000000000e+00 
 1.321534316336306e-04  3.300000000000000e+00  0.000000000000000e+00 
 1.322534316336306e-04  3.300000000000000e+00  0.000000000000000e+00 
 1.323534316336306e-04  3.300000000000000e+00  0.000000000000000e+00 
 1.324534316336306e-04  3.300000000000000e+00  0.000000000000000e+00 
 1.325534316336306e-04  3.300000000000000e+00  0.000000000000000e+00 
 1.326534316336306e-04  3.300000000000000e+00  0.000000000000000e+00 
 1.327534316336306e-04  3.300000000000000e+00  0.000000000000000e+00 
 1.328534316336306e-04  3.300000000000000e+00  0.000000000000000e+00 
 1.329534316336306e-04  3.300000000000000e+00  0.000000000000000e+00 
 1.330534316336306e-04  3.300000000000000e+00  0.000000000000000e+00 
 1.331534316336306e-04  3.300000000000000e+00  0.000000000000000e+00 
 1.332534316336306e-04  3.300000000000000e+00  0.000000000000000e+00 
 1.333534316336306e-04  3.300000000000000e+00  0.000000000000000e+00 
 1.334534316336306e-04  3.300000000000000e+00  0.000000000000000e+00 
 1.335534316336306e-04  3.300000000000000e+00  0.000000000000000e+00 
 1.336534316336306e-04  3.300000000000000e+00  0.000000000000000e+00 
 1.337534316336306e-04  3.300000000000000e+00  0.000000000000000e+00 
 1.338534316336306e-04  3.300000000000000e+00  0.000000000000000e+00 
 1.339534316336306e-04  3.300000000000000e+00  0.000000000000000e+00 
 1.340534316336306e-04  3.300000000000000e+00  0.000000000000000e+00 
 1.341534316336306e-04  3.300000000000000e+00  0.000000000000000e+00 
 1.342534316336306e-04  3.300000000000000e+00  0.000000000000000e+00 
 1.343534316336306e-04  3.300000000000000e+00  0.000000000000000e+00 
 1.344534316336306e-04  3.300000000000000e+00  0.000000000000000e+00 
 1.345534316336306e-04  3.300000000000000e+00  0.000000000000000e+00 
 1.346534316336306e-04  3.300000000000000e+00  0.000000000000000e+00 
 1.347534316336306e-04  3.300000000000000e+00  0.000000000000000e+00 
 1.348534316336306e-04  3.300000000000000e+00  0.000000000000000e+00 
 1.349534316336306e-04  3.300000000000000e+00  0.000000000000000e+00 
 1.350534316336306e-04  3.300000000000000e+00  0.000000000000000e+00 
 1.351534316336306e-04  3.300000000000000e+00  0.000000000000000e+00 
 1.352534316336306e-04  3.300000000000000e+00  0.000000000000000e+00 
 1.353534316336306e-04  3.300000000000000e+00  0.000000000000000e+00 
 1.354534316336306e-04  3.300000000000000e+00  0.000000000000000e+00 
 1.355534316336306e-04  3.300000000000000e+00  0.000000000000000e+00 
 1.356534316336306e-04  3.300000000000000e+00  0.000000000000000e+00 
 1.357534316336307e-04  3.300000000000000e+00  0.000000000000000e+00 
 1.358534316336307e-04  3.300000000000000e+00  0.000000000000000e+00 
 1.359534316336307e-04  3.300000000000000e+00  0.000000000000000e+00 
 1.360534316336307e-04  3.300000000000000e+00  0.000000000000000e+00 
 1.361534316336307e-04  3.300000000000000e+00  0.000000000000000e+00 
 1.362534316336307e-04  3.300000000000000e+00  0.000000000000000e+00 
 1.363534316336307e-04  3.300000000000000e+00  0.000000000000000e+00 
 1.364534316336307e-04  3.300000000000000e+00  0.000000000000000e+00 
 1.365534316336307e-04  3.300000000000000e+00  0.000000000000000e+00 
 1.366534316336307e-04  3.300000000000000e+00  0.000000000000000e+00 
 1.367534316336307e-04  3.300000000000000e+00  0.000000000000000e+00 
 1.368534316336307e-04  3.300000000000000e+00  0.000000000000000e+00 
 1.369534316336307e-04  3.300000000000000e+00  0.000000000000000e+00 
 1.370534316336307e-04  3.300000000000000e+00  0.000000000000000e+00 
 1.371534316336307e-04  3.300000000000000e+00  0.000000000000000e+00 
 1.372534316336307e-04  3.300000000000000e+00  0.000000000000000e+00 
 1.373534316336307e-04  3.300000000000000e+00  0.000000000000000e+00 
 1.374534316336307e-04  3.300000000000000e+00  0.000000000000000e+00 
 1.375534316336307e-04  3.300000000000000e+00  0.000000000000000e+00 
 1.376534316336307e-04  3.300000000000000e+00  0.000000000000000e+00 
 1.377534316336307e-04  3.300000000000000e+00  0.000000000000000e+00 
 1.378534316336307e-04  3.300000000000000e+00  0.000000000000000e+00 
 1.379534316336307e-04  3.300000000000000e+00  0.000000000000000e+00 
 1.380534316336307e-04  3.300000000000000e+00  0.000000000000000e+00 
 1.381534316336307e-04  3.300000000000000e+00  0.000000000000000e+00 
 1.382534316336307e-04  3.300000000000000e+00  0.000000000000000e+00 
 1.383534316336307e-04  3.300000000000000e+00  0.000000000000000e+00 
 1.384534316336307e-04  3.300000000000000e+00  0.000000000000000e+00 
 1.385534316336307e-04  3.300000000000000e+00  0.000000000000000e+00 
 1.386534316336307e-04  3.300000000000000e+00  0.000000000000000e+00 
 1.387534316336307e-04  3.300000000000000e+00  0.000000000000000e+00 
 1.388534316336307e-04  3.300000000000000e+00  0.000000000000000e+00 
 1.389534316336307e-04  3.300000000000000e+00  0.000000000000000e+00 
 1.390534316336307e-04  3.300000000000000e+00  0.000000000000000e+00 
 1.391534316336307e-04  3.300000000000000e+00  0.000000000000000e+00 
 1.392534316336307e-04  3.300000000000000e+00  0.000000000000000e+00 
 1.393534316336307e-04  3.300000000000000e+00  0.000000000000000e+00 
 1.394534316336307e-04  3.300000000000000e+00  0.000000000000000e+00 
 1.395534316336307e-04  3.300000000000000e+00  0.000000000000000e+00 
 1.396534316336307e-04  3.300000000000000e+00  0.000000000000000e+00 
 1.397534316336307e-04  3.300000000000000e+00  0.000000000000000e+00 
 1.398534316336308e-04  3.300000000000000e+00  0.000000000000000e+00 
 1.399534316336308e-04  3.300000000000000e+00  0.000000000000000e+00 
 1.400534316336308e-04  3.300000000000000e+00  0.000000000000000e+00 
 1.401534316336308e-04  3.300000000000000e+00  0.000000000000000e+00 
 1.402534316336308e-04  3.300000000000000e+00  0.000000000000000e+00 
 1.403534316336308e-04  3.300000000000000e+00  0.000000000000000e+00 
 1.404534316336308e-04  3.300000000000000e+00  0.000000000000000e+00 
 1.405534316336308e-04  3.300000000000000e+00  0.000000000000000e+00 
 1.406534316336308e-04  3.300000000000000e+00  0.000000000000000e+00 
 1.407534316336308e-04  3.300000000000000e+00  0.000000000000000e+00 
 1.408534316336308e-04  3.300000000000000e+00  0.000000000000000e+00 
 1.409534316336308e-04  3.300000000000000e+00  0.000000000000000e+00 
 1.410534316336308e-04  3.300000000000000e+00  0.000000000000000e+00 
 1.411534316336308e-04  3.300000000000000e+00  0.000000000000000e+00 
 1.412534316336308e-04  3.300000000000000e+00  0.000000000000000e+00 
 1.413534316336308e-04  3.300000000000000e+00  0.000000000000000e+00 
 1.414534316336308e-04  3.300000000000000e+00  0.000000000000000e+00 
 1.415534316336308e-04  3.300000000000000e+00  0.000000000000000e+00 
 1.416534316336308e-04  3.300000000000000e+00  0.000000000000000e+00 
 1.417534316336308e-04  3.300000000000000e+00  0.000000000000000e+00 
 1.418534316336308e-04  3.300000000000000e+00  0.000000000000000e+00 
 1.419534316336308e-04  3.300000000000000e+00  0.000000000000000e+00 
 1.420534316336308e-04  3.300000000000000e+00  0.000000000000000e+00 
 1.421534316336308e-04  3.300000000000000e+00  0.000000000000000e+00 
 1.422534316336308e-04  3.300000000000000e+00  0.000000000000000e+00 
 1.423534316336308e-04  3.300000000000000e+00  0.000000000000000e+00 
 1.424534316336308e-04  3.300000000000000e+00  0.000000000000000e+00 
 1.425534316336308e-04  3.300000000000000e+00  0.000000000000000e+00 
 1.426534316336308e-04  3.300000000000000e+00  0.000000000000000e+00 
 1.427534316336308e-04  3.300000000000000e+00  0.000000000000000e+00 
 1.428534316336308e-04  3.300000000000000e+00  0.000000000000000e+00 
 1.429534316336308e-04  3.300000000000000e+00  0.000000000000000e+00 
 1.430534316336308e-04  3.300000000000000e+00  0.000000000000000e+00 
 1.431534316336308e-04  3.300000000000000e+00  0.000000000000000e+00 
 1.432534316336308e-04  3.300000000000000e+00  0.000000000000000e+00 
 1.433534316336308e-04  3.300000000000000e+00  0.000000000000000e+00 
 1.434534316336308e-04  3.300000000000000e+00  0.000000000000000e+00 
 1.435534316336308e-04  3.300000000000000e+00  0.000000000000000e+00 
 1.436534316336308e-04  3.300000000000000e+00  0.000000000000000e+00 
 1.437534316336308e-04  3.300000000000000e+00  0.000000000000000e+00 
 1.438534316336308e-04  3.300000000000000e+00  0.000000000000000e+00 
 1.439534316336309e-04  3.300000000000000e+00  0.000000000000000e+00 
 1.440534316336309e-04  3.300000000000000e+00  0.000000000000000e+00 
 1.441534316336309e-04  3.300000000000000e+00  0.000000000000000e+00 
 1.442534316336309e-04  3.300000000000000e+00  0.000000000000000e+00 
 1.443534316336309e-04  3.300000000000000e+00  0.000000000000000e+00 
 1.444534316336309e-04  3.300000000000000e+00  0.000000000000000e+00 
 1.445534316336309e-04  3.300000000000000e+00  0.000000000000000e+00 
 1.446534316336309e-04  3.300000000000000e+00  0.000000000000000e+00 
 1.447534316336309e-04  3.300000000000000e+00  0.000000000000000e+00 
 1.448534316336309e-04  3.300000000000000e+00  0.000000000000000e+00 
 1.449534316336309e-04  3.300000000000000e+00  0.000000000000000e+00 
 1.450534316336309e-04  3.300000000000000e+00  0.000000000000000e+00 
 1.451534316336309e-04  3.300000000000000e+00  0.000000000000000e+00 
 1.452534316336309e-04  3.300000000000000e+00  0.000000000000000e+00 
 1.453534316336309e-04  3.300000000000000e+00  0.000000000000000e+00 
 1.454534316336309e-04  3.300000000000000e+00  0.000000000000000e+00 
 1.455534316336309e-04  3.300000000000000e+00  0.000000000000000e+00 
 1.456534316336309e-04  3.300000000000000e+00  0.000000000000000e+00 
 1.457534316336309e-04  3.300000000000000e+00  0.000000000000000e+00 
 1.458534316336309e-04  3.300000000000000e+00  0.000000000000000e+00 
 1.459534316336309e-04  3.300000000000000e+00  0.000000000000000e+00 
 1.460534316336309e-04  3.300000000000000e+00  0.000000000000000e+00 
 1.461534316336309e-04  3.300000000000000e+00  0.000000000000000e+00 
 1.462534316336309e-04  3.300000000000000e+00  0.000000000000000e+00 
 1.463534316336309e-04  3.300000000000000e+00  0.000000000000000e+00 
 1.464534316336309e-04  3.300000000000000e+00  0.000000000000000e+00 
 1.465534316336309e-04  3.300000000000000e+00  0.000000000000000e+00 
 1.466534316336309e-04  3.300000000000000e+00  0.000000000000000e+00 
 1.467534316336309e-04  3.300000000000000e+00  0.000000000000000e+00 
 1.468534316336309e-04  3.300000000000000e+00  0.000000000000000e+00 
 1.469534316336309e-04  3.300000000000000e+00  0.000000000000000e+00 
 1.470534316336309e-04  3.300000000000000e+00  0.000000000000000e+00 
 1.471534316336309e-04  3.300000000000000e+00  0.000000000000000e+00 
 1.472534316336309e-04  3.300000000000000e+00  0.000000000000000e+00 
 1.473534316336309e-04  3.300000000000000e+00  0.000000000000000e+00 
 1.474534316336309e-04  3.300000000000000e+00  0.000000000000000e+00 
 1.475534316336309e-04  3.300000000000000e+00  0.000000000000000e+00 
 1.476534316336309e-04  3.300000000000000e+00  0.000000000000000e+00 
 1.477534316336309e-04  3.300000000000000e+00  0.000000000000000e+00 
 1.478534316336309e-04  3.300000000000000e+00  0.000000000000000e+00 
 1.479534316336309e-04  3.300000000000000e+00  0.000000000000000e+00 
 1.480534316336310e-04  3.300000000000000e+00  0.000000000000000e+00 
 1.481534316336310e-04  3.300000000000000e+00  0.000000000000000e+00 
 1.482534316336310e-04  3.300000000000000e+00  0.000000000000000e+00 
 1.483534316336310e-04  3.300000000000000e+00  0.000000000000000e+00 
 1.484534316336310e-04  3.300000000000000e+00  0.000000000000000e+00 
 1.485534316336310e-04  3.300000000000000e+00  0.000000000000000e+00 
 1.486534316336310e-04  3.300000000000000e+00  0.000000000000000e+00 
 1.487534316336310e-04  3.300000000000000e+00  0.000000000000000e+00 
 1.488534316336310e-04  3.300000000000000e+00  0.000000000000000e+00 
 1.489534316336310e-04  3.300000000000000e+00  0.000000000000000e+00 
 1.490534316336310e-04  3.300000000000000e+00  0.000000000000000e+00 
 1.491534316336310e-04  3.300000000000000e+00  0.000000000000000e+00 
 1.492534316336310e-04  3.300000000000000e+00  0.000000000000000e+00 
 1.493534316336310e-04  3.300000000000000e+00  0.000000000000000e+00 
 1.494534316336310e-04  3.300000000000000e+00  0.000000000000000e+00 
 1.495534316336310e-04  3.300000000000000e+00  0.000000000000000e+00 
 1.496534316336310e-04  3.300000000000000e+00  0.000000000000000e+00 
 1.497534316336310e-04  3.300000000000000e+00  0.000000000000000e+00 
 1.498534316336310e-04  3.300000000000000e+00  0.000000000000000e+00 
 1.499534316336310e-04  3.300000000000000e+00  0.000000000000000e+00 
 1.500534316336310e-04  3.300000000000000e+00  0.000000000000000e+00 
 1.501534316336310e-04  3.300000000000000e+00  0.000000000000000e+00 
 1.502534316336310e-04  3.300000000000000e+00  0.000000000000000e+00 
 1.503534316336310e-04  3.300000000000000e+00  0.000000000000000e+00 
 1.504534316336310e-04  3.300000000000000e+00  0.000000000000000e+00 
 1.505534316336310e-04  3.300000000000000e+00  0.000000000000000e+00 
 1.506534316336310e-04  3.300000000000000e+00  0.000000000000000e+00 
 1.507534316336310e-04  3.300000000000000e+00  0.000000000000000e+00 
 1.508534316336310e-04  3.300000000000000e+00  0.000000000000000e+00 
 1.509534316336310e-04  3.300000000000000e+00  0.000000000000000e+00 
 1.510534316336310e-04  3.300000000000000e+00  0.000000000000000e+00 
 1.511534316336310e-04  3.300000000000000e+00  0.000000000000000e+00 
 1.512534316336310e-04  3.300000000000000e+00  0.000000000000000e+00 
 1.513534316336310e-04  3.300000000000000e+00  0.000000000000000e+00 
 1.514534316336310e-04  3.300000000000000e+00  0.000000000000000e+00 
 1.515534316336310e-04  3.300000000000000e+00  0.000000000000000e+00 
 1.516534316336310e-04  3.300000000000000e+00  0.000000000000000e+00 
 1.517534316336310e-04  3.300000000000000e+00  0.000000000000000e+00 
 1.518534316336310e-04  3.300000000000000e+00  0.000000000000000e+00 
 1.519534316336310e-04  3.300000000000000e+00  0.000000000000000e+00 
 1.520534316336310e-04  3.300000000000000e+00  0.000000000000000e+00 
 1.521534316336311e-04  3.300000000000000e+00  0.000000000000000e+00 
 1.522534316336311e-04  3.300000000000000e+00  0.000000000000000e+00 
 1.523534316336311e-04  3.300000000000000e+00  0.000000000000000e+00 
 1.524534316336311e-04  3.300000000000000e+00  0.000000000000000e+00 
 1.525534316336311e-04  3.300000000000000e+00  0.000000000000000e+00 
 1.526534316336311e-04  3.300000000000000e+00  0.000000000000000e+00 
 1.527534316336311e-04  3.300000000000000e+00  0.000000000000000e+00 
 1.528534316336311e-04  3.300000000000000e+00  0.000000000000000e+00 
 1.529267158168156e-04  3.300000000000000e+00 -4.336808689942018e-19 
 1.530000000000000e-04  3.300000000000000e+00  0.000000000000000e+00 
