 time                   v(vb,gb)               v(db,dg)               v(a_56346_55631#,DVSS_B.t335) i(Vport0)             
 1.000000000000000e-09  3.219765269830443e-05  3.210342685603363e-05  1.003744668324842e-05  1.492060489385268e-07 
 1.000383409608644e-09  3.221000198532023e-05  3.211574027539778e-05  1.004129638809516e-05  1.492624247516359e-07 
 1.001150228825931e-09  3.223471069178841e-05  3.214037811385281e-05  1.004899858197925e-05  1.493732538041675e-07 
 1.002683867260505e-09  3.228417422756431e-05  3.218970492752042e-05  1.006441536938104e-05  1.495861735563343e-07 
 1.005751144129653e-09  3.238327308507572e-05  3.228855569652699e-05  1.009529398857559e-05  1.499798641424582e-07 
 1.011885697867949e-09  3.258204149096899e-05  3.248694485239532e-05  1.015719867482663e-05  1.506635149438585e-07 
 1.024154805344542e-09  3.298121348924420e-05  3.288579586251809e-05  1.028144366397297e-05  1.517458862473926e-07 
 1.040337298974432e-09  3.350986585408798e-05  3.341467883795941e-05  1.044595698679032e-05  1.528083276530347e-07 
 1.058061682408247e-09  3.409056326837374e-05  3.399613044124699e-05  1.062674842101594e-05  1.536904868498176e-07 
 1.079975226162931e-09  3.480978240866213e-05  3.471658464644878e-05  1.085090779361030e-05  1.545603174518844e-07 
 1.105687765276163e-09  3.565459922058574e-05  3.556294026042115e-05  1.111462947909463e-05  1.554111147281210e-07 
 1.140668749288511e-09  3.680472347100542e-05  3.671504722388498e-05  1.147440991296408e-05  1.564059811462058e-07 
 1.188962003265862e-09  3.839338730115291e-05  3.830612004009874e-05  1.197274373415324e-05  1.575843381278551e-07 
 1.265141228519879e-09  4.090078037572971e-05  4.081662229846984e-05  1.276226123700358e-05  1.591131409986119e-07 
 1.354382127993944e-09  4.383977354547569e-05  4.375841140305051e-05  1.369200416314765e-05  1.605041318045690e-07 
 1.470045485816709e-09  4.765096737862564e-05  4.757223136136446e-05  1.490407327456837e-05  1.618283463123140e-07 
 1.594367900900746e-09  5.174933101342303e-05  5.167251509333128e-05  1.621496555404626e-05  1.628153479848015e-07 
 1.742030858682108e-09  5.661879850013629e-05  5.654344974955164e-05  1.778185612206483e-05  1.635935648234934e-07 
 1.901520902474427e-09  6.187959536377852e-05  6.180519358292226e-05  1.948530908944889e-05  1.641249861189200e-07 
 2.087948369712772e-09  6.802994431434696e-05  6.795615351140377e-05  2.148986389107910e-05  1.645055786132601e-07 
 2.293510578916621e-09  7.481226764349054e-05  7.473880589198798e-05  2.371568272933989e-05  1.647577953925916e-07 
 2.531764721698154e-09  8.267369464366678e-05  8.260038829384585e-05  2.631443574564923e-05  1.649399983104094e-07 
 2.796357027477138e-09  9.140444087755741e-05  9.133117855302004e-05  2.922277571822385e-05  1.650792952161718e-07 
 3.098614918674206e-09  1.013781696854115e-04  1.013048945049966e-04  3.257205901524597e-05  1.652069530403262e-07 
 3.433307773487030e-09  1.124222198971773e-04  1.123489067250110e-04  3.631227987524046e-05  1.653358735770902e-07 
 3.810319475476414e-09  1.248627019140910e-04  1.247893411177257e-04  4.056282325168430e-05  1.654777899750666e-07 
 4.226723388822482e-09  1.386030318678025e-04  1.385296201510850e-04  4.530102439291311e-05  1.656343787408695e-07 
 4.692828746138478e-09  1.539833882293474e-04  1.539099218863488e-04  5.065613236906995e-05  1.658098348297067e-07 
 5.209612867567795e-09  1.710360222365159e-04  1.709624965881650e-04  5.665378967540542e-05  1.660040214545759e-07 
 5.789847449611745e-09  1.901823713039718e-04  1.901087792843714e-04  6.345992378239586e-05  1.662212113186557e-07 
 6.440004918502327e-09  2.116360112383301e-04  2.115623445346207e-04  7.117305076392006e-05  1.664635028219530e-07 
 7.177651923566566e-09  2.359765999918669e-04  2.359028480973483e-04  8.003099729440659e-05  1.667372817795573e-07 
 8.016905745559654e-09  2.636699743771773e-04  2.635961251306958e-04  9.024267568385352e-05  1.670476975673106e-07 
 8.982871141053864e-09  2.955445317055230e-04  2.954705700439476e-04  1.021670753149492e-04  1.674039560053065e-07 
 1.009881551993614e-08  3.323680413748894e-04  3.322939495275845e-04  1.161649910179820e-04  1.678145371959946e-07 
 1.139604749931391e-08  3.751736136619878e-04  3.750993701925843e-04  1.327296728438507e-04  1.682908249556055e-07 
 1.289769607095746e-08  4.247244508651748e-04  4.246500316103594e-04  1.522900840985877e-04  1.688411281846990e-07 
 1.461984268972345e-08  4.815512035165443e-04  4.814765823966212e-04  1.752226842060824e-04  1.694711009134599e-07 
 1.655453967106622e-08  5.453916177456836e-04  5.453167695670740e-04  2.016114650843778e-04  1.701775450991948e-07 
 1.868104314505256e-08  6.155611959631676e-04  6.154860979123078e-04  2.313663387240005e-04  1.709525697353728e-07 
 2.097026048354371e-08  6.910999512789128e-04  6.910245839030397e-04  2.642588028791566e-04  1.717852601045543e-07 
 2.340197155561691e-08  7.713406680913871e-04  7.712650142591936e-04  3.001563176539621e-04  1.726679713068762e-07 
 2.596235878751676e-08  8.558273999315531e-04  8.557514440869513e-04  3.389965431071604e-04  1.735954223446783e-07 
 2.864766255151692e-08  9.444360887260636e-04  9.443598157044474e-04  3.808551073401356e-04  1.745659987419855e-07 
 3.145701265030326e-08  1.037138020763978e-03  1.037061415453410e-03  4.258488741471744e-04  1.755791384157940e-07 
 3.439364713359658e-08  1.134040044809525e-03  1.133963091664418e-03  4.741616750692193e-04  1.766357589681340e-07 
 3.746036273140592e-08  1.235234447144671e-03  1.235157130235494e-03  5.259749760774535e-04  1.777366095125198e-07 
 4.066148724942026e-08  1.340864035972292e-03  1.340786338803484e-03  5.815011696845800e-04  1.788829807040155e-07 
 4.400048442728109e-08  1.451043107379736e-03  1.450965012989735e-03  6.409434764421497e-04  1.800758424440727e-07 
 4.748187445725262e-08  1.565920817943314e-03  1.565842308776149e-03  7.045290624847943e-04  1.813165316100306e-07 
 5.110970932681603e-08  1.685630874610055e-03  1.685551932569304e-03  7.724821167134737e-04  1.826062079049289e-07 
 5.488900645210886e-08  1.810338841239278e-03  1.810259447571757e-03  8.450501148173352e-04  1.839463653005222e-07 
 5.882463429236146e-08  1.940205366496088e-03  1.940125501806522e-03  9.224833654718290e-04  1.853384332026814e-07 
 6.292233290702440e-08  2.075419859846393e-03  2.075339503991693e-03  1.005054874085459e-03  1.867841395396612e-07 
 6.718789976433769e-08  2.216173625149220e-03  2.216092757228366e-03  1.093044794498798e-03  1.882852202026601e-07 
 7.162793591534794e-08  2.362684482654344e-03  2.362603080910695e-03  1.186755798321192e-03  1.898436836356302e-07 
 7.624926788812000e-08  2.515177692867035e-03  2.515095734657853e-03  1.286501627460094e-03  1.914616045902920e-07 
 8.105950842548640e-08  2.673904459583096e-03  2.673821921284146e-03  1.392619311976908e-03  1.931413227277686e-07 
 8.606665670484867e-08  2.839128738088094e-03  2.839045595041583e-03  1.505461041532825e-03  1.948852972466611e-07 
 9.127952998810172e-08  3.011141478584553e-03  3.011057705001857e-03  1.625404131858490e-03  1.966962635757313e-07 
 9.563976499405086e-08  3.155019142019889e-03  3.154934840323522e-03  1.727582966912211e-03  1.982075123082551e-07 
 1.000000000000000e-07  3.298896814687029e-03  3.298811984259810e-03  1.831380093025159e-03  1.997157020914040e-07 
 1.003590656308747e-07  3.310745149819101e-03  3.310660276245869e-03  1.840004909198822e-03  1.998399583365156e-07 
 1.010771968926241e-07  3.334441822453947e-03  3.334356861417822e-03  1.857279605941164e-03  2.000878767344255e-07 
 1.025134594161229e-07  3.381835167497322e-03  3.381750032022707e-03  1.891948371496060e-03  2.005837177815124e-07 
 1.052033749822470e-07  3.470596168713856e-03  3.470510706518076e-03  1.957313335258148e-03  2.015116209919145e-07 
 1.105832061144953e-07  3.648118180513827e-03  3.648032064298104e-03  2.089703288035548e-03  2.033643131988645e-07 
 1.168140405551341e-07  3.853721352710577e-03  3.853634478004322e-03  2.245691425675244e-03  2.055050471412359e-07 
 1.235779302379738e-07  4.076914136511177e-03  4.076826437248200e-03  2.418088694211350e-03  2.078231260968665e-07 
 1.304927595393561e-07  4.305087597911212e-03  4.304999054503652e-03  2.597446642129865e-03  2.101870460716188e-07 
 1.376993252804612e-07  4.542887708738655e-03  4.542798284368779e-03  2.787520083778019e-03  2.126447446125435e-07 
 1.451203061431846e-07  4.787763043880608e-03  4.787672711136066e-03  2.986397098810052e-03  2.151696129290537e-07 
 1.529000996109092e-07  5.044478389703053e-03  5.044387103438225e-03  3.198095312822810e-03  2.178104985710585e-07 
 1.609906068352857e-07  5.311446595554520e-03  5.311354316450892e-03  3.421492447292198e-03  2.205507240287351e-07 
 1.694943101182073e-07  5.592049343751688e-03  5.591956019838654e-03  3.659610758536561e-03  2.234246332225941e-07 
 1.783762298362771e-07  5.885132387926253e-03  5.885037971458390e-03  3.911675981204898e-03  2.264200214197683e-07 
 1.877186268865720e-07  6.193410150775381e-03  6.193314583804734e-03  4.180222918197936e-03  2.295642446564036e-07 
 1.975062608551998e-07  6.516379734600350e-03  6.516282960985059e-03  4.465018160756533e-03  2.328517931683444e-07 
 2.078143707185735e-07  6.856523855052259e-03  6.856425809298718e-03  4.768450308102948e-03  2.363075614217378e-07 
 2.186478112438090e-07  7.214002709529006e-03  7.213903325467132e-03  5.090863825861338e-03  2.399327945529388e-07 
 2.300813775240506e-07  7.591284366814473e-03  7.591183568960178e-03  5.434681746450478e-03  2.437521491758403e-07 
 2.421396174581110e-07  7.989178852798318e-03  7.989076562561578e-03  5.800839843025643e-03  2.477734555144342e-07 
 2.549027123186154e-07  8.410331968166642e-03  8.410228096962444e-03  6.191966026502261e-03  2.520230891456553e-07 
 2.684166574925745e-07  8.856261457227120e-03  8.856155910698844e-03  6.609661696287266e-03  2.565159998354060e-07 
 2.827740532809638e-07  9.330022920591747e-03  9.329915592837131e-03  7.056975837565030e-03  2.612826240364518e-07 
 2.980470841091373e-07  9.833998281455652e-03  9.833889057547889e-03  7.536341108710798e-03  2.663465785225846e-07 
 3.143502556584378e-07  1.037196596846533e-02  1.037185471920341e-02  8.051529097752440e-03  2.717455000351750e-07 
 3.317909234975500e-07  1.094746847290471e-02  1.094735505568496e-02  8.606104822931941e-03  2.775146111346074e-07 
 3.505196042114285e-07  1.156547250179539e-02  1.156535675525531e-02  9.205019402510731e-03  2.837033987173226e-07 
 3.706948200247636e-07  1.223120893029693e-02  1.223109067329475e-02  9.853499757661293e-03  2.903639399488048e-07 
 3.925260415055059e-07  1.295158981353483e-02  1.295146883882696e-02  1.055842687337320e-02  2.975651222682832e-07 
 4.162517897718361e-07  1.373448580916252e-02  1.373436187977292e-02  1.132764058256208e-02  3.053853685560064e-07 
 4.421809822349071e-07  1.459009049330994e-02  1.458996333374928e-02  1.217128213107796e-02  3.139262605503235e-07 
 4.706866057545655e-07  1.553071158900157e-02  1.553058087730537e-02  1.310159958828090e-02  3.233104661066285e-07 
 5.022547582340349e-07  1.657238922799344e-02  1.657225458160856e-02  1.413455410785390e-02  3.336978355651470e-07 
 5.375037029104499e-07  1.773552469927459e-02  1.773538565858901e-02  1.529045530950282e-02  3.452916686620391e-07 
 5.772612722324928e-07  1.904743460203987e-02  1.904729060426824e-02  1.659650880549511e-02  3.583641620032076e-07 
 6.226407656766437e-07  2.054485530207547e-02  2.054470564569161e-02  1.808932307957968e-02  3.732813496394569e-07 
 6.752065389055141e-07  2.227940699981686e-02  2.227925078830981e-02  1.982036966822617e-02  3.905574801686239e-07 
 7.372157184803967e-07  2.432556976937214e-02  2.432540582494800e-02  2.186395779677422e-02  4.109344901652863e-07 
 8.120389264777107e-07  2.679456652011642e-02  2.679439324486165e-02  2.433111840383753e-02  4.355201999296572e-07 
 9.053470962887393e-07  2.987352523534874e-02  2.987334032463964e-02  2.740875421920816e-02  4.661783530283952e-07 
 1.005347096288739e-06  3.317329922314881e-02  3.317310184353228e-02  3.070763973490254e-02  4.990347697895832e-07 
 1.105347096288740e-06  3.647307320963962e-02  3.647286336233423e-02  3.400672298181588e-02  5.318913866967739e-07 
 1.205347096288740e-06  3.977284719394202e-02  3.977262488021019e-02  3.730584542407774e-02  5.647485003261827e-07 
 1.305347096288740e-06  4.307262117574301e-02  4.307238639686352e-02  4.060494748722671e-02  5.976062138263614e-07 
 1.405347096288740e-06  4.637239515494369e-02  4.637214791220908e-02  4.390401208591656e-02  6.304645571282242e-07 
 1.505347096288740e-06  4.967216913145198e-02  4.967190942618853e-02  4.720303687575020e-02  6.633235582926527e-07 
 1.605347096288740e-06  5.297194310527346e-02  5.297167093881257e-02  5.050202291406672e-02  6.961832134477400e-07 
 1.705347096288740e-06  5.627171707646485e-02  5.627143245012546e-02  5.380097100225206e-02  7.290435018600647e-07 
 1.805347096288740e-06  5.957149104491215e-02  5.957119396005611e-02  5.709988099669205e-02  7.619044598755471e-07 
 1.905347096288740e-06  6.287126501063581e-02  6.287095546862131e-02  6.039875199647340e-02  7.947660793409808e-07 
 2.005347096288740e-06  6.617103897369203e-02  6.617071697586044e-02  6.369758264220821e-02  8.276283404458169e-07 
 2.105347096288740e-06  6.947081293392955e-02  6.947047848167529e-02  6.699637132240918e-02  8.604912921161901e-07 
 2.205347096288740e-06  7.277058689146908e-02  7.277023998614708e-02  7.029511628524349e-02  8.933548935791522e-07 
 2.305347096288740e-06  7.607036084619870e-02  7.607000148920329e-02  7.359381568312902e-02  9.262191807851052e-07 
 2.405347096288740e-06  7.937013479813276e-02  7.936976299085501e-02  7.689246758861454e-02  9.590841479747590e-07 
 2.505347096288740e-06  8.266990874725152e-02  8.266952449109115e-02  8.019106999645513e-02  9.919498003939091e-07 
 2.605347096288740e-06  8.596968269358879e-02  8.596928598993493e-02  8.348962082061027e-02  1.024816126204793e-06 
 2.705347096288739e-06  8.926945663701202e-02  8.926904748730105e-02  8.678811788817889e-02  1.057683167762412e-06 
 2.805347096288739e-06  9.256923057757371e-02  9.256880898322574e-02  9.008655893807621e-02  1.090550906692563e-06 
 2.905347096288739e-06  9.586900451525343e-02  9.586857047769796e-02  9.338494161347201e-02  1.123419348199406e-06 
 3.005347096288739e-06  9.916877845008626e-02  9.916833197074242e-02  9.668326346110567e-02  1.156288479695779e-06 
 3.105347096288739e-06  1.024685523819413e-01  1.024680934622756e-01  9.998152192344255e-02  1.189158342579111e-06 
 3.205347096288739e-06  1.057683263108700e-01  1.057678549523336e-01  1.032797143362965e-01  1.222028918516830e-06 
 3.305347096288739e-06  1.090681002367853e-01  1.090676164408617e-01  1.065778379261486e-01  1.254900234431836e-06 
 3.405347096288739e-06  1.123678741597031e-01  1.123673779278738e-01  1.098758898034712e-01  1.287772283204808e-06 
 3.505347096288739e-06  1.156676480796094e-01  1.156671394133637e-01  1.131738669584843e-01  1.320645067444756e-06 
 3.605347096288738e-06  1.189674219963949e-01  1.189669008972622e-01  1.164717662570118e-01  1.353518621402049e-06 
 3.705347096288738e-06  1.222671959101154e-01  1.222666623796099e-01  1.197695844342230e-01  1.386392924454277e-06 
 3.805347096288738e-06  1.255669698207539e-01  1.255664238604002e-01  1.230673180876140e-01  1.419267979404738e-06 
 3.905347096288739e-06  1.288667437281523e-01  1.288661853395314e-01  1.263649636776466e-01  1.452143836699174e-06 
 4.005347096288738e-06  1.321665176323134e-01  1.321659468170119e-01  1.296625175121386e-01  1.485020491813408e-06 
 4.105347096288738e-06  1.354662915333106e-01  1.354657082928928e-01  1.329599757266759e-01  1.517897918879226e-06 
 4.205347096288738e-06  1.387660654309929e-01  1.387654697670806e-01  1.362573343314817e-01  1.550776163873721e-06 
 4.305347096288738e-06  1.420658393253201e-01  1.420652312395537e-01  1.395545891704323e-01  1.583655237330113e-06 
 4.405347096288738e-06  1.453656132162869e-01  1.453649927103141e-01  1.428517359112059e-01  1.616535137555291e-06 
 4.505347096288738e-06  1.486653871038019e-01  1.486647541793078e-01  1.461487700398704e-01  1.649415891277853e-06 
 4.605347096288738e-06  1.519651609878665e-01  1.519645156465411e-01  1.494456868536859e-01  1.682297494570361e-06 
 4.705347096288738e-06  1.552649348683404e-01  1.552642771119297e-01  1.527424814575324e-01  1.715179989204934e-06 
 4.805347096288738e-06  1.585647087453684e-01  1.585640385755736e-01  1.560391487484762e-01  1.748063324971708e-06 
 4.905347096288737e-06  1.618644826185539e-01  1.618638000372188e-01  1.593356834121281e-01  1.780947628352818e-06 
 5.005347096288737e-06  1.651642564882191e-01  1.651635614970866e-01  1.626320799272495e-01  1.813832787437754e-06 
 5.105347096288737e-06  1.684640303540695e-01  1.684633229549907e-01  1.659283325444605e-01  1.846718895207665e-06 
 5.205347096288737e-06  1.717638042161244e-01  1.717630844109528e-01  1.692244352755591e-01  1.879605939810890e-06 
 5.305347096288737e-06  1.750635780741455e-01  1.750628458648228e-01  1.725203818884627e-01  1.912493995993165e-06 
 5.405347096288737e-06  1.783633519282461e-01  1.783626073166864e-01  1.758161658953716e-01  1.945383019956158e-06 
 5.505347096288737e-06  1.816631257782186e-01  1.816623687664153e-01  1.791117805407237e-01  1.978273075426636e-06 
 5.605347096288737e-06  1.849628996240878e-01  1.849621302140371e-01  1.824072187947937e-01  2.011164147694107e-06 
 5.705347096288737e-06  1.882626734656980e-01  1.882618916594585e-01  1.857024733404759e-01  2.044056282805037e-06 
 5.805347096288736e-06  1.915624473030446e-01  1.915616531026892e-01  1.889975365624388e-01  2.076949475097247e-06 
 5.905347096288736e-06  1.948622211359672e-01  1.948614145436337e-01  1.922924005359792e-01  2.109843771560884e-06 
 6.005347096288736e-06  1.981619949644014e-01  1.981611759822631e-01  1.955870570162218e-01  2.142739185879409e-06 
 6.105347096288736e-06  2.014617687881606e-01  2.014609374184659e-01  1.988814974204395e-01  2.175635772953303e-06 
 6.205347096288736e-06  2.047615426073513e-01  2.047606988523262e-01  2.021757128227651e-01  2.208533489927914e-06 
 6.305347096288736e-06  2.080613164215748e-01  2.080604602835956e-01  2.054696939319730e-01  2.241432460232236e-06 
 6.405347096288736e-06  2.113610902310554e-01  2.113602217124362e-01  2.087634310850443e-01  2.274332601765229e-06 
 6.505347096288736e-06  2.146608640353233e-01  2.146599831385538e-01  2.120569142283403e-01  2.307234060826477e-06 
 6.605347096288736e-06  2.179606378345930e-01  2.179597445621068e-01  2.153501329040661e-01  2.340136757146802e-06 
 6.705347096288735e-06  2.212604116284255e-01  2.212595059828208e-01  2.186430762348399e-01  2.373040827089293e-06 
 6.805347096288735e-06  2.245601854169145e-01  2.245592674007770e-01  2.219357329079917e-01  2.405946228992771e-06 
 6.905347096288735e-06  2.278599591998040e-01  2.278590288158230e-01  2.252280911567492e-01  2.438853038074786e-06 
 7.005347096288735e-06  2.311597329769751e-01  2.311587902279013e-01  2.285201387457926e-01  2.471761281979826e-06 
 7.105347096288735e-06  2.344595067481508e-01  2.344585516368486e-01  2.318118629521139e-01  2.504671041448799e-06 
 7.205347096288735e-06  2.377592805136378e-01  2.377583130428886e-01  2.351032505481422e-01  2.537582203266639e-06 
 7.305347096288735e-06  2.410590542726660e-01  2.410580744455360e-01  2.383942877817433e-01  2.570495009017809e-06 
 7.405347096288735e-06  2.443588280255440e-01  2.443578358450161e-01  2.416849603544591e-01  2.603409344987642e-06 
 7.505347096288735e-06  2.476586017716703e-01  2.476575972409568e-01  2.449752534099445e-01  2.636325395972685e-06 
 7.605347096288734e-06  2.509583755112416e-01  2.509573586335144e-01  2.482651515030598e-01  2.669243082675179e-06 
 7.705347096288734e-06  2.542581492436956e-01  2.542571200223415e-01  2.515546385824336e-01  2.702162577346146e-06 
 7.805347096288735e-06  2.575579229693568e-01  2.575568814076823e-01  2.548436979709611e-01  2.735083756667480e-06 
 7.905347096288736e-06  2.608576966875598e-01  2.608566427891273e-01  2.581323123446860e-01  2.768006824031952e-06 
 8.005347096288737e-06  2.641574703982002e-01  2.641564041666348e-01  2.614204637012348e-01  2.800931799007154e-06 
 8.105347096288737e-06  2.674572441011103e-01  2.674561655401279e-01  2.647081333438014e-01  2.833858718729953e-06 
 8.205347096288738e-06  2.707570177959014e-01  2.707559269093835e-01  2.679953018494574e-01  2.866787693056822e-06 
 8.305347096288739e-06  2.740567914825309e-01  2.740556882744072e-01  2.712819490546089e-01  2.899718717768816e-06 
 8.405347096288740e-06  2.773565651605073e-01  2.773554496349115e-01  2.745680540185062e-01  2.932651935251940e-06 
 8.505347096288740e-06  2.806563388296252e-01  2.806552109907992e-01  2.778535950071777e-01  2.965587392607298e-06 
 8.605347096288741e-06  2.839561124898491e-01  2.839549723420856e-01  2.811385494524471e-01  2.998525080397890e-06 
 8.705347096288742e-06  2.872558861406843e-01  2.872547336884871e-01  2.844228939340260e-01  3.031465139066819e-06 
 8.805347096288742e-06  2.905556597819061e-01  2.905544950298986e-01  2.877066041536430e-01  3.064407619573210e-06 
 8.905347096288743e-06  2.938554334130516e-01  2.938542563660604e-01  2.909896548984256e-01  3.097352649925663e-06 
 9.005347096288744e-06  2.971552070337872e-01  2.971540176967993e-01  2.942720200115551e-01  3.130300315194901e-06 
 9.105347096288745e-06  3.004549806437639e-01  3.004537790219369e-01  2.975536723719888e-01  3.163250702838623e-06 
 9.205347096288745e-06  3.037547542429502e-01  3.037535403415037e-01  3.008345838475945e-01  3.196203795814782e-06 
 9.305347096288746e-06  3.070545278304549e-01  3.070533016549669e-01  3.041147252778497e-01  3.229159858966956e-06 
 9.405347096288747e-06  3.103543014061599e-01  3.103530629623060e-01  3.073940664361023e-01  3.262118900677201e-06 
 9.505347096288748e-06  3.136540749695882e-01  3.136528242632673e-01  3.106725759928168e-01  3.295081046178548e-06 
 9.605347096288748e-06  3.169538485205346e-01  3.169525855577792e-01  3.139502214962145e-01  3.328046329388178e-06 
 9.705347096288749e-06  3.202536220583048e-01  3.202523468454490e-01  3.172269693196497e-01  3.361014944761521e-06 
 9.805347096288750e-06  3.235533955824536e-01  3.235521081260537e-01  3.205027846426086e-01  3.393987002321549e-06 
 9.905347096288751e-06  3.268531690923104e-01  3.268518693992223e-01  3.237776314161352e-01  3.426962685810030e-06 
 1.000534709628875e-05  3.301529425877837e-01  3.301516306649727e-01  3.270514723172684e-01  3.459941984180116e-06 
 1.010534709628875e-05  3.334527160680100e-01  3.334513919228152e-01  3.303242687262495e-01  3.492925141014594e-06 
 1.020534709628875e-05  3.367524895325301e-01  3.367511531725317e-01  3.335959806913208e-01  3.525912263338834e-06 
 1.030534709628875e-05  3.400522629809115e-01  3.400509144139253e-01  3.368665668785603e-01  3.558903448241695e-06 
 1.040534709628875e-05  3.433520364122223e-01  3.433506756464741e-01  3.401359845570864e-01  3.591898954960120e-06 
 1.050534709628875e-05  3.466518098259661e-01  3.466504368699491e-01  3.434041895523091e-01  3.624898896348140e-06 
 1.060534709628876e-05  3.499515832213649e-01  3.499501980839384e-01  3.466711362147396e-01  3.657903477130747e-06 
 1.070534709628876e-05  3.532513565981749e-01  3.532499592883913e-01  3.499367773873849e-01  3.690912721177599e-06 
 1.080534709628876e-05  3.565511299551489e-01  3.565497204825964e-01  3.532010643680549e-01  3.723926983038286e-06 
 1.090534709628876e-05  3.598509032917784e-01  3.598494816663391e-01  3.564639468799216e-01  3.756946368683467e-06 
 1.100534709628876e-05  3.631506766072946e-01  3.631492428392354e-01  3.597253730366803e-01  3.789971069015860e-06 
 1.110534709628876e-05  3.664504499008482e-01  3.664490040008588e-01  3.629852893118856e-01  3.823001296865099e-06 
 1.120534709628876e-05  3.697502231713471e-01  3.697487651506248e-01  3.662436405047604e-01  3.856037343387045e-06 
 1.130534709628876e-05  3.730499964179853e-01  3.730485262881502e-01  3.695003697149923e-01  3.889079400150567e-06 
 1.140534709628876e-05  3.763497696402136e-01  3.763482874132245e-01  3.727554183169209e-01  3.922127571572028e-06 
 1.150534709628876e-05  3.796495428362709e-01  3.796480485248458e-01  3.760087259180304e-01  3.955182359194573e-06 
 1.160534709628876e-05  3.829493160060413e-01  3.829478096231084e-01  3.792602303536065e-01  3.988243715500552e-06 
 1.170534709628876e-05  3.862490891478339e-01  3.862475707070734e-01  3.825098676457609e-01  4.021312111113413e-06 
 1.180534709628876e-05  3.895488622604927e-01  3.895473317761677e-01  3.857575719988100e-01  4.054387832970206e-06 
 1.190534709628877e-05  3.928486353432175e-01  3.928470928300571e-01  3.890032757696640e-01  4.087471049713732e-06 
 1.200534709628877e-05  3.961484083945547e-01  3.961468538679931e-01  3.922469094524029e-01  4.120562137209921e-06 
 1.210534709628877e-05  3.994481814134991e-01  3.994466148895272e-01  3.954884016694333e-01  4.153661321888696e-06 
 1.220534709628877e-05  4.027479543980059e-01  4.027463758935422e-01  3.987276791642732e-01  4.186769164912233e-06 
 1.230534709628877e-05  4.060477273474934e-01  4.060461368798930e-01  4.019646667916739e-01  4.219885741775645e-06 
 1.240534709628877e-05  4.093475002600860e-01  4.093458978475955e-01  4.051992875139022e-01  4.253011548415532e-06 
 1.250534709628877e-05  4.126472731343038e-01  4.126456587959396e-01  4.084314624096242e-01  4.286146944266565e-06 
 1.260534709628877e-05  4.159470459685971e-01  4.159454197241808e-01  4.116611106852113e-01  4.319292306360478e-06 
 1.270534709628877e-05  4.192468187614488e-01  4.192451806316142e-01  4.148881496801703e-01  4.352447992855212e-06 
 1.280534709628877e-05  4.225465915110311e-01  4.225449415173385e-01  4.181124948919631e-01  4.385614460996133e-06 
 1.290534709628877e-05  4.258463642151305e-01  4.258447023802179e-01  4.213340600046028e-01  4.418792285767768e-06 
 1.300534709628877e-05  4.291461368725488e-01  4.291444632197984e-01  4.245527569216483e-01  4.451981702037831e-06 
 1.310534709628877e-05  4.324459094813297e-01  4.324442240351438e-01  4.277684958066083e-01  4.485183187590853e-06 
 1.320534709628877e-05  4.357456820390352e-01  4.357439848250169e-01  4.309811851410702e-01  4.518397370480059e-06 
 1.330534709628878e-05  4.390454545435179e-01  4.390437455883880e-01  4.341907317834031e-01  4.551624776840209e-06 
 1.340534709628878e-05  4.423452269926624e-01  4.423435063242631e-01  4.373970410436172e-01  4.584865915486608e-06 
 1.350534709628878e-05  4.456449993847304e-01  4.456432670319179e-01  4.406000167699707e-01  4.618121161841273e-06 
 1.360534709628878e-05  4.489447717171783e-01  4.489430277101141e-01  4.437995614448993e-01  4.651391149175526e-06 
 1.370534709628878e-05  4.522445439871071e-01  4.522427883573920e-01  4.469955763093421e-01  4.684676623004260e-06 
 1.380534709628878e-05  4.555443161925192e-01  4.555425489729032e-01  4.501879614856332e-01  4.717978023531038e-06 
 1.390534709628878e-05  4.588440883306897e-01  4.588423095553381e-01  4.533766161350129e-01  4.751296023717701e-06 
 1.400534709628878e-05  4.621438603993090e-01  4.621420701036737e-01  4.565614386309433e-01  4.784631153251818e-06 
 1.410534709628878e-05  4.654436323954022e-01  4.654418306164574e-01  4.597423267545520e-01  4.817984158092420e-06 
 1.420534709628878e-05  4.687434043162632e-01  4.687415910924291e-01  4.629191779207714e-01  4.851355688885889e-06 
 1.430534709628878e-05  4.720431761591825e-01  4.720413515303312e-01  4.660918894330663e-01  4.884746395890054e-06 
 1.440534709628878e-05  4.753429479218331e-01  4.753411119291624e-01  4.692603587766682e-01  4.918156801076477e-06 
 1.450534709628878e-05  4.786427196010889e-01  4.786408722873896e-01  4.724244839479345e-01  4.951587693314350e-06 
 1.460534709628879e-05  4.819424911944673e-01  4.819406326039068e-01  4.755841638389312e-01  4.985039646700227e-06 
 1.470534709628879e-05  4.852422626990274e-01  4.852403928772774e-01  4.787392986703937e-01  5.018513400975942e-06 
 1.480534709628879e-05  4.885420341127122e-01  4.885401531066376e-01  4.818897904981275e-01  5.052009407558423e-06 
 1.490534709628879e-05  4.918418054328393e-01  4.918399132906682e-01  4.850355438004901e-01  5.085528343461923e-06 
 1.500534709628879e-05  4.951415766570228e-01  4.951396734281978e-01  4.881764661725640e-01  5.119070807318960e-06 
 1.510534709628879e-05  4.984413477843008e-01  4.984394335189281e-01  4.913124691506796e-01  5.152636957503106e-06 
 1.520534709628879e-05  5.017411188125216e-01  5.017391935616838e-01  4.944434692429640e-01  5.186227382432836e-06 
 1.530534709628879e-05  5.050408897404968e-01  5.050389535557995e-01  4.975693892099282e-01  5.219842404905774e-06 
 1.540534709628879e-05  5.083406605686116e-01  5.083387135014842e-01  5.006901597693600e-01  5.253481894804051e-06 
 1.550534709628879e-05  5.116404312971725e-01  5.116384733986473e-01  5.038057219491882e-01  5.287145848575249e-06 
 1.560534709628879e-05  5.149402019280478e-01  5.149382332478809e-01  5.069160305779488e-01  5.320833885357641e-06 
 1.570534709628879e-05  5.182399724659205e-01  5.182379930510842e-01  5.100210598660078e-01  5.354544912747570e-06 
 1.580534709628879e-05  5.215397429177275e-01  5.215377528107058e-01  5.131208131472464e-01  5.388277465028900e-06 
 1.590534709628878e-05  5.248395132978692e-01  5.248375125323660e-01  5.162153415872315e-01  5.422028310675765e-06 
 1.600534709628878e-05  5.281392836345414e-01  5.281372722271681e-01  5.193047838606638e-01  5.455791116199162e-06 
 1.610534709628878e-05  5.314390539887235e-01  5.314370319194764e-01  5.223894588292319e-01  5.489552124104186e-06 
 1.620534709628878e-05  5.347388245049784e-01  5.347367916679077e-01  5.254700975772587e-01  5.523278564992587e-06 
 1.630534709628878e-05  5.380385955351736e-01  5.380365516166904e-01  5.285484064443445e-01  5.556890425756702e-06 
 1.640534709628878e-05  5.413383677964936e-01  5.413363120622963e-01  5.316280080059630e-01  5.590224234992742e-06 
 1.650534709628878e-05  5.446381420192702e-01  5.446360733126204e-01  5.347142243006303e-01  5.623112210524624e-06 
 1.660534709628878e-05  5.479379177427530e-01  5.479358351905003e-01  5.378103278520919e-01  5.655656589517424e-06 
 1.670534709628878e-05  5.512376933275966e-01  5.512355970295048e-01  5.409138952934105e-01  5.688228717258521e-06 
 1.680534709628878e-05  5.545374675537355e-01  5.545353583237937e-01  5.440182787375408e-01  5.721106947309508e-06 
 1.690534709628878e-05  5.578372402769692e-01  5.578351190008526e-01  5.471167140611467e-01  5.754326997821513e-06 
 1.700534709628877e-05  5.611370119347127e-01  5.611348792282750e-01  5.502049256201045e-01  5.787792014271041e-06 
 1.710534709628877e-05  5.644367829973589e-01  5.644346391921818e-01  5.532813964616458e-01  5.821396616398678e-06 
 1.720534709628877e-05  5.677365537678589e-01  5.677343990150897e-01  5.563464353237396e-01  5.855072330866657e-06 
 1.730534709628877e-05  5.710363243912534e-01  5.710341587578226e-01  5.594011464673255e-01  5.888785829113001e-06 
 1.740534709628877e-05  5.743360949151732e-01  5.743339184413988e-01  5.624467603496603e-01  5.922526028836049e-06 
 1.750534709628877e-05  5.776358653490560e-01  5.776336780717305e-01  5.654843339823601e-01  5.956290273605240e-06 
 1.760534709628877e-05  5.809356356901065e-01  5.809334376490339e-01  5.685146813985734e-01  5.990078882443228e-06 
 1.770534709628877e-05  5.842354059349356e-01  5.842331971727095e-01  5.715384048323190e-01  6.023892455425661e-06 
 1.780534709628877e-05  5.875351760823770e-01  5.875329566427845e-01  5.745559502952127e-01  6.057731135105262e-06 
 1.790534709628877e-05  5.908349461335519e-01  5.908327160603006e-01  5.775676559979800e-01  6.091594466290689e-06 
 1.800534709628876e-05  5.941347160874865e-01  5.941324754247908e-01  5.805737867999394e-01  6.125482700669599e-06 
 1.810534709628876e-05  5.974344859428738e-01  5.974322347356015e-01  5.835745571717335e-01  6.159396160650843e-06 
 1.820534709628876e-05  6.007342556993629e-01  6.007319939928045e-01  5.865701466077690e-01  6.193334795164250e-06 
 1.830534709628876e-05  6.040340253535793e-01  6.040317531945780e-01  5.895607103509863e-01  6.227299490500935e-06 
 1.840534709628876e-05  6.073337949037987e-01  6.073315123402803e-01  5.925463870906531e-01  6.261290537428381e-06 
 1.850534709628876e-05  6.106335643450697e-01  6.106312714272503e-01  5.955273045661910e-01  6.295309233020211e-06 
 1.860534709628876e-05  6.139333336743893e-01  6.139310304542469e-01  5.985035836607320e-01  6.329356162252986e-06 
 1.870534709628876e-05  6.172331028856375e-01  6.172307894181243e-01  6.014753413842182e-01  6.363432865561207e-06 
 1.880534709628876e-05  6.205328719735312e-01  6.205305483164967e-01  6.044426930456089e-01  6.397540507013752e-06 
 1.890534709628876e-05  6.238326409302446e-01  6.238303071455362e-01  6.074057538274662e-01  6.431680981317272e-06 
 1.900534709628875e-05  6.271324097474628e-01  6.271300659014212e-01  6.103646399248247e-01  6.465856194169619e-06 
 1.910534709628875e-05  6.304321784152302e-01  6.304298245796406e-01  6.133194693595067e-01  6.500068414866676e-06 
 1.920534709628875e-05  6.337319469201796e-01  6.337295831739559e-01  6.162703625526527e-01  6.534320806877943e-06 
 1.930534709628875e-05  6.370317152470595e-01  6.370293416775578e-01  6.192174427157341e-01  6.568616858302138e-06 
 1.940534709628875e-05  6.403314833767217e-01  6.403291000819613e-01  6.221608361043356e-01  6.602960951855680e-06 
 1.950534709628875e-05  6.436312512847170e-01  6.436288583763583e-01  6.251006721673258e-01  6.637358708597741e-06 
 1.960534709628875e-05  6.469310189405862e-01  6.469286165475532e-01  6.280370836149914e-01  6.671817052212186e-06 
 1.970534709628875e-05  6.502307863050706e-01  6.502283745786824e-01  6.309702064250152e-01  6.706344888019932e-06 
 1.980534709628875e-05  6.535305533274889e-01  6.535281324482585e-01  6.339001797995858e-01  6.740953642103295e-06 
 1.990534709628875e-05  6.568303199399855e-01  6.568278901274762e-01  6.368271460826392e-01  6.775658690607071e-06 
 2.000534709628875e-05  6.601300860536358e-01  6.601276475792356e-01  6.397512506480897e-01  6.810479968140798e-06 
 2.010534709628874e-05  6.634298515462083e-01  6.634274047523349e-01  6.426726417606219e-01  6.845445043651626e-06 
 2.020534709628874e-05  6.667296162531298e-01  6.667271615788565e-01  6.455914704168053e-01  6.880590680398693e-06 
 2.030534709628874e-05  6.700293799424766e-01  6.700269179625502e-01  6.485078901673726e-01  6.915969015343466e-06 
 2.040534709628874e-05  6.733291422923170e-01  6.733266737711733e-01  6.514220569228933e-01  6.951651940644941e-06 
 2.050534709628874e-05  6.766289028422489e-01  6.766264288153787e-01  6.543341287442958e-01  6.987742483001548e-06 
 2.059456615633722e-05  6.795729161423165e-01  6.795704383886025e-01  6.569306092374099e-01  7.020403867623356e-06 
 2.067033515471892e-05  6.820731078963035e-01  6.820706281564617e-01  6.591345314414816e-01  7.048597449150794e-06 
 2.073558056605844e-05  6.842260450698754e-01  6.842235647464813e-01  6.610315750853717e-01  7.073308752359033e-06 
 2.079291890632086e-05  6.861180666029160e-01  6.861155868529122e-01  6.626981634555001e-01  7.095441457350948e-06 
 2.084424292230411e-05  6.878116286954814e-01  6.878091505212434e-01  6.641895287640839e-01  7.115658800776337e-06 
 2.089050724811561e-05  6.893382321022480e-01  6.893357563874902e-01  6.655335569189408e-01  7.134279208205906e-06 
 2.093333317855643e-05  6.907513755536435e-01  6.907489031607988e-01  6.667774462304392e-01  7.151913847564016e-06 
 2.097372888013739e-05  6.920843259842595e-01  6.920818578070171e-01  6.679505411423996e-01  7.168959042363423e-06 
 2.101220670710345e-05  6.933539897333243e-01  6.933515267104875e-01  6.690677635171727e-01  7.185627423814117e-06 
 2.104897388889460e-05  6.945672047999105e-01  6.945647479042603e-01  6.701351637628895e-01  7.202010761476289e-06 
 2.108413628233753e-05  6.957274641568294e-01  6.957250143848308e-01  6.711558429724596e-01  7.218158076731674e-06 
 2.111779411583782e-05  6.968380750550283e-01  6.968356334254304e-01  6.721327343980259e-01  7.234115862394641e-06 
 2.115005779194039e-05  6.979026804636080e-01  6.979002480197861e-01  6.730690627290230e-01  7.249934968559373e-06 
 2.118103887823687e-05  6.989249617856725e-01  6.989225396003558e-01  6.739680830502710e-01  7.265669245587046e-06 
 2.121084056428820e-05  6.999083239687720e-01  6.999059131452657e-01  6.748328044081806e-01  7.281369472632865e-06 
 2.123955445547668e-05  7.008557897113034e-01  7.008533913835587e-01  6.756658972934813e-01  7.297082014386076e-06 
 2.126726172121227e-05  7.017700373523283e-01  7.017676526840824e-01  6.764697274052417e-01  7.312848765223686e-06 
 2.129403526663419e-05  7.026534725298853e-01  7.026511027145695e-01  6.772464190171836e-01  7.328708813211615e-06 
 2.131994158145891e-05  7.035082891930009e-01  7.035059354521126e-01  6.779979088974372e-01  7.344697600220709e-06 
 2.134504184484287e-05  7.043365060529412e-01  7.043341696366278e-01  6.787259785863596e-01  7.360849480546950e-06 
 2.137208834577670e-05  7.052289380662879e-01  7.052266224267509e-01  6.795104626502467e-01  7.379049400795782e-06 
 2.139643905685246e-05  7.060324157921229e-01  7.060301208945997e-01  6.802167230855702e-01  7.396202807601887e-06 
 2.142176045985826e-05  7.068679187742976e-01  7.068656476713517e-01  6.809511074114686e-01  7.414879085036469e-06 
 2.144484937072758e-05  7.076297550253976e-01  7.076275077504076e-01  6.816207195252083e-01  7.432711678338453e-06 
 2.146840026466293e-05  7.084068309576260e-01  7.084046102394336e-01  6.823037080437556e-01  7.451749264966703e-06 
 2.149031999011732e-05  7.091300818267529e-01  7.091278880042033e-01  6.829393738244651e-01  7.470288016405143e-06 
 2.151243315785066e-05  7.098597115906800e-01  7.098575471630570e-01  6.835806335675322e-01  7.489841468983617e-06 
 2.153334755706674e-05  7.105497839554719e-01  7.105476495333172e-01  6.841871171346338e-01  7.509163617008613e-06 
 2.155429444242670e-05  7.112409243984807e-01  7.112388222845828e-01  6.847945314771533e-01  7.529363807469699e-06 
 2.157434339025099e-05  7.119024337647291e-01  7.119003647783663e-01  6.853758983327816e-01  7.549525876459790e-06 
 2.159433532000260e-05  7.125620580841530e-01  7.125600243580907e-01  6.859556040954424e-01  7.570466253235898e-06 
 2.161364920531842e-05  7.131993069840249e-01  7.131973094974428e-01  6.865156420872903e-01  7.591511971379460e-06 
 2.163286677021557e-05  7.138333742096247e-01  7.138314149484952e-01  6.870728825005066e-01  7.613264288996889e-06 
 2.165158226872656e-05  7.144508726294546e-01  7.144489527070904e-01  6.876155609096227e-01  7.635238847660558e-06 
 2.167019635455566e-05  7.150650215559372e-01  7.150631428346689e-01  6.881552961485686e-01  7.657870108887569e-06 
 2.168845883652229e-05  7.156675663831193e-01  7.156657300870882e-01  6.886848347970742e-01  7.680821200540292e-06 
 2.170665821987134e-05  7.162680261072035e-01  7.162662340301019e-01  6.892125433731722e-01  7.704415835292330e-06 
 2.172464893462349e-05  7.168615980573289e-01  7.168598515346236e-01  6.897342018920789e-01  7.728425075093573e-06 
 2.174266792791176e-05  7.174561001002928e-01  7.174544009432886e-01  6.902566821451410e-01  7.753117060960394e-06 
 2.176066688472798e-05  7.180499384021923e-01  7.180482881626946e-01  6.907785838973197e-01  7.778374636329936e-06 
 2.177888983368350e-05  7.186511644743815e-01  7.186495651972389e-01  6.913069840008766e-01  7.804474274868483e-06 
 2.179745771971185e-05  7.192637689963967e-01  7.192622228504227e-01  6.918453906064763e-01  7.831506536473741e-06 
 2.181685019908973e-05  7.199035776595156e-01  7.199020878715477e-01  6.924077137689166e-01  7.860048209770073e-06 
 2.183795416924772e-05  7.205998525139486e-01  7.205984243162014e-01  6.930196736009967e-01  7.891183679819945e-06 
 2.186479416286605e-05  7.214853764648634e-01  7.214840250203564e-01  6.937979789955621e-01  7.930152662595273e-06 
 2.187721799404283e-05  7.218952752688294e-01  7.218939575988208e-01  6.941582517070650e-01  7.947508211999592e-06 
 2.188660235859723e-05  7.222048951426284e-01  7.222036017889075e-01  6.944303874819389e-01  7.960163340741796e-06 
 2.189431867853251e-05  7.224594827601925e-01  7.224582083320243e-01  6.946541541905550e-01  7.970163771261507e-06 
 2.190186622179665e-05  7.227085039230269e-01  7.227072467908799e-01  6.948730287134244e-01  7.979484702082051e-06 
 2.190931150230621e-05  7.229541535793541e-01  7.229529120236666e-01  6.950889399373558e-01  7.988116738681486e-06 
 2.191647068454419e-05  7.231903666341440e-01  7.231891383274266e-01  6.952965566393401e-01  7.995763133134941e-06 
 2.192318744774673e-05  7.234119855269352e-01  7.234107677614408e-01  6.954913453053877e-01  8.002223058417622e-06 
 2.192944397843139e-05  7.236184224485541e-01  7.236172125198229e-01  6.956727890447919e-01  8.007492029201045e-06 
 2.193529328378055e-05  7.238114262557710e-01  7.238102216063833e-01  6.958424248170122e-01  8.011645691453601e-06 
 2.194080209915901e-05  7.239931988076382e-01  7.239919970240740e-01  6.960021877757799e-01  8.014763334196299e-06 
 2.194602470633513e-05  7.241655310952991e-01  7.241643298664071e-01  6.961536519715358e-01  8.016903997936682e-06 
 2.195100069436662e-05  7.243297293343410e-01  7.243285264227650e-01  6.962979653930602e-01  8.018110747191079e-06 
 2.195576031792522e-05  7.244867917524878e-01  7.244855849812720e-01  6.964360053496103e-01  8.018417517221812e-06 
 2.196032927504563e-05  7.246375662262082e-01  7.246363534743223e-01  6.965685170245077e-01  8.017855361072754e-06 
 2.196473087936548e-05  7.247828219627152e-01  7.247816011597233e-01  6.966961764704210e-01  8.016451972418028e-06 
 2.196898657352673e-05  7.249232664380498e-01  7.249220355595285e-01  6.968196054964697e-01  8.014232953035290e-06 
 2.197311590263047e-05  7.250595445236158e-01  7.250583015858851e-01  6.969393708961333e-01  8.011220907000558e-06 
 2.197713658020142e-05  7.251922406582934e-01  7.251909837150524e-01  6.970559863579080e-01  8.007436832134353e-06 
 2.198145390221649e-05  7.253347314226463e-01  7.253334568636759e-01  6.971812072016657e-01  8.002404687824315e-06 
 2.198538204280664e-05  7.254643814867185e-01  7.254630885215230e-01  6.972951415323476e-01  7.996931826916892e-06 
 2.198947121311989e-05  7.255993505221789e-01  7.255980359576948e-01  6.974137479453165e-01  7.990318157203802e-06 
 2.199325579757897e-05  7.257242699977694e-01  7.257229332243564e-01  6.975235212094907e-01  7.983363429013380e-06 
 2.199714446799487e-05  7.258526287864715e-01  7.258512669982290e-01  6.976363149159971e-01  7.975392598916954e-06 
 2.200083362056475e-05  7.259744051949077e-01  7.259730176677314e-01  6.977433227815116e-01  7.967076536937759e-06 
 2.200460558815439e-05  7.260989185511659e-01  7.260975027611529e-01  6.978527341247224e-01  7.957842903643292e-06 
 2.200825712262189e-05  7.262194593900075e-01  7.262180144581920e-01  6.979586534264841e-01  7.948235191908147e-06 
 2.201198661690891e-05  7.263425766140207e-01  7.263411002257656e-01  6.980668354073027e-01  7.937786756310640e-06 
 2.201565875026807e-05  7.264638028422329e-01  7.264622939443043e-01  6.981733548052645e-01  7.926922084003233e-06 
 2.201942032518075e-05  7.265879841582380e-01  7.265864405342970e-01  6.982824700006132e-01  7.915258202187612e-06 
 2.202318629973676e-05  7.267123128606403e-01  7.267107332000866e-01  6.983917141464646e-01  7.903103840410011e-06 
 2.202707724568041e-05  7.268407692397517e-01  7.268391512128447e-01  6.985045848616568e-01  7.890120690720944e-06 
 2.203105450185811e-05  7.269720767080422e-01  7.269704184974566e-01  6.986199607304275e-01  7.876487137437577e-06 
 2.203524559971676e-05  7.271104454121278e-01  7.271087440614411e-01  6.987415414320092e-01  7.861821950351714e-06 
 2.203969185086562e-05  7.272572389625865e-01  7.272554912614102e-01  6.988705256054435e-01  7.846044790604034e-06 
 2.204477055819506e-05  7.274249136723060e-01  7.274231127086894e-01  6.990178591344794e-01  7.827903868378689e-06 
 2.205154911939300e-05  7.276487090297911e-01  7.276468372302208e-01  6.992145087226123e-01  7.803785897903946e-06 
 2.205723639436606e-05  7.278364738392814e-01  7.278345435258060e-01  6.993795022572507e-01  7.783895539807668e-06 
 2.206222504343697e-05  7.280011716251755e-01  7.279991911496934e-01  6.995242299388529e-01  7.766885179682809e-06 
 2.206654250233038e-05  7.281437084687155e-01  7.281416857269113e-01  6.996494868805551e-01  7.752593307401723e-06 
 2.207043886209373e-05  7.282723413144345e-01  7.282702815024081e-01  6.997625280978911e-01  7.740097400293831e-06 
 2.207444834626187e-05  7.284047068093711e-01  7.284026100357454e-01  6.998788523163983e-01  7.727682766069360e-06 
 2.207808023420411e-05  7.285246047877849e-01  7.285224756593653e-01  6.999842224986732e-01  7.716859372237109e-06 
 2.208163118021413e-05  7.286418288189943e-01  7.286396691537861e-01  7.000872451466285e-01  7.706687958075173e-06 
 2.208501740063352e-05  7.287536131466186e-01  7.287514254149966e-01  7.001854893713659e-01  7.697383073679107e-06 
 2.208831759399129e-05  7.288625558716260e-01  7.288603418070140e-01  7.002812383581613e-01  7.688697035077459e-06 
 2.209154768437701e-05  7.289691827536302e-01  7.289669439098647e-01  7.003749540587934e-01  7.680567818207115e-06 
 2.209473148702036e-05  7.290742800137703e-01  7.290720177209912e-01  7.004673273914548e-01  7.672920317952557e-06 
 2.209788628813167e-05  7.291784183185932e-01  7.291761337505934e-01  7.005588598630776e-01  7.665702017379191e-06 
 2.210102359766506e-05  7.292819776410301e-01  7.292796718692993e-01  7.006498854029208e-01  7.658878672708199e-06 
 2.210415401777771e-05  7.293853079727829e-01  7.293829819818080e-01  7.007407116110805e-01  7.652421622411948e-06 
 2.210728564616958e-05  7.294886766258903e-01  7.294863313363672e-01  7.008315734314079e-01  7.646309794624069e-06 
 2.211042610558017e-05  7.295923352267855e-01  7.295899715036874e-01  7.009226920340285e-01  7.640524725735515e-06 
 2.211358230546012e-05  7.296965118470182e-01  7.296941305096772e-01  7.010142678996917e-01  7.635052009334179e-06 
 2.211676089621992e-05  7.298014260017610e-01  7.297990278292860e-01  7.011064939992885e-01  7.629878956169457e-06 
 2.211996836228514e-05  7.299072917212038e-01  7.299048774572718e-01  7.011995584937123e-01  7.624994529662076e-06 
 2.212321112925840e-05  7.300143210879568e-01  7.300118914448007e-01  7.012936478432007e-01  7.620389098105596e-06 
 2.212649567510911e-05  7.301227279052557e-01  7.301202835675847e-01  7.013889500336344e-01  7.616054879532086e-06 
 2.212982861165541e-05  7.302327303911885e-01  7.302302720180122e-01  7.014856569412651e-01  7.611984223310766e-06 
 2.213321678973643e-05  7.303445546432494e-01  7.303420828715125e-01  7.015839673846413e-01  7.608171701807396e-06 
 2.213666738392230e-05  7.304584374411014e-01  7.304559528865642e-01  7.016840895835029e-01  7.604611688989229e-06 
 2.214018801926666e-05  7.305746304258427e-01  7.305721336849188e-01  7.017862448372743e-01  7.601299585554708e-06 
 2.214378685284916e-05  7.306934027907137e-01  7.306908944422378e-01  7.018906698923090e-01  7.598231855018594e-06 
 2.214747273682524e-05  7.308150466638920e-01  7.308125272698389e-01  7.019976216744434e-01  7.595405322270298e-06 
 2.215125533822121e-05  7.309398810624118e-01  7.309373511682458e-01  7.021073807667744e-01  7.592816912119109e-06 
 2.215514532051134e-05  7.310682578787896e-01  7.310657180154179e-01  7.022202566804348e-01  7.590465409329724e-06 
 2.215915454034105e-05  7.312005683801993e-01  7.311980190631605e-01  7.023365935658474e-01  7.588348976386200e-06 
 2.216329630173699e-05  7.313372515913218e-01  7.313346933218056e-01  7.024567775923072e-01  7.586467099490569e-06 
 2.216758562875569e-05  7.314788032933754e-01  7.314762365583641e-01  7.025812448639240e-01  7.584819943524663e-06 
 2.217203966756140e-05  7.316257892944011e-01  7.316232145658047e-01  7.027104930923086e-01  7.583407660712463e-06 
 2.217667810586813e-05  7.317788592644849e-01  7.317762770000493e-01  7.028450937746714e-01  7.582232330848268e-06 
 2.218152379041167e-05  7.319387671167872e-01  7.319361777588431e-01  7.029857101206884e-01  7.581296256991479e-06 
 2.218660344673104e-05  7.321063947558394e-01  7.321037987309106e-01  7.031331179510720e-01  7.580603179497174e-06 
 2.219194867339249e-05  7.322827848862613e-01  7.322801826039194e-01  7.032882345640499e-01  7.580158116587247e-06 
 2.219759719991912e-05  7.324691825217197e-01  7.324665743732056e-01  7.034521552601003e-01  7.579967761589349e-06 
 2.220359462835844e-05  7.326670924520582e-01  7.326644788088129e-01  7.036262039096528e-01  7.580041317046937e-06 
 2.220999676608904e-05  7.328783562222869e-01  7.328757374335325e-01  7.038120006902456e-01  7.580390770610549e-06 
 2.221687287919010e-05  7.331052594867578e-01  7.331026358764705e-01  7.040115565564526e-01  7.581031898124673e-06 
 2.222431033335060e-05  7.333506851495835e-01  7.333480570124290e-01  7.042274080043940e-01  7.581985565475517e-06 
 2.223242129415850e-05  7.336183344602490e-01  7.336157020561135e-01  7.044628116452774e-01  7.583279605757201e-06 
 2.224135278938310e-05  7.339130590432145e-01  7.339104225912984e-01  7.047220364204089e-01  7.584953209316037e-06 
 2.225130212941245e-05  7.342413697457555e-01  7.342387294136872e-01  7.050108114437335e-01  7.587059369573393e-06 
 2.226254156818486e-05  7.346122503877957e-01  7.346096062791687e-01  7.053370422463937e-01  7.589674834288759e-06 
 2.227545907070146e-05  7.350385029993576e-01  7.350358551353479e-01  7.057119949006233e-01  7.592913042658042e-06 
 2.229062924586608e-05  7.355390884499614e-01  7.355364367395644e-01  7.061523567916940e-01  7.596945642411874e-06 
 2.230895056975877e-05  7.361436544905853e-01  7.361409986906255e-01  7.066842224506336e-01  7.602052043489243e-06 
 2.233185241677986e-05  7.368993673009185e-01  7.368967069550553e-01  7.073491106175291e-01  7.608690757569136e-06 
 2.236190184932940e-05  7.378909341437981e-01  7.378882684619207e-01  7.082215965000769e-01  7.617707042129600e-06 
 2.240378020006890e-05  7.392728282195128e-01  7.392701559049401e-01  7.094377107891833e-01  7.630692848268647e-06 
 2.245918550285037e-05  7.411010799614720e-01  7.410983998749722e-01  7.110469693197528e-01  7.648421312864084e-06 
 2.252061787102903e-05  7.431282094022560e-01  7.431255216242029e-01  7.128317553463901e-01  7.668592536059955e-06 
 2.259317636225838e-05  7.455224740766762e-01  7.455197779813780e-01  7.149404694861264e-01  7.692844588661936e-06 
 2.268028664512425e-05  7.483969134143432e-01  7.483942079018022e-01  7.174731452750288e-01  7.722276970332569e-06 
 2.278028664512425e-05  7.516966831207905e-01  7.516939671143856e-01  7.203821188010249e-01  7.756240560021764e-06 
 2.288028664512425e-05  7.549964526005389e-01  7.549937262023542e-01  7.232928706692274e-01  7.790260816928220e-06 
 2.298028664512425e-05  7.582962220747056e-01  7.582934852871382e-01  7.262055423089709e-01  7.824282232928970e-06 
 2.308028664512425e-05  7.615959915985296e-01  7.615932443988155e-01  7.291202754844193e-01  7.858291086980130e-06 
 2.318028664512425e-05  7.648957611703212e-01  7.648930035366226e-01  7.320372099916204e-01  7.892287650531172e-06 
 2.328028664512425e-05  7.681955307761117e-01  7.681927626927876e-01  7.349564827556625e-01  7.926275473076053e-06 
 2.338028664512425e-05  7.714953004069534e-01  7.714925218622363e-01  7.378782274448411e-01  7.960256890079870e-06 
 2.348028664512424e-05  7.747950700626375e-01  7.747922810450099e-01  7.408025742704363e-01  7.994231819275024e-06 
 2.358028664512424e-05  7.780948397444155e-01  7.780920402418013e-01  7.437296498508102e-01  8.028199923375708e-06 
 2.368028664512424e-05  7.813946094530004e-01  7.813917994528652e-01  7.466595770990372e-01  8.062161100463395e-06 
 2.378028664512424e-05  7.846943791907391e-01  7.846915586795467e-01  7.495924751223210e-01  8.096114702056747e-06 
 2.388028664512424e-05  7.879941489589146e-01  7.879913179225247e-01  7.525284591286384e-01  8.130060408300468e-06 
 2.398028664512424e-05  7.912939187591411e-01  7.912910771827040e-01  7.554676403418225e-01  8.163997784542199e-06 
 2.408028664512424e-05  7.945936885920319e-01  7.945908364603436e-01  7.584101259241178e-01  8.197926717428112e-06 
 2.418028664512424e-05  7.978934584593085e-01  7.978905957564382e-01  7.613560189066979e-01  8.231846725232392e-06 
 2.428028664512424e-05  8.011932283621315e-01  8.011903550716217e-01  7.643054181271098e-01  8.265757506307404e-06 
 2.438028664512424e-05  8.044929983014050e-01  8.044901144063664e-01  7.672584181745429e-01  8.299658839163613e-06 
 2.448028664512423e-05  8.077927682783215e-01  8.077898737613365e-01  7.702151093430925e-01  8.333550406166170e-06 
 2.458028664512423e-05  8.110925382941796e-01  8.110896331372801e-01  7.731755775917601e-01  8.367431847269715e-06 
 2.468028664512423e-05  8.143923083489111e-01  8.143893925340394e-01  7.761399045127950e-01  8.401303254400674e-06 
 2.478028664512423e-05  8.176920784449563e-01  8.176891519531270e-01  7.791081673072684e-01  8.435163884042660e-06 
 2.488028664512423e-05  8.209918485815043e-01  8.209889113939146e-01  7.820804387677355e-01  8.469014063267344e-06 
 2.498028664512423e-05  8.242916187604367e-01  8.242886708575474e-01  7.850567872689102e-01  8.502853230523889e-06 
 2.508028664512423e-05  8.275913889823521e-01  8.275884303443367e-01  7.880372767652463e-01  8.536681242593498e-06 
 2.518028664512423e-05  8.308911592474878e-01  8.308881898543616e-01  7.910219667956344e-01  8.570498069833189e-06 
 2.528028664512423e-05  8.341909295574859e-01  8.341879493886248e-01  7.940109124953560e-01  8.604303222190496e-06 
 2.538028664512423e-05  8.374906999117188e-01  8.374877089466447e-01  7.970041646147814e-01  8.638096950464769e-06 
 2.548028664512423e-05  8.407904703115627e-01  8.407874685292659e-01  8.000017695448431e-01  8.671878841764045e-06 
 2.558028664512422e-05  8.440902407575510e-01  8.440872281367749e-01  8.030037693494176e-01  8.705648761751319e-06 
 2.568028664512422e-05  8.473900112503941e-01  8.473869877695869e-01  8.060102018033909e-01  8.739406512029708e-06 
 2.578028664512422e-05  8.506897817902279e-01  8.506867474277379e-01  8.090211004374742e-01  8.773152082052083e-06 
 2.588028664512422e-05  8.539895523769322e-01  8.539865071111059e-01  8.120364945885974e-01  8.806885541096327e-06 
 2.598028664512422e-05  8.572893230125517e-01  8.572862668209935e-01  8.150564094566535e-01  8.840606244455922e-06 
 2.608028664512422e-05  8.605890936957776e-01  8.605860265565078e-01  8.180808661660465e-01  8.874314645656953e-06 
 2.618028664512422e-05  8.638888644275646e-01  8.638857863182416e-01  8.211098818327170e-01  8.908010454154029e-06 
 2.628028664512422e-05  8.671886352076790e-01  8.671855461060199e-01  8.241434696365442e-01  8.941693763316895e-06 
 2.638028664512422e-05  8.704884060366616e-01  8.704853059201765e-01  8.271816388979524e-01  8.975364410608881e-06 
 2.648028664512422e-05  8.737881769156869e-01  8.737850657614764e-01  8.302243951594591e-01  9.009022018221080e-06 
 2.658028664512421e-05  8.770879478432720e-01  8.770848256289274e-01  8.332717402708378e-01  9.042667086864052e-06 
 2.668028664512421e-05  8.803877188200728e-01  8.803845855229639e-01  8.363236724788404e-01  9.076299401487578e-06 
 2.678028664512421e-05  8.836874898463790e-01  8.836843454437769e-01  8.393801865201099e-01  9.109918869832123e-06 
 2.688028664512421e-05  8.869872609218793e-01  8.869841053911717e-01  8.424412737174892e-01  9.143525591595691e-06 
 2.698028664512421e-05  8.902870320463069e-01  8.902838653649880e-01  8.455069220795277e-01  9.177119648268641e-06 
 2.708028664512421e-05  8.935868032199921e-01  8.935836253654593e-01  8.485771164026860e-01  9.210700924276736e-06 
 2.718028664512421e-05  8.968865744430107e-01  8.968833853926624e-01  8.516518383759073e-01  9.244269381539317e-06 
 2.728028664512421e-05  9.001863457142725e-01  9.001831454459106e-01  8.547310666871941e-01  9.277825363670390e-06 
 2.738028664512421e-05  9.034861170343146e-01  9.034829055255912e-01  8.578147771324931e-01  9.311368676047854e-06 
 2.748028664512421e-05  9.067858884024328e-01  9.067826656312765e-01  8.609029427260826e-01  9.344899531834513e-06 
 2.758028664512421e-05  9.100856598178608e-01  9.100824257625106e-01  8.639955338117637e-01  9.378418157848910e-06 
 2.768028664512420e-05  9.133854312816887e-01  9.133821859200612e-01  8.670925181758499e-01  9.411924167289345e-06 
 2.778028664512420e-05  9.166852027920536e-01  9.166819461027479e-01  8.701938611597728e-01  9.445418148796032e-06 
 2.788028664512420e-05  9.199849743492063e-01  9.199817063107966e-01  8.732995257748200e-01  9.478899985906585e-06 
 2.798028664512420e-05  9.232847459521751e-01  9.232814665436246e-01  8.764094728155839e-01  9.512369967278973e-06 
 2.808028664512420e-05  9.265845176014380e-01  9.265812268016075e-01  8.795236609739802e-01  9.545827901066639e-06 
 2.818028664512420e-05  9.298842892957174e-01  9.298809870839709e-01  8.826420469533119e-01  9.579274170851626e-06 
 2.828028664512420e-05  9.331840610344991e-01  9.331807473904452e-01  8.857645855812387e-01  9.612708907196156e-06 
 2.838028664512420e-05  9.364838328180026e-01  9.364805077212419e-01  8.888912299224222e-01  9.646131998966891e-06 
 2.848028664512420e-05  9.397836046450551e-01  9.397802680756661e-01  8.920219313899470e-01  9.679543789555801e-06 
 2.858028664512420e-05  9.430833765148231e-01  9.430800284532357e-01  8.951566398557111e-01  9.712944514552199e-06 
 2.868028664512419e-05  9.463831484262478e-01  9.463797888533364e-01  8.982953037596461e-01  9.746334475603677e-06 
 2.878028664512419e-05  9.496829203807303e-01  9.496795492769646e-01  9.014378702173028e-01  9.779713168557943e-06 
 2.888028664512419e-05  9.529826923759035e-01  9.529793097226409e-01  9.045842851251609e-01  9.813081328049558e-06 
 2.898028664512419e-05  9.562824644118093e-01  9.562790701904706e-01  9.077344932651564e-01  9.846438894237504e-06 
 2.908028664512419e-05  9.595822364872700e-01  9.595788306797626e-01  9.108884384062677e-01  9.879786207294097e-06 
 2.918028664512419e-05  9.628820086028488e-01  9.628785911909652e-01  9.140460634044002e-01  9.913123035959877e-06 
 2.928028664512419e-05  9.661817807562136e-01  9.661783517226246e-01  9.172073102997553e-01  9.946450101324682e-06 
 2.938028664512419e-05  9.694815529475460e-01  9.694781122749477e-01  9.203721204122680e-01  9.979767292810295e-06 
 2.948028664512419e-05  9.727813251764306e-01  9.727778728477380e-01  9.235404344336736e-01  1.001307470078886e-05 
 2.958028664512419e-05  9.760810974415958e-01  9.760776334402378e-01  9.267121925177798e-01  1.004637269840632e-05 
 2.968028664512419e-05  9.793808697426418e-01  9.793773940522782e-01  9.298873343677022e-01  1.007966136326728e-05 
 2.978028664512418e-05  9.826806420794604e-01  9.826771546838613e-01  9.330657993204226e-01  1.011294068593480e-05 
 2.988028664512418e-05  9.859804144490921e-01  9.859769153331212e-01  9.362475264285078e-01  1.014621159344512e-05 
 2.998028664512418e-05  9.892801868545079e-01  9.892766760021027e-01  9.394324545390270e-01  1.017947305473412e-05 
 3.008028664512418e-05  9.925799592919111e-01  9.925764366883835e-01  9.426205223692904e-01  1.021272627483784e-05 
 3.018028664512418e-05  9.958797317619043e-01  9.958761973924442e-01  9.458116685802743e-01  1.024597100562143e-05 
 3.028028664512418e-05  9.991795042639972e-01  9.991759581140386e-01  9.490058318463759e-01  1.027920736221503e-05 
 3.038028664512418e-05  1.002479276797210e+00  1.002475718852610e+00  9.522029509225235e-01  1.031243561551303e-05 
 3.048028664512418e-05  1.005779049360098e+00  1.005775479607278e+00  9.554029647083754e-01  1.034565619950160e-05 
 3.058028664512418e-05  1.009078821953155e+00  1.009075240378452e+00  9.586058123096741e-01  1.037886890101793e-05 
 3.068028664512418e-05  1.012378594575801e+00  1.012375001165835e+00  9.618114330961057e-01  1.041207386172646e-05 
 3.078028664512418e-05  1.015678367226165e+00  1.015674761968263e+00  9.650197667567624e-01  1.044527165539046e-05 
 3.088028664512418e-05  1.018978139904922e+00  1.018974522786265e+00  9.682307533523110e-01  1.047846201056036e-05 
 3.098028664512419e-05  1.022277912610161e+00  1.022274283618651e+00  9.714443333645095e-01  1.051164551443316e-05 
 3.108028664512419e-05  1.025577685342083e+00  1.025574044465633e+00  9.746604477429357e-01  1.054482205365504e-05 
 3.118028664512419e-05  1.028877458099974e+00  1.028873805326821e+00  9.778790379487785e-01  1.057799181707495e-05 
 3.128028664512419e-05  1.032177230882836e+00  1.032173566201621e+00  9.811000459959022e-01  1.061115509312882e-05 
 3.138028664512420e-05  1.035477003690400e+00  1.035473327089937e+00  9.843234144890268e-01  1.064431192289490e-05 
 3.148028664512420e-05  1.038776776522145e+00  1.038773087991496e+00  9.875490866594515e-01  1.067746243593621e-05 
 3.158028664512420e-05  1.042076549376829e+00  1.042072848905548e+00  9.907770063983813e-01  1.071060699984760e-05 
 3.168028664512420e-05  1.045376322254830e+00  1.045372609832412e+00  9.940071182874953e-01  1.074374544798457e-05 
 3.178028664512421e-05  1.048676095154795e+00  1.048672370771265e+00  9.972393676269736e-01  1.077687818546750e-05 
 3.188028664512421e-05  1.051975868075895e+00  1.051972131721625e+00  1.000473700461385e+00  1.081000544622039e-05 
 3.198028664512421e-05  1.055275641018252e+00  1.055271892683644e+00  1.003710063603209e+00  1.084312714631037e-05 
 3.208028664512421e-05  1.058575413981460e+00  1.058571653657121e+00  1.006948404653909e+00  1.087624338154968e-05 
 3.218028664512422e-05  1.061875186963418e+00  1.061871414640728e+00  1.010188672022700e+00  1.090935480741399e-05 
 3.228028664512422e-05  1.065174959965949e+00  1.065171175635735e+00  1.013430814944442e+00  1.094246078363768e-05 
 3.238028664512422e-05  1.068474732986666e+00  1.068470936640630e+00  1.016674783493544e+00  1.097556205884412e-05 
 3.248028664512422e-05  1.071774506025941e+00  1.071770697655718e+00  1.019920528597704e+00  1.100865847504858e-05 
 3.258028664512423e-05  1.075074279083033e+00  1.075070458680565e+00  1.023168002048811e+00  1.104175024175014e-05 
 3.268028664512423e-05  1.078374052157353e+00  1.078370219714850e+00  1.026417156512390e+00  1.107483751471309e-05 
 3.278028664512423e-05  1.081673825248447e+00  1.081669980758321e+00  1.029667945535419e+00  1.110792041250923e-05 
 3.288028664512423e-05  1.084973598355600e+00  1.084969741810573e+00  1.032920323552079e+00  1.114099913275828e-05 
 3.298028664512423e-05  1.088273371479059e+00  1.088269502871814e+00  1.036174245888654e+00  1.117407356532609e-05 
 3.308028664512424e-05  1.091573144617332e+00  1.091569263941120e+00  1.039429668766501e+00  1.120714416640332e-05 
 3.318028664512424e-05  1.094872917770326e+00  1.094869025018475e+00  1.042686549303445e+00  1.124021093743323e-05 
 3.328028664512424e-05  1.098172690938453e+00  1.098168786104208e+00  1.045944845514629e+00  1.127327370921785e-05 
 3.338028664512424e-05  1.101472464120397e+00  1.101468547197501e+00  1.049204516311080e+00  1.130633288587835e-05 
 3.348028664512425e-05  1.104772237316185e+00  1.104768308298416e+00  1.052465521497949e+00  1.133938843000021e-05 
 3.358028664512425e-05  1.108072010524417e+00  1.108068069406078e+00  1.055727821771328e+00  1.137244077445938e-05 
 3.368028664512425e-05  1.111371783745782e+00  1.111367830520996e+00  1.058991378713840e+00  1.140548966024084e-05 
 3.378028664512425e-05  1.114671556980047e+00  1.114667591643052e+00  1.062256154789592e+00  1.143853513941403e-05 
 3.388028664512426e-05  1.117971330225786e+00  1.117967352771351e+00  1.065522113338104e+00  1.147157765651227e-05 
 3.398028664512426e-05  1.121271103482783e+00  1.121267113905796e+00  1.068789218567104e+00  1.150461725405707e-05 
 3.408028664512426e-05  1.124570876751687e+00  1.124566875046857e+00  1.072057435545069e+00  1.153765369290641e-05 
 3.418028664512426e-05  1.127870650030727e+00  1.127866636193408e+00  1.075326730192505e+00  1.157068753194656e-05 
 3.428028664512427e-05  1.131170423321046e+00  1.131166397346241e+00  1.078597069273053e+00  1.160371836972086e-05 
 3.438028664512427e-05  1.134470196621467e+00  1.134466158504618e+00  1.081868420383414e+00  1.163674657171472e-05 
 3.448028664512427e-05  1.137769969930813e+00  1.137765919667801e+00  1.085140751943258e+00  1.166977250208131e-05 
 3.458028664512427e-05  1.141069743250868e+00  1.141065680837006e+00  1.088414033184222e+00  1.170279554864365e-05 
 3.468028664512428e-05  1.144369516578994e+00  1.144365442010524e+00  1.091688234138788e+00  1.173581656294278e-05 
 3.478028664512428e-05  1.147669289916635e+00  1.147665203189346e+00  1.094963325628382e+00  1.176883504337995e-05 
 3.488028664512428e-05  1.150969063262381e+00  1.150964964372571e+00  1.098239279251150e+00  1.180185143859629e-05 
 3.498028664512428e-05  1.154268836617002e+00  1.154264725560746e+00  1.101516067369831e+00  1.183486547048092e-05 
 3.508028664512429e-05  1.157568609980237e+00  1.157564486753730e+00  1.104793663098897e+00  1.186787720620232e-05 
 3.518028664512429e-05  1.160868383349712e+00  1.160864247949985e+00  1.108072040291316e+00  1.190088741103724e-05 
 3.528028664512429e-05  1.164168156727366e+00  1.164164009150819e+00  1.111351173525638e+00  1.193389542684546e-05 
 3.538028664512429e-05  1.167467930112501e+00  1.167463770355803e+00  1.114631038092508e+00  1.196690146690083e-05 
 3.548028664512430e-05  1.170767703504206e+00  1.170763531564365e+00  1.117911609981012e+00  1.199990581086851e-05 
 3.558028664512430e-05  1.174067476903200e+00  1.174063292777006e+00  1.121192865865106e+00  1.203290820750504e-05 
 3.568028664512430e-05  1.177367250308146e+00  1.177363053992875e+00  1.124474783089773e+00  1.206590907847313e-05 
 3.578028664512430e-05  1.180667023719075e+00  1.180662815212011e+00  1.127757339657394e+00  1.209890840090218e-05 
 3.588028664512431e-05  1.183966797137226e+00  1.183962576435260e+00  1.131040514213752e+00  1.213190574891063e-05 
 3.598028664512431e-05  1.187266570560149e+00  1.187262337661028e+00  1.134324286033955e+00  1.216490191675203e-05 
 3.608028664512431e-05  1.190566343988831e+00  1.190562098889993e+00  1.137608635009006e+00  1.219789656292179e-05 
 3.618028664512431e-05  1.193866117423418e+00  1.193861860122278e+00  1.140893541631587e+00  1.223088962324901e-05 
 3.628028664512432e-05  1.197165890863114e+00  1.197161621357370e+00  1.144178986982273e+00  1.226388135130862e-05 
 3.638028664512432e-05  1.200465664307176e+00  1.200461382594808e+00  1.147464952716127e+00  1.229687197514043e-05 
 3.648028664512432e-05  1.203765437756281e+00  1.203761143835055e+00  1.150751421048955e+00  1.232986126093148e-05 
 3.658028664512432e-05  1.207065211209833e+00  1.207060905077740e+00  1.154038374743642e+00  1.236284939186857e-05 
 3.668028664512432e-05  1.210364984668326e+00  1.210360666323212e+00  1.157325797096696e+00  1.239583619098214e-05 
 3.678028664512433e-05  1.213664758131371e+00  1.213660427571227e+00  1.160613671925356e+00  1.242882177795424e-05 
 3.688028664512433e-05  1.216964531598077e+00  1.216960188821214e+00  1.163901983553759e+00  1.246180643611376e-05 
 3.698028664512433e-05  1.220264305068527e+00  1.220259950073253e+00  1.167190716800486e+00  1.249479012416044e-05 
 3.708028664512433e-05  1.223564078543153e+00  1.223559711327642e+00  1.170479856965756e+00  1.252777268932757e-05 
 3.718028664512434e-05  1.226863852021689e+00  1.226859472584226e+00  1.173769389818530e+00  1.256075420910871e-05 
 3.728028664512434e-05  1.230163625503570e+00  1.230159233842636e+00  1.177059301584181e+00  1.259373486424818e-05 
 3.738028664512434e-05  1.233463398988200e+00  1.233458995102511e+00  1.180349578931876e+00  1.262671483526824e-05 
 3.748028664512434e-05  1.236763172476907e+00  1.236758756364730e+00  1.183640208963112e+00  1.265969367874581e-05 
 3.758028664512435e-05  1.240062945967941e+00  1.240058517628159e+00  1.186931179199198e+00  1.269267196222691e-05 
 3.768028664512435e-05  1.243362719462987e+00  1.243358278893924e+00  1.190222477570107e+00  1.272564912016392e-05 
 3.778028664512435e-05  1.246662492960763e+00  1.246658040161183e+00  1.193514092402456e+00  1.275862557066683e-05 
 3.788028664512435e-05  1.249962266460451e+00  1.249957801429424e+00  1.196806012408549e+00  1.279160157041921e-05 
 3.798028664512436e-05  1.253262039963325e+00  1.253257562699490e+00  1.200098226675338e+00  1.282457669398360e-05 
 3.808028664512436e-05  1.256561813469618e+00  1.256557323971559e+00  1.203390722493014e+00  1.285755085431893e-05 
 3.818028664512436e-05  1.259861586976843e+00  1.259857085243987e+00  1.206683491304083e+00  1.289052486832643e-05 
 3.828028664512436e-05  1.263161360486019e+00  1.263156846517463e+00  1.209976523796693e+00  1.292349839050514e-05 
 3.838028664512437e-05  1.266461133999778e+00  1.266456607793733e+00  1.213269810619728e+00  1.295647054799772e-05 
 3.848028664512437e-05  1.269760907513365e+00  1.269756369069668e+00  1.216563342618830e+00  1.298944290355411e-05 
 3.858028664512437e-05  1.273060681031319e+00  1.273056130348283e+00  1.219857110910840e+00  1.302241394860324e-05 
 3.868028664512437e-05  1.276360454549660e+00  1.276355891626955e+00  1.223151106902708e+00  1.305538499387444e-05 
 3.878028664512438e-05  1.279660228069493e+00  1.279655652906415e+00  1.226445322291557e+00  1.308835567166182e-05 
 3.888028664512438e-05  1.282960001592116e+00  1.282955414187542e+00  1.229739749059279e+00  1.312132554209504e-05 
 3.898028664512438e-05  1.286259775115246e+00  1.286255175468834e+00  1.233034379464646e+00  1.315429535501870e-05 
 3.908028664512438e-05  1.289559548641306e+00  1.289554936751897e+00  1.236329206034912e+00  1.318726430596522e-05 
 3.918028664512439e-05  1.292859322169122e+00  1.292854698035964e+00  1.239624221557400e+00  1.322023277840563e-05 
 3.928028664512439e-05  1.296159095697425e+00  1.296154459320206e+00  1.242919419071323e+00  1.325320118445471e-05 
 3.938028664512439e-05  1.299458869226647e+00  1.299454220604916e+00  1.246214791859879e+00  1.328616937800711e-05 
 3.948028664512439e-05  1.302758642758291e+00  1.302753981891094e+00  1.249510333442355e+00  1.331913685768611e-05 
 3.958028664512440e-05  1.306058416291648e+00  1.306053743178278e+00  1.252806037566674e+00  1.335210385308584e-05 
 3.968028664512440e-05  1.309358189824989e+00  1.309353504465331e+00  1.256101898201587e+00  1.338507093241843e-05 
 3.978028664512440e-05  1.312657963360304e+00  1.312653265753581e+00  1.259397909529890e+00  1.341803743088234e-05 
 3.988028664512440e-05  1.315957736896240e+00  1.315953027042131e+00  1.262694065941108e+00  1.345100379611951e-05 
 3.998028664512441e-05  1.319257510433431e+00  1.319252788331416e+00  1.265990362024850e+00  1.348396980986006e-05 
 4.008028664512441e-05  1.322557283971979e+00  1.322552549621502e+00  1.269286792564129e+00  1.351693543835323e-05 
 4.018028664512441e-05  1.325857057511332e+00  1.325852310912032e+00  1.272583352528846e+00  1.354990085879062e-05 
 4.028028664512441e-05  1.329156831051289e+00  1.329152072202880e+00  1.275880037069781e+00  1.358286613512106e-05 
 4.038028664512441e-05  1.332456604592915e+00  1.332451833494750e+00  1.279176841512543e+00  1.361583091273933e-05 
 4.048028664512442e-05  1.335756378134601e+00  1.335751594786593e+00  1.282473761351248e+00  1.364879571678091e-05 
 4.058028664512442e-05  1.339056151676820e+00  1.339051356078719e+00  1.285770792243132e+00  1.368176039159253e-05 
 4.068028664512442e-05  1.342355925220893e+00  1.342351117372008e+00  1.289067930003090e+00  1.371472449619361e-05 
 4.078028664512442e-05  1.345655698763954e+00  1.345650878664567e+00  1.292365170598117e+00  1.374768897627213e-05 
 4.088028664512443e-05  1.348955472308718e+00  1.348950639958204e+00  1.295662510142302e+00  1.378065292832858e-05 
 4.098028664512443e-05  1.352255245854168e+00  1.352250401252241e+00  1.298959944891456e+00  1.381361668942667e-05 
 4.108028664512443e-05  1.355555019399441e+00  1.355550162546115e+00  1.302257471238410e+00  1.384658054134101e-05 
 4.118028664512443e-05  1.358854792945876e+00  1.358849923840715e+00  1.305555085708474e+00  1.387954403909421e-05 
 4.128028664512444e-05  1.362154566493194e+00  1.362149685135866e+00  1.308852784954573e+00  1.391250727061594e-05 
 4.138028664512444e-05  1.365454340039914e+00  1.365449446430583e+00  1.312150565752632e+00  1.394547072595862e-05 
 4.148028664512444e-05  1.368754113588186e+00  1.368749207726292e+00  1.315448424997754e+00  1.397843369302523e-05 
 4.158028664512444e-05  1.372053887136907e+00  1.372048969022276e+00  1.318746359699797e+00  1.401139652975165e-05 
 4.168028664512445e-05  1.375353660684745e+00  1.375348730317649e+00  1.322044366979159e+00  1.404435967845075e-05 
 4.178028664512445e-05  1.378653434233493e+00  1.378648491613603e+00  1.325342444063103e+00  1.407732254315481e-05 
 4.188028664512445e-05  1.381953207782885e+00  1.381948252909961e+00  1.328640588282065e+00  1.411028521179348e-05 
 4.198028664512445e-05  1.385252981332071e+00  1.385248014206168e+00  1.331938797065789e+00  1.414324796103434e-05 
 4.208028664512446e-05  1.388552754882901e+00  1.388547775503449e+00  1.335237067939925e+00  1.417621017847838e-05 
 4.218028664512446e-05  1.391852528432525e+00  1.391847536799923e+00  1.338535398522281e+00  1.420917280537268e-05 
 4.228028664512446e-05  1.395152301982931e+00  1.395147298096906e+00  1.341833786519824e+00  1.424213518113453e-05 
 4.238028664512446e-05  1.398452075533359e+00  1.398447059393895e+00  1.345132229725496e+00  1.427509755822864e-05 
 4.248028664512447e-05  1.401751849083589e+00  1.401746820690756e+00  1.348430726015170e+00  1.430806000437863e-05 
 4.258028664512447e-05  1.405051622634985e+00  1.405046581988381e+00  1.351729273344489e+00  1.434102207172053e-05 
 4.268028664512447e-05  1.408351396186100e+00  1.408346343285821e+00  1.355027869746086e+00  1.437398423387547e-05 
 4.278028664512447e-05  1.411651169736849e+00  1.411646104583023e+00  1.358326513326499e+00  1.440694651926519e-05 
 4.288028664512448e-05  1.414950943288250e+00  1.414945865880659e+00  1.361625202263939e+00  1.443990859038184e-05 
 4.298028664512448e-05  1.418250716839340e+00  1.418245627178100e+00  1.364923934805402e+00  1.447287076164063e-05 
 4.308028664512448e-05  1.421550490391166e+00  1.421545388476033e+00  1.368222709264224e+00  1.450583268887239e-05 
 4.318028664512448e-05  1.424850263942168e+00  1.424845149773431e+00  1.371521524017598e+00  1.453879488677653e-05 
 4.328028664512449e-05  1.428150037493450e+00  1.428144911071026e+00  1.374820377504577e+00  1.457175698720309e-05 
 4.338028664512449e-05  1.431449811045585e+00  1.431444672369200e+00  1.378119268223360e+00  1.460471880030393e-05 
 4.348028664512449e-05  1.434749584596869e+00  1.434744433666819e+00  1.381418194729042e+00  1.463768089229279e-05 
 4.358028664512449e-05  1.438049358148817e+00  1.438044194964898e+00  1.384717155631963e+00  1.467064275601980e-05 
 4.368028664512449e-05  1.441349131700171e+00  1.441343956262602e+00  1.388016149595472e+00  1.470360480804065e-05 
 4.378028664512450e-05  1.444648905252107e+00  1.444643717560708e+00  1.391315175333981e+00  1.473656666110952e-05 
 4.388028664512450e-05  1.447948678802983e+00  1.447943478858136e+00  1.394614231610871e+00  1.476952885390665e-05 
 4.398028664512450e-05  1.451248452354112e+00  1.451243240155749e+00  1.397913317236873e+00  1.480249095455526e-05 
 4.408028664512450e-05  1.454548225906271e+00  1.454543001454064e+00  1.401212431068533e+00  1.483545270437339e-05 
 4.418028664512451e-05  1.457847999457150e+00  1.457842762751559e+00  1.404511572005847e+00  1.486841486541815e-05 
 4.428028664512451e-05  1.461147773008804e+00  1.461142524049589e+00  1.407810738991250e+00  1.490137675867710e-05 
 4.438028664512451e-05  1.464447546559725e+00  1.464442285347159e+00  1.411109931007675e+00  1.493433888219631e-05 
 4.448028664512451e-05  1.467747320111091e+00  1.467742046645054e+00  1.414409147077446e+00  1.496730084362296e-05 
 4.458028664512452e-05  1.471047093661754e+00  1.471041807942507e+00  1.417708386260242e+00  1.500026302598399e-05 
 4.468028664512452e-05  1.474346867213376e+00  1.474341569240619e+00  1.421007647652307e+00  1.503322487860879e-05 
 4.478028664512452e-05  1.477646640763868e+00  1.477641330538020e+00  1.424306930384283e+00  1.506618708583882e-05 
 4.488028664512452e-05  1.480946414314836e+00  1.480941091835760e+00  1.427606233620732e+00  1.509914912342678e-05 
 4.498028664512453e-05  1.484246187864772e+00  1.484240853132852e+00  1.430905556558225e+00  1.513211148519986e-05 
 4.508028664512453e-05  1.487545961415262e+00  1.487540614430338e+00  1.434204898424740e+00  1.516507364824302e-05 
 4.518028664512453e-05  1.490845734965720e+00  1.490840375727836e+00  1.437504258477962e+00  1.519803580573506e-05 
 4.528028664512453e-05  1.494145508515537e+00  1.494140137024941e+00  1.440803636004284e+00  1.523099815818227e-05 
 4.538028664512454e-05  1.497445282065385e+00  1.497439898322101e+00  1.444103030317729e+00  1.526396048265186e-05 
 4.548028664512454e-05  1.500745055615898e+00  1.500739659619730e+00  1.447402440759190e+00  1.529692257108803e-05 
 4.558028664512454e-05  1.504044829165397e+00  1.504039420916728e+00  1.450701866694891e+00  1.532988497438346e-05 
 4.568028664512454e-05  1.507344602715025e+00  1.507339182213842e+00  1.454001307515871e+00  1.536284731861501e-05 
 4.578028664512455e-05  1.510644376264581e+00  1.510638943510944e+00  1.457300762636641e+00  1.539580966750951e-05 
 4.588028664512455e-05  1.513944149813731e+00  1.513938704807815e+00  1.460600231494644e+00  1.542877213053494e-05 
 4.598028664512455e-05  1.517243923362752e+00  1.517238466104635e+00  1.463899713549296e+00  1.546173461842936e-05 
 4.608028664512455e-05  1.520543696910784e+00  1.520538227400841e+00  1.467199208280916e+00  1.549469741141307e-05 
 4.618028664512456e-05  1.523843470459798e+00  1.523837988697730e+00  1.470498715190170e+00  1.552765986067173e-05 
 4.628028664512456e-05  1.527143244007461e+00  1.527137749993763e+00  1.473798233797266e+00  1.556062273714421e-05 
 4.638028664512456e-05  1.530443017556705e+00  1.530437511290876e+00  1.477097763641228e+00  1.559358507204990e-05 
 4.648028664512456e-05  1.533742791104313e+00  1.533737272586946e+00  1.480397304278733e+00  1.562654792676202e-05 
 4.658028664512457e-05  1.537042564652434e+00  1.537037033883398e+00  1.483696855284138e+00  1.565951058896144e-05 
 4.668028664512457e-05  1.540342338199076e+00  1.540336795178906e+00  1.486996416248212e+00  1.569247372145136e-05 
 4.678028664512457e-05  1.543642111746573e+00  1.543636556475019e+00  1.490295986778048e+00  1.572543654951812e-05 
 4.688028664512457e-05  1.546941885294058e+00  1.546936317771167e+00  1.493595566495912e+00  1.575839935782291e-05 
 4.698028664512458e-05  1.550241658840660e+00  1.550236079066765e+00  1.496895155038985e+00  1.579136244035278e-05 
 4.708028664512458e-05  1.553541432386905e+00  1.553535840362166e+00  1.500194752058633e+00  1.582432561902798e-05 
 4.718028664512458e-05  1.556841205933599e+00  1.556835601657909e+00  1.503494357219840e+00  1.585728862428633e-05 
 4.728028664512458e-05  1.560140979480941e+00  1.560135362954113e+00  1.506793970200952e+00  1.589025139750807e-05 
 4.738028664512458e-05  1.563440753026451e+00  1.563435124249150e+00  1.510093590692667e+00  1.592321475226464e-05 
 4.748028664512459e-05  1.566740526571856e+00  1.566734885544158e+00  1.513393218397998e+00  1.595617811967775e-05 
 4.758028664512459e-05  1.570040300117531e+00  1.570034646839386e+00  1.516692853031581e+00  1.598914137451423e-05 
 4.768028664512459e-05  1.573340073662768e+00  1.573334408134362e+00  1.519992494319342e+00  1.602210475347366e-05 
 4.778028664512459e-05  1.576639847207695e+00  1.576634169429173e+00  1.523292141997920e+00  1.605506821281324e-05 
 4.788028664512460e-05  1.579939620752154e+00  1.579933930723719e+00  1.526591795814261e+00  1.608803180315913e-05 
 4.798028664512460e-05  1.583239394297005e+00  1.583233692018563e+00  1.529891455525440e+00  1.612099524184855e-05 
 4.808028664512460e-05  1.586539167841421e+00  1.586533453313157e+00  1.533191120898154e+00  1.615395880288456e-05 
 4.818028664512460e-05  1.589838941385010e+00  1.589833214607250e+00  1.536490791708107e+00  1.618692261305461e-05 
 4.828028664512461e-05  1.593138714929839e+00  1.593132975902199e+00  1.539790467739926e+00  1.621988599201403e-05 
 4.838028664512461e-05  1.596438488473006e+00  1.596432737196094e+00  1.543090148786750e+00  1.625284989677509e-05 
 4.848028664512461e-05  1.599738262016536e+00  1.599732498490269e+00  1.546389834649985e+00  1.628581365853942e-05 
 4.858028664512461e-05  1.603038035560244e+00  1.603032259784599e+00  1.549689525138751e+00  1.631877734081178e-05 
 4.868028664512462e-05  1.606337809102844e+00  1.606332021078242e+00  1.552989220069669e+00  1.635174136436669e-05 
 4.878028664512462e-05  1.609637582645722e+00  1.609631782372111e+00  1.556288919266814e+00  1.638470527223637e-05 
 4.888028664512462e-05  1.612937356187628e+00  1.612931543665381e+00  1.559588622560951e+00  1.641766947808991e-05 
 4.898028664512462e-05  1.616237129730388e+00  1.616231304959253e+00  1.562888329789943e+00  1.645063337996438e-05 
 4.908028664512463e-05  1.619536903272224e+00  1.619531066252554e+00  1.566188040797558e+00  1.648359756472369e-05 
 4.918028664512463e-05  1.622836676814032e+00  1.622830827545882e+00  1.569487755433967e+00  1.651656173416190e-05 
 4.928028664512463e-05  1.626136450355331e+00  1.626130588838913e+00  1.572787473555375e+00  1.654952604970548e-05 
 4.938028664512463e-05  1.629436223896648e+00  1.629430350131997e+00  1.576087195023516e+00  1.658249033616121e-05 
 4.948028664512464e-05  1.632735997436779e+00  1.632730111424339e+00  1.579386919705698e+00  1.661545499165507e-05 
 4.958028664512464e-05  1.636035770977666e+00  1.636029872717221e+00  1.582686647474532e+00  1.664841937381203e-05 
 4.968028664512464e-05  1.639335544517743e+00  1.639329634009607e+00  1.585986378207605e+00  1.668138400221645e-05 
 4.978028664512464e-05  1.642635318057947e+00  1.642629395302123e+00  1.589286111787403e+00  1.671434856289726e-05 
 4.988028664512465e-05  1.645935091599033e+00  1.645929156595261e+00  1.592585848101162e+00  1.674731281049519e-05 
 4.998028664512465e-05  1.649234865137512e+00  1.649228917886718e+00  1.595885587040254e+00  1.678027789675559e-05 
 5.008028664512465e-05  1.652534638677382e+00  1.652528679179134e+00  1.599185328500817e+00  1.681324249962489e-05 
 5.018028664512465e-05  1.655834412215910e+00  1.655828440470707e+00  1.602485072382693e+00  1.684620752260256e-05 
 5.028028664512466e-05  1.659134185755218e+00  1.659128201762833e+00  1.605784818590064e+00  1.687917226624814e-05 
 5.038028664512466e-05  1.662433959294517e+00  1.662427963054995e+00  1.609084567030600e+00  1.691213698924357e-05 
 5.048028664512466e-05  1.665733732831314e+00  1.665727724345546e+00  1.612384317615729e+00  1.694510251626250e-05 
 5.058028664512466e-05  1.669033506370652e+00  1.669027485637813e+00  1.615684070260662e+00  1.697806718152633e-05 
 5.068028664512467e-05  1.672333279908330e+00  1.672327246929026e+00  1.618983824883703e+00  1.701103237214769e-05 
 5.078028664512467e-05  1.675633053446016e+00  1.675627008220291e+00  1.622283581406542e+00  1.704399753412530e-05 
 5.088028664512467e-05  1.678932826983163e+00  1.678926769511237e+00  1.625583339753811e+00  1.707696285353253e-05 
 5.098028664512467e-05  1.682232600519941e+00  1.682226530801979e+00  1.628883099853215e+00  1.710992827197166e-05 
 5.108028664512467e-05  1.685532374056822e+00  1.685526292092828e+00  1.632182861635407e+00  1.714289363445555e-05 
 5.118028664512468e-05  1.688832147593523e+00  1.688826053383600e+00  1.635482625033756e+00  1.717585903291066e-05 
 5.128028664512468e-05  1.692131921129953e+00  1.692125814674235e+00  1.638782389984290e+00  1.720882449797915e-05 
 5.138028664512468e-05  1.695431694665485e+00  1.695425575964312e+00  1.642082156425631e+00  1.724179023904909e-05 
 5.148028664512468e-05  1.698731468202110e+00  1.698725337255155e+00  1.645381924298840e+00  1.727475559487164e-05 
 5.158028664512469e-05  1.702031241737535e+00  1.702025098545246e+00  1.648681693547133e+00  1.730772132417321e-05 
 5.168028664512469e-05  1.705331015273378e+00  1.705324859835653e+00  1.651981464116232e+00  1.734068689338063e-05 
 5.178028664512469e-05  1.708630788807817e+00  1.708624621125174e+00  1.655281235953732e+00  1.737365290268045e-05 
 5.188028664512469e-05  1.711930562342387e+00  1.711924382414820e+00  1.658581009009598e+00  1.740661884692120e-05 
 5.198028664512470e-05  1.715230335877098e+00  1.715224143704597e+00  1.661880783235794e+00  1.743958472366039e-05 
 5.208028664512470e-05  1.718530109411358e+00  1.718523904994117e+00  1.665180558585868e+00  1.747255072629887e-05 
 5.218028664512470e-05  1.721829882946178e+00  1.721823666284047e+00  1.668480335015674e+00  1.750551652154769e-05 
 5.228028664512470e-05  1.725129656480040e+00  1.725123427573387e+00  1.671780112482491e+00  1.753848260900721e-05 
 5.238028664512471e-05  1.728429430013513e+00  1.728423188862503e+00  1.675079890945471e+00  1.757144880660087e-05 
 5.248028664512471e-05  1.731729203546628e+00  1.731722950151427e+00  1.678379670365192e+00  1.760441509723120e-05 
 5.258028664512471e-05  1.735028977078879e+00  1.735022711439817e+00  1.681679450703995e+00  1.763738165253871e-05 
 5.268028664512471e-05  1.738328750611428e+00  1.738322472728446e+00  1.684979231925755e+00  1.767034808638780e-05 
 5.278028664512472e-05  1.741628524145152e+00  1.741622234017887e+00  1.688279013995615e+00  1.770331411078666e-05 
 5.288028664512472e-05  1.744928297677738e+00  1.744921995306619e+00  1.691578796880123e+00  1.773628048845848e-05 
 5.298028664512472e-05  1.748228071209697e+00  1.748221756594970e+00  1.694878580547246e+00  1.776924705375799e-05 
 5.308028664512472e-05  1.751527844741562e+00  1.751521517883300e+00  1.698178364966272e+00  1.780221362682907e-05 
 5.318028664512473e-05  1.754827618272597e+00  1.754821279171120e+00  1.701478150107679e+00  1.783518045303098e-05 
 5.328028664512473e-05  1.758127391803758e+00  1.758121040459067e+00  1.704777935943027e+00  1.786814721306361e-05 
 5.338028664512473e-05  1.761427165336395e+00  1.761420801748022e+00  1.708077722445190e+00  1.790111346661251e-05 
 5.348028664512473e-05  1.764726938866445e+00  1.764720563035312e+00  1.711377509587886e+00  1.793408055016413e-05 
 5.358028664512474e-05  1.768026712397560e+00  1.768020324323335e+00  1.714677297346075e+00  1.796704726489966e-05 
 5.368028664512474e-05  1.771326485927530e+00  1.771320085610647e+00  1.717977085695440e+00  1.800001433290816e-05 
 5.378028664512474e-05  1.774626259458821e+00  1.774619846898864e+00  1.721276874613033e+00  1.803298094572521e-05 
 5.388028664512474e-05  1.777926032987994e+00  1.777919608185724e+00  1.724576664076700e+00  1.806594823533423e-05 
 5.398028664512475e-05  1.781225806517963e+00  1.781219369473149e+00  1.727876454065013e+00  1.809891523961592e-05 
 5.408028664512475e-05  1.784525580047269e+00  1.784519130760174e+00  1.731176244557330e+00  1.813188244151731e-05 
 5.418028664512475e-05  1.787825353577076e+00  1.787818892047562e+00  1.734476035534176e+00  1.816484945934373e-05 
 5.428028664512475e-05  1.791125127106314e+00  1.791118653334620e+00  1.737775826976721e+00  1.819781664015088e-05 
 5.438028664512476e-05  1.794424900634479e+00  1.794418414620996e+00  1.741075618866496e+00  1.823078415935402e-05 
 5.448028664512476e-05  1.797724674163095e+00  1.797718175907717e+00  1.744375411186323e+00  1.826375150425214e-05 
 5.458028664512476e-05  1.801024447690838e+00  1.801017937193894e+00  1.747675203919397e+00  1.829671911782424e-05 
 5.468028664512476e-05  1.804324221218836e+00  1.804317698480278e+00  1.750974997049680e+00  1.832968662659127e-05 
 5.478028664512476e-05  1.807623994748156e+00  1.807617459767568e+00  1.754274790561848e+00  1.836265367927869e-05 
 5.488028664512477e-05  1.810923768275511e+00  1.810917221053605e+00  1.757574584440976e+00  1.839562135679963e-05 
 5.498028664512477e-05  1.814223541803313e+00  1.814216982339970e+00  1.760874378672985e+00  1.842858886756507e-05 
 5.508028664512477e-05  1.817523315329805e+00  1.817516743625507e+00  1.764174173244163e+00  1.846155679022326e-05 
 5.518028664512477e-05  1.820823088856589e+00  1.820816504911275e+00  1.767473968141368e+00  1.849452459519780e-05 
 5.528028664512478e-05  1.824122862383719e+00  1.824116266197302e+00  1.770773763352004e+00  1.852749226738967e-05 
 5.538028664512478e-05  1.827422635910032e+00  1.827416027482829e+00  1.774073558864181e+00  1.856046018871558e-05 
 5.548028664512478e-05  1.830722409436335e+00  1.830715788768385e+00  1.777373354666025e+00  1.859342809294405e-05 
 5.558028664512478e-05  1.834022182961706e+00  1.834015550053364e+00  1.780673150746520e+00  1.862639628272190e-05 
 5.568028664512479e-05  1.837321956488252e+00  1.837315311339156e+00  1.783972947095158e+00  1.865936406393767e-05 
 5.578028664512479e-05  1.840621730013291e+00  1.840615072623986e+00  1.787272743701454e+00  1.869233232388161e-05 
 5.588028664512479e-05  1.843921503539139e+00  1.843914833909384e+00  1.790572540555604e+00  1.872530029783210e-05 
 5.598028664512479e-05  1.847221277063922e+00  1.847214595194116e+00  1.793872337648107e+00  1.875826860218495e-05 
 5.608028664512480e-05  1.850521050589048e+00  1.850514356479116e+00  1.797172134969975e+00  1.879123677042446e-05 
 5.618028664512480e-05  1.853820824113472e+00  1.853814117763682e+00  1.800471932512361e+00  1.882420515360316e-05 
 5.628028664512480e-05  1.857120597638368e+00  1.857113879048594e+00  1.803771730267006e+00  1.885717336158866e-05 
 5.638028664512480e-05  1.860420371162355e+00  1.860413640332949e+00  1.807071528225680e+00  1.889014184579764e-05 
 5.648028664512481e-05  1.863720144687346e+00  1.863713401617995e+00  1.810371326380728e+00  1.892310998206273e-05 
 5.658028664512481e-05  1.867019918210252e+00  1.867013162901700e+00  1.813671124724579e+00  1.895607878668208e-05 
 5.668028664512481e-05  1.870319691734233e+00  1.870312924186150e+00  1.816970923250421e+00  1.898904721671218e-05 
 5.678028664512481e-05  1.873619465257233e+00  1.873612685469986e+00  1.820270721951334e+00  1.902201595116544e-05 
 5.688028664512482e-05  1.876919238779944e+00  1.876912446753671e+00  1.823570520820587e+00  1.905498475955955e-05 
 5.698028664512482e-05  1.880219012302913e+00  1.880212208037556e+00  1.826870319851935e+00  1.908795346536906e-05 
 5.708028664512482e-05  1.883518785825852e+00  1.883511969321453e+00  1.830170119039341e+00  1.912092216251882e-05 
 5.718028664512482e-05  1.886818559348527e+00  1.886811730605221e+00  1.833469918376946e+00  1.915389092250721e-05 
 5.728028664512483e-05  1.890118332870435e+00  1.890111491888507e+00  1.836769717859150e+00  1.918685992141559e-05 
 5.738028664512483e-05  1.893418106393293e+00  1.893411253172460e+00  1.840069517480660e+00  1.921982858481457e-05 
 5.748028664512483e-05  1.896717879914505e+00  1.896711014455358e+00  1.843369317236200e+00  1.925279777334904e-05 
 5.758028664512483e-05  1.900017653436243e+00  1.900010775738636e+00  1.846669117121013e+00  1.928576676870472e-05 
 5.768028664512484e-05  1.903317426957487e+00  1.903310537021625e+00  1.849968917130189e+00  1.931873590794529e-05 
 5.778028664512484e-05  1.906617200478309e+00  1.906610298304368e+00  1.853268717259126e+00  1.935170516797813e-05 
 5.788028664512484e-05  1.909916973999522e+00  1.909910059587400e+00  1.856568517503506e+00  1.938467428035130e-05 
 5.798028664512484e-05  1.913216747519762e+00  1.913209820869821e+00  1.859868317859121e+00  1.941764369648149e-05 
 5.808028664512484e-05  1.916516521042186e+00  1.916509582153724e+00  1.863168118321966e+00  1.945061236876226e-05 
 5.818028664512485e-05  1.919816294560468e+00  1.919809343434925e+00  1.866467918887851e+00  1.948358239151832e-05 
 5.828028664512485e-05  1.923116068081152e+00  1.923109104717743e+00  1.869767719553254e+00  1.951655160247930e-05 
 5.838028664512485e-05  1.926415841601819e+00  1.926408866000589e+00  1.873067520314500e+00  1.954952079767511e-05 
 5.848028664512485e-05  1.929715615121272e+00  1.929708627282655e+00  1.876367321168255e+00  1.958249038122694e-05 
 5.858028664512486e-05  1.933015388640278e+00  1.933008388564470e+00  1.879667122111105e+00  1.961546008801353e-05 
 5.868028664512486e-05  1.936315162158871e+00  1.936308149846034e+00  1.882966923139918e+00  1.964842991803487e-05 
 5.878028664512486e-05  1.939614935679140e+00  1.939607911128747e+00  1.886266724251840e+00  1.968139917096227e-05 
 5.888028664512486e-05  1.942914709197792e+00  1.942907672410424e+00  1.889566525443730e+00  1.971436894058747e-05 
 5.898028664512487e-05  1.946214482715243e+00  1.946207433691340e+00  1.892866326712711e+00  1.974733908768852e-05 
 5.908028664512487e-05  1.949514256233873e+00  1.949507194973057e+00  1.896166128056187e+00  1.978030883311086e-05 
 5.918028664512487e-05  1.952814029753271e+00  1.952806956255332e+00  1.899465929471478e+00  1.981327829831291e-05 
 5.928028664512487e-05  1.956113803270878e+00  1.956106717536441e+00  1.902765730955945e+00  1.984624834238525e-05 
 5.938028664512488e-05  1.959413576789398e+00  1.959406478818189e+00  1.906065532507478e+00  1.987921806560313e-05 
 5.948028664512488e-05  1.962713350307691e+00  1.962706240099821e+00  1.909365334123635e+00  1.991218784455421e-05 
 5.958028664512488e-05  1.966013123823967e+00  1.966006001380158e+00  1.912665135802019e+00  1.994515827054327e-05 
 5.968028664512488e-05  1.969312897342221e+00  1.969305762661825e+00  1.915964937540750e+00  1.997812802773398e-05 
 5.978028664512489e-05  1.972612670858137e+00  1.972605523941985e+00  1.919264739337672e+00  2.001109853721181e-05 
 5.988028664512489e-05  1.975912444375679e+00  1.975905285223247e+00  1.922564541190733e+00  2.004406849379857e-05 
 5.998028664512489e-05  1.979212217891192e+00  1.979205046503208e+00  1.925864343098088e+00  2.007703909964376e-05 
 6.008028664512489e-05  1.982511991409067e+00  1.982504807784746e+00  1.929164145057963e+00  2.011000891256766e-05 
 6.018028664512490e-05  1.985811764924562e+00  1.985804569064760e+00  1.932463947068664e+00  2.014297948777070e-05 
 6.028028664512490e-05  1.989111538440471e+00  1.989104330345066e+00  1.935763749128411e+00  2.017594991331566e-05 
 6.038028664512490e-05  1.992411311956453e+00  1.992404091625461e+00  1.939063551235645e+00  2.020892029356353e-05 
 6.048028664512490e-05  1.995711085472268e+00  1.995703852905774e+00  1.942363353388619e+00  2.024189071266920e-05 
 6.058028664512491e-05  1.999010858988395e+00  1.999003614186323e+00  1.945663155586109e+00  2.027486101164875e-05 
 6.068028664512491e-05  2.002310632503538e+00  2.002303375466252e+00  1.948962957826444e+00  2.030783161860416e-05 
 6.078028664512491e-05  2.005610406018557e+00  2.005603136746134e+00  1.952262760108418e+00  2.034080224687585e-05 
 6.088028664512491e-05  2.008910179532090e+00  2.008902898025064e+00  1.955562562430605e+00  2.037377334921278e-05 
 6.098028664512492e-05  2.012209953047751e+00  2.012202659305423e+00  1.958862364791747e+00  2.040674373456768e-05 
 6.108028664512492e-05  2.015509726561437e+00  2.015502420584518e+00  1.962162167190471e+00  2.043971475163947e-05 
 6.118028664512492e-05  2.018809500075590e+00  2.018802181863938e+00  1.965461969625773e+00  2.047268560328803e-05 
 6.128028664512492e-05  2.022109273590918e+00  2.022101943144181e+00  1.968761772096544e+00  2.050565604126750e-05 
 6.138028664512493e-05  2.025409047102927e+00  2.025401704422256e+00  1.972061574601364e+00  2.053862756238055e-05 
 6.148028664512493e-05  2.028708820618306e+00  2.028701465702585e+00  1.975361377139584e+00  2.057159795239838e-05 
 6.158028664512493e-05  2.032008594131068e+00  2.032001226981215e+00  1.978661179710016e+00  2.060456919262500e-05 
 6.168028664512493e-05  2.035308367644700e+00  2.035300988260454e+00  1.981960982311690e+00  2.063754012398758e-05 
 6.178028664512493e-05  2.038608141158491e+00  2.038600749539825e+00  1.985260784943722e+00  2.067051098962496e-05 
 6.188028664512494e-05  2.041907914670162e+00  2.041900510817830e+00  1.988560587605013e+00  2.070348253405269e-05 
 6.198028664512494e-05  2.045207688182864e+00  2.045200272096542e+00  1.991860390294841e+00  2.073645372565155e-05 
 6.208028664512494e-05  2.048507461695572e+00  2.048500033375286e+00  1.995160193012511e+00  2.076942489704435e-05 
 6.218028664512494e-05  2.051807235208781e+00  2.051799794654398e+00  1.998459995757151e+00  2.080239588458421e-05 
 6.228028664512495e-05  2.055107008720071e+00  2.055099555932269e+00  2.001759798527757e+00  2.083536748940808e-05 
 6.238028664512495e-05  2.058406782232954e+00  2.058399317211216e+00  2.005059601323962e+00  2.086833855510765e-05 
 6.248028664512495e-05  2.061706555743557e+00  2.061699078488691e+00  2.008359404144625e+00  2.090131035444259e-05 
 6.258028664512495e-05  2.065006329255701e+00  2.064998839767205e+00  2.011659206989286e+00  2.093428163219475e-05 
 6.268028664512496e-05  2.068306102767495e+00  2.068298601045529e+00  2.014959009857277e+00  2.096725300320564e-05 
 6.278028664512496e-05  2.071605876279297e+00  2.071598362323880e+00  2.018258812747924e+00  2.100022435978365e-05 
 6.288028664512496e-05  2.074905649790075e+00  2.074898123601588e+00  2.021558615660722e+00  2.103319603521769e-05 
 6.298028664512496e-05  2.078205423301104e+00  2.078197884879489e+00  2.024858418595014e+00  2.106616761228598e-05 
 6.308028664512497e-05  2.081505196812544e+00  2.081497646157689e+00  2.028158221550227e+00  2.109913903747576e-05 
 6.318028664512497e-05  2.084804970321173e+00  2.084797407434065e+00  2.031458024525545e+00  2.113211137438068e-05 
 6.328028664512497e-05  2.088104743831725e+00  2.088097168711739e+00  2.034757827520558e+00  2.116508305891857e-05 
 6.338028664512497e-05  2.091404517342604e+00  2.091396929989655e+00  2.038057630535031e+00  2.119805462133191e-05 
 6.348028664512498e-05  2.094704290852627e+00  2.094696691267036e+00  2.041357433568388e+00  2.123102644975470e-05 
 6.358028664512498e-05  2.098004064361418e+00  2.097996452543629e+00  2.044657236620012e+00  2.126399867053029e-05 
 6.368028664512498e-05  2.101303837871721e+00  2.101296213821252e+00  2.047957039689423e+00  2.129697037327584e-05 
 6.378028664512498e-05  2.104603611381476e+00  2.104595975098538e+00  2.051256842776166e+00  2.132994224344300e-05 
 6.388028664512499e-05  2.107903384890142e+00  2.107895736375133e+00  2.054556645879969e+00  2.136291445689113e-05 
 6.398028664512499e-05  2.111203158399074e+00  2.111195497651939e+00  2.057856449000273e+00  2.139588656375785e-05 
 6.408028664512499e-05  2.114502931908637e+00  2.114495258929184e+00  2.061156252136598e+00  2.142885844835792e-05 
 6.418028664512499e-05  2.117802705417672e+00  2.117795020206112e+00  2.064456055289021e+00  2.146183049105374e-05 
 6.428028664512500e-05  2.121102478925290e+00  2.121094781482125e+00  2.067755858456767e+00  2.149480298916305e-05 
 6.438028664512500e-05  2.124402252434823e+00  2.124394542759440e+00  2.071055661639459e+00  2.152777483357305e-05 
 6.448028664512500e-05  2.127702025942853e+00  2.127694304035779e+00  2.074355464836993e+00  2.156074716448277e-05 
 6.458028664512500e-05  2.131001799450733e+00  2.130994065312052e+00  2.077655268048801e+00  2.159371952736692e-05 
 6.468028664512501e-05  2.134301572957694e+00  2.134293826587750e+00  2.080955071274679e+00  2.162669217557839e-05 
 6.478028664512501e-05  2.137601346466157e+00  2.137593587864467e+00  2.084254874514432e+00  2.165966431264317e-05 
 6.488028664512501e-05  2.140901119973950e+00  2.140893349140757e+00  2.087554677767423e+00  2.169263666109442e-05 
 6.498028664512501e-05  2.144200893480788e+00  2.144193110416455e+00  2.090854481033772e+00  2.172560930442091e-05 
 6.508028664512502e-05  2.147500666989046e+00  2.147492871693113e+00  2.094154284313039e+00  2.175858146457833e-05 
 6.518028664512502e-05  2.150800440494401e+00  2.150792632967887e+00  2.097454087604933e+00  2.179155456753714e-05 
 6.528028664512502e-05  2.154100214001743e+00  2.154092394243991e+00  2.100753890909473e+00  2.182452700147556e-05 
 6.538028664512502e-05  2.157399987509648e+00  2.157392155520504e+00  2.104053694226131e+00  2.185749922980068e-05 
 6.548028664512502e-05  2.160699761015795e+00  2.160691916795876e+00  2.107353497554410e+00  2.189047202744816e-05 
 6.558028664512503e-05  2.163999534522301e+00  2.163991678071516e+00  2.110653300894461e+00  2.192344468898231e-05 
 6.568028664512503e-05  2.167299308027895e+00  2.167291439346573e+00  2.113953104245844e+00  2.195641763961852e-05 
 6.578028664512503e-05  2.170599081533051e+00  2.170591200621377e+00  2.117252907608365e+00  2.198939071704222e-05 
 6.588028664512503e-05  2.173898855040174e+00  2.173890961897503e+00  2.120552710981784e+00  2.202236313010844e-05 
 6.598028664512504e-05  2.177198628545331e+00  2.177190723172358e+00  2.123852514365783e+00  2.205533617777815e-05 
 6.608028664512504e-05  2.180498402050625e+00  2.180490484447325e+00  2.127152317760502e+00  2.208830916660604e-05 
 6.618028664512504e-05  2.183798175555957e+00  2.183790245722350e+00  2.130452121165845e+00  2.212128212612404e-05 
 6.628028664512504e-05  2.187097949061248e+00  2.187090006997370e+00  2.133751924581144e+00  2.215425508608612e-05 
 6.638028664512505e-05  2.190397722566769e+00  2.190389768272571e+00  2.137051728006862e+00  2.218722795389971e-05 
 6.648028664512505e-05  2.193697496071933e+00  2.193689529547559e+00  2.140351531442366e+00  2.222020092629629e-05 
 6.658028664512505e-05  2.196997269574297e+00  2.196989290820728e+00  2.143651334887088e+00  2.225317480663328e-05 
 6.668028664512505e-05  2.200297043078877e+00  2.200289052095381e+00  2.146951138341268e+00  2.228614794312082e-05 
 6.678028664512506e-05  2.203596816585109e+00  2.203588813371158e+00  2.150250941805203e+00  2.231912051650327e-05 
 6.688028664512506e-05  2.206896590087131e+00  2.206888574644171e+00  2.153550745277939e+00  2.235209446967087e-05 
 6.698028664512506e-05  2.210196363592623e+00  2.210188335919516e+00  2.156850548760049e+00  2.238506725488386e-05 
 6.708028664512506e-05  2.213496137097779e+00  2.213488097194651e+00  2.160150352250934e+00  2.241804014334758e-05 
 6.718028664512507e-05  2.216795910600100e+00  2.216787858467945e+00  2.163450155750670e+00  2.245101395218619e-05 
 6.728028664512507e-05  2.220095684102775e+00  2.220087619741501e+00  2.166749959259118e+00  2.248398762757600e-05 
 6.738028664512507e-05  2.223395457606970e+00  2.223387381016079e+00  2.170049762775864e+00  2.251696079026482e-05 
 6.748028664512507e-05  2.226695231110477e+00  2.226687142290239e+00  2.173349566301141e+00  2.254993415967716e-05 
 6.758028664512508e-05  2.229995004612786e+00  2.229986903563626e+00  2.176649369834616e+00  2.258290791544711e-05 
 6.768028664512508e-05  2.233294778116324e+00  2.233286664837848e+00  2.179949173376083e+00  2.261588125088664e-05 
 6.778028664512508e-05  2.236594551618436e+00  2.236586426111157e+00  2.183248976925316e+00  2.264885504196168e-05 
 6.788028664512508e-05  2.239894325122163e+00  2.239886187385556e+00  2.186548780482635e+00  2.268182828547473e-05 
 6.798028664512509e-05  2.243194098622636e+00  2.243185948657834e+00  2.189848584047581e+00  2.271480258880668e-05 
 6.808028664512509e-05  2.246493872125296e+00  2.246485709931573e+00  2.193148387620294e+00  2.274777615961349e-05 
 6.818028664512509e-05  2.249793645628293e+00  2.249785471205572e+00  2.196448191200574e+00  2.278074959896988e-05 
 6.828028664512509e-05  2.253093419130864e+00  2.253085232479307e+00  2.199747994788423e+00  2.281372316888850e-05 
 6.838028664512510e-05  2.256393192630863e+00  2.256384993751368e+00  2.203047798383871e+00  2.284669757436096e-05 
 6.848028664512510e-05  2.259692966133097e+00  2.259684755024930e+00  2.206347601986470e+00  2.287967122688018e-05 
 6.858028664512510e-05  2.262992739635253e+00  2.262984516298472e+00  2.209647405596165e+00  2.291264488850322e-05 
 6.868028664512510e-05  2.266292513136550e+00  2.266284277571465e+00  2.212947209212806e+00  2.294561882324113e-05 
 6.878028664512511e-05  2.269592286636138e+00  2.269584038843350e+00  2.216247012836418e+00  2.297859331020397e-05 
 6.888028664512511e-05  2.272892060138155e+00  2.272883800116872e+00  2.219546816466965e+00  2.301156697715608e-05 
 6.898028664512511e-05  2.276191833637705e+00  2.276183561388782e+00  2.222846620104092e+00  2.304454144835375e-05 
 6.908028664512511e-05  2.279491607138787e+00  2.279483322661730e+00  2.226146423748015e+00  2.307751539885683e-05 
 6.918028664512511e-05  2.282791380639324e+00  2.282783083934347e+00  2.229446227398928e+00  2.311048951367291e-05 
 6.928028664512512e-05  2.286091154138933e+00  2.286082845206377e+00  2.232746031056124e+00  2.314346392047764e-05 
 6.938028664512512e-05  2.289390927640205e+00  2.289382606479523e+00  2.236045834719953e+00  2.317643776684180e-05 
 6.948028664512512e-05  2.292690701140788e+00  2.292682367752237e+00  2.239345638390079e+00  2.320941182903330e-05 
 6.958028664512512e-05  2.295990474639578e+00  2.295982129023792e+00  2.242645442066729e+00  2.324238646876283e-05 
 6.968028664512513e-05  2.299290248139672e+00  2.299281890296238e+00  2.245945245749983e+00  2.327536066085044e-05 
 6.978028664512513e-05  2.302590021639034e+00  2.302581651568220e+00  2.249245049439120e+00  2.330833508453056e-05 
 6.988028664512513e-05  2.305889795140173e+00  2.305881412841402e+00  2.252544853134556e+00  2.334130890535959e-05 
 6.998028664512513e-05  2.309189568638233e+00  2.309181174112571e+00  2.255844656835632e+00  2.337428373249476e-05 
 7.008028664512514e-05  2.312489342137603e+00  2.312480935384630e+00  2.259144460543011e+00  2.340725811198802e-05 
 7.018028664512514e-05  2.315789115635437e+00  2.315780696655695e+00  2.262444264256088e+00  2.344023298775096e-05 
 7.028028664512514e-05  2.319088889135780e+00  2.319080457928450e+00  2.265744067975537e+00  2.347320701663576e-05 
 7.038028664512514e-05  2.322388662633138e+00  2.322380219199248e+00  2.269043871700728e+00  2.350618202229481e-05 
 7.048028664512515e-05  2.325688436132337e+00  2.325679980471290e+00  2.272343675431484e+00  2.353915640511873e-05 
 7.058028664512515e-05  2.328988209630042e+00  2.328979741742363e+00  2.275643479167573e+00  2.357213127111171e-05 
 7.068028664512515e-05  2.332287983128579e+00  2.332279503014015e+00  2.278943282909556e+00  2.360510584467195e-05 
 7.078028664512515e-05  2.335587756627068e+00  2.335579264285661e+00  2.282243086657359e+00  2.363808042067468e-05 
 7.088028664512516e-05  2.338887530126069e+00  2.338879025557660e+00  2.285542890410573e+00  2.367105481904172e-05 
 7.098028664512516e-05  2.342187303623858e+00  2.342178786828879e+00  2.288842694169322e+00  2.370402960598682e-05 
 7.108028664512516e-05  2.345487077122114e+00  2.345478548100441e+00  2.292142497933750e+00  2.373700421862691e-05 
 7.118028664512516e-05  2.348786850618884e+00  2.348778309371039e+00  2.295442301703296e+00  2.376997931354788e-05 
 7.128028664512517e-05  2.352086624117132e+00  2.352078070642633e+00  2.298742105478388e+00  2.380295390775825e-05 
 7.138028664512517e-05  2.355386397614359e+00  2.355377831913581e+00  2.302041909258854e+00  2.383592882526558e-05 
 7.148028664512517e-05  2.358686171109679e+00  2.358677593183293e+00  2.305341713044199e+00  2.386890435694829e-05 
 7.158028664512517e-05  2.361985944606685e+00  2.361977354454134e+00  2.308641516834641e+00  2.390187932419362e-05 
 7.168028664512518e-05  2.365285718103054e+00  2.365277115724581e+00  2.311941320630123e+00  2.393485448683818e-05 
 7.178028664512518e-05  2.368585491600999e+00  2.368576876996095e+00  2.315241124430561e+00  2.396782911391117e-05 
 7.188028664512518e-05  2.371885265096226e+00  2.371876638265837e+00  2.318540928236062e+00  2.400080462694213e-05 
 7.198028664512518e-05  2.375185038594596e+00  2.375176399537670e+00  2.321840732047083e+00  2.403377909059029e-05 
 7.208028664512519e-05  2.378484812089591e+00  2.378476160807300e+00  2.325140535862777e+00  2.406675465691195e-05 
 7.218028664512519e-05  2.381784585585137e+00  2.381775922077314e+00  2.328440339683516e+00  2.409973002739028e-05 
 7.228028664512519e-05  2.385084359080759e+00  2.385075683347410e+00  2.331740143508908e+00  2.413270535701239e-05 
 7.238028664512519e-05  2.388384132576968e+00  2.388375444617908e+00  2.335039947338977e+00  2.416568048457392e-05 
 7.248028664512520e-05  2.391683906072488e+00  2.391675205887970e+00  2.338339751174133e+00  2.419865582751870e-05 
 7.258028664512520e-05  2.394983679567454e+00  2.394974967157697e+00  2.341639555014221e+00  2.423163133744104e-05 
 7.268028664512520e-05  2.398283453063786e+00  2.398274728428345e+00  2.344939358858544e+00  2.426460638462242e-05 
 7.278028664512520e-05  2.401583226557906e+00  2.401574489697554e+00  2.348239162707481e+00  2.429758215078422e-05 
 7.288028664512520e-05  2.404883000053982e+00  2.404874250968073e+00  2.351538966561383e+00  2.433055725969401e-05 
 7.298028664512521e-05  2.408182773548526e+00  2.408174012237608e+00  2.354838770419824e+00  2.436353286021054e-05 
 7.308028664512521e-05  2.411482547043509e+00  2.411473773507447e+00  2.358138574282697e+00  2.439650830662812e-05 
 7.318028664512521e-05  2.414782320538818e+00  2.414773534777527e+00  2.361438378149928e+00  2.442948363136525e-05 
 7.328028664512521e-05  2.418082094032678e+00  2.418073296046675e+00  2.364738182022037e+00  2.446245942061970e-05 
 7.338028664512522e-05  2.421381867527568e+00  2.421373057316524e+00  2.368037985898705e+00  2.449543485771140e-05 
 7.348028664512522e-05  2.424681641022729e+00  2.424672818586571e+00  2.371337789779722e+00  2.452841019443895e-05 
 7.358028664512522e-05  2.427981414515836e+00  2.427972579855285e+00  2.374637593665085e+00  2.456138619685622e-05 
 7.368028664512522e-05  2.431281188009035e+00  2.431272341124078e+00  2.377937397554313e+00  2.459436215930546e-05 
 7.378028664512523e-05  2.434580961503570e+00  2.434572102393782e+00  2.381237201448206e+00  2.462733766301056e-05 
 7.388028664512523e-05  2.437880734997990e+00  2.437871863663424e+00  2.384537005346131e+00  2.466031319646961e-05 
 7.398028664512523e-05  2.441180508491014e+00  2.441171624932170e+00  2.387836809248688e+00  2.469328917712651e-05 
 7.408028664512523e-05  2.444480281983442e+00  2.444471386200541e+00  2.391136613155321e+00  2.472626534385679e-05 
 7.418028664512524e-05  2.447780055477554e+00  2.447771147470050e+00  2.394436417066325e+00  2.475924094037651e-05 
 7.428028664512524e-05  2.451079828970331e+00  2.451070908738694e+00  2.397736220981058e+00  2.479221696810687e-05 
 7.438028664512524e-05  2.454379602464331e+00  2.454370670008166e+00  2.401036024899993e+00  2.482519258061382e-05 
 7.448028664512524e-05  2.457679375956512e+00  2.457670431276456e+00  2.404335828823145e+00  2.485816878331532e-05 
 7.458028664512525e-05  2.460979149449362e+00  2.460970192545214e+00  2.407635632750639e+00  2.489114474887318e-05 
 7.468028664512525e-05  2.464278922941857e+00  2.464269953813760e+00  2.410935436681923e+00  2.492412082101246e-05 
 7.478028664512525e-05  2.467578696433864e+00  2.467569715082000e+00  2.414235240617029e+00  2.495709704369798e-05 
 7.488028664512525e-05  2.470878469927687e+00  2.470869476351460e+00  2.417535044556238e+00  2.499007265531674e-05 
 7.498028664512526e-05  2.474178243419420e+00  2.474169237619563e+00  2.420834848499740e+00  2.502304894328337e-05 
 7.508028664512526e-05  2.477478016911061e+00  2.477468998887629e+00  2.424134652447191e+00  2.505602525034583e-05 
 7.518028664512526e-05  2.480777790402970e+00  2.480768760155887e+00  2.427434456398304e+00  2.508900145837641e-05 
 7.528028664512526e-05  2.484077563894430e+00  2.484068521423869e+00  2.430734260353169e+00  2.512197780363055e-05 
 7.538028664512527e-05  2.487377337387096e+00  2.487368282692669e+00  2.434034064311617e+00  2.515495373899035e-05 
 7.548028664512527e-05  2.490677110879134e+00  2.490668043961080e+00  2.437333868274132e+00  2.518792986708486e-05 
 7.558028664512527e-05  2.493976884369828e+00  2.493967805228620e+00  2.440633672240442e+00  2.522090642949863e-05 
 7.568028664512527e-05  2.497276657861228e+00  2.497267566496646e+00  2.443933476210506e+00  2.525388274766332e-05 
 7.578028664512528e-05  2.500576431353427e+00  2.500567327765225e+00  2.447233280184062e+00  2.528685878782817e-05 
 7.588028664512528e-05  2.503876204843614e+00  2.503867089032485e+00  2.450533084161499e+00  2.531983548702141e-05 
 7.598028664512528e-05  2.507175978333960e+00  2.507166850299885e+00  2.453832888142356e+00  2.535281211471629e-05 
 7.608028664512528e-05  2.510475751824909e+00  2.510466611567693e+00  2.457132692126976e+00  2.538578853590968e-05 
 7.618028664512528e-05  2.513775525315959e+00  2.513766372835591e+00  2.460432496115564e+00  2.541876491091780e-05 
 7.628028664512529e-05  2.517075298806947e+00  2.517066134103467e+00  2.463732300108106e+00  2.545174129613998e-05 
 7.638028664512529e-05  2.520375072298521e+00  2.520365895371751e+00  2.467032104103843e+00  2.548471747708110e-05 
 7.648028664512529e-05  2.523674845786574e+00  2.523665656637725e+00  2.470331908103180e+00  2.551769481087782e-05 
 7.658028664512529e-05  2.526974619277120e+00  2.526965417905375e+00  2.473631712105802e+00  2.555067130534593e-05 
 7.668028664512530e-05  2.530274392767576e+00  2.530265179172977e+00  2.476931516112291e+00  2.558364782201851e-05 
 7.678028664512530e-05  2.533574166257575e+00  2.533564940440298e+00  2.480231320122278e+00  2.561662447857918e-05 
 7.688028664512530e-05  2.536873939748877e+00  2.536864701708502e+00  2.483531124135690e+00  2.564960069149474e-05 
 7.698028664512530e-05  2.540173713237340e+00  2.540164462974853e+00  2.486830928152618e+00  2.568257783078039e-05 
 7.708028664512531e-05  2.543473486726535e+00  2.543464224241704e+00  2.490130732172671e+00  2.571555471915563e-05 
 7.718028664512531e-05  2.546773260215913e+00  2.546763985508699e+00  2.493430536195868e+00  2.574853153292389e-05 
 7.728028664512531e-05  2.550073033706018e+00  2.550063746776191e+00  2.496730340222770e+00  2.578150809844627e-05 
 7.738028664512531e-05  2.553372807194576e+00  2.553363508042680e+00  2.500030144252714e+00  2.581448516401311e-05 
 7.748028664512532e-05  2.556672580683701e+00  2.556663269309568e+00  2.503329948286391e+00  2.584746202796344e-05 
 7.758028664512532e-05  2.559972354172918e+00  2.559963030576530e+00  2.506629752323497e+00  2.588043885327802e-05 
 7.768028664512532e-05  2.563272127662725e+00  2.563262791843901e+00  2.509929556363549e+00  2.591341547342338e-05 
 7.778028664512532e-05  2.566571901149164e+00  2.566562553109069e+00  2.513229360407002e+00  2.594639319402181e-05 
 7.788028664512533e-05  2.569871674639672e+00  2.569862314376944e+00  2.516529164453921e+00  2.597936955925996e-05 
 7.798028664512533e-05  2.573171448128632e+00  2.573162075643818e+00  2.519828968503763e+00  2.601234642498666e-05 
 7.808028664512533e-05  2.576471221616623e+00  2.576461836910064e+00  2.523128772556603e+00  2.604532360201988e-05 
 7.818028664512533e-05  2.579770995103403e+00  2.579761598175538e+00  2.526428576612614e+00  2.607830116629891e-05 
 7.828028664512534e-05  2.583070768592376e+00  2.583061359442481e+00  2.529728380671781e+00  2.611127799116940e-05 
 7.838028664512534e-05  2.586370542081089e+00  2.586361120709264e+00  2.533028184734252e+00  2.614425489819638e-05 
 7.848028664512534e-05  2.589670315568457e+00  2.589660881975183e+00  2.536327988800377e+00  2.617723223465764e-05 
 7.858028664512534e-05  2.592970089054271e+00  2.592960643240090e+00  2.539627792869090e+00  2.621021007560424e-05 
 7.868028664512535e-05  2.596269862543803e+00  2.596260404507478e+00  2.542927596941268e+00  2.624318667443331e-05 
 7.878028664512535e-05  2.599569636030370e+00  2.599560165772915e+00  2.546227401016717e+00  2.627616424892639e-05 
 7.888028664512535e-05  2.602869409517540e+00  2.602859927038780e+00  2.549527205094940e+00  2.630914160759210e-05 
 7.898028664512535e-05  2.606169183005244e+00  2.606159688305013e+00  2.552827009176223e+00  2.634211878062853e-05 
 7.908028664512536e-05  2.609468956492468e+00  2.609459449570949e+00  2.556126813260451e+00  2.637509610154667e-05 
 7.918028664512536e-05  2.612768729979239e+00  2.612759210836607e+00  2.559426617347691e+00  2.640807356057654e-05 
 7.928028664512536e-05  2.616068503466295e+00  2.616058972102464e+00  2.562726421437818e+00  2.644105091746590e-05 
 7.938028664512536e-05  2.619368276952986e+00  2.619358733368106e+00  2.566026225531052e+00  2.647402838182487e-05 
 7.948028664512537e-05  2.622668050438326e+00  2.622658494632871e+00  2.569326029627101e+00  2.650700628361167e-05 
 7.958028664512537e-05  2.625967823925298e+00  2.625958255898729e+00  2.572625833726407e+00  2.653998363783650e-05 
 7.968028664512537e-05  2.629267597412034e+00  2.629258017164456e+00  2.575925637828681e+00  2.657296105512199e-05 
 7.978028664512537e-05  2.632567370900094e+00  2.632557778431075e+00  2.579225441933617e+00  2.660593802609783e-05 
 7.988028664512537e-05  2.635867144385692e+00  2.635857539696080e+00  2.582525246041484e+00  2.663891580309559e-05 
 7.998028664512538e-05  2.639166917872275e+00  2.639157300961763e+00  2.585825050152022e+00  2.667189323947691e-05 
 8.008028664512538e-05  2.642466691357773e+00  2.642457062226737e+00  2.589124854265445e+00  2.670487102890917e-05 
 8.018028664512538e-05  2.645766464843138e+00  2.645756823491650e+00  2.592424658381671e+00  2.673784884853948e-05 
 8.028028664512538e-05  2.649066238328799e+00  2.649056584756775e+00  2.595724462500322e+00  2.677082656114430e-05 
 8.038028664512539e-05  2.652366011812126e+00  2.652356346020380e+00  2.599024266621505e+00  2.680380503269758e-05 
 8.048028664512539e-05  2.655665785301090e+00  2.655656107287718e+00  2.602324070746263e+00  2.683678163463528e-05 
 8.058028664512539e-05  2.658965558785761e+00  2.658955868552247e+00  2.605623874873334e+00  2.686975964167125e-05 
 8.068028664512539e-05  2.662265332271598e+00  2.662255629817555e+00  2.608923679002932e+00  2.690273725746462e-05 
 8.078028664512540e-05  2.665565105756440e+00  2.665555391082236e+00  2.612223483135573e+00  2.693571518589679e-05 
 8.088028664512540e-05  2.668864879241555e+00  2.668855152347110e+00  2.615523287271059e+00  2.696869301707342e-05 
 8.098028664512540e-05  2.672164652726662e+00  2.672154913611995e+00  2.618823091409138e+00  2.700167084114464e-05 
 8.108028664512540e-05  2.675464426211581e+00  2.675454674876770e+00  2.622122895550144e+00  2.703464871850655e-05 
 8.118028664512541e-05  2.678764199694478e+00  2.678754436140234e+00  2.625422699693599e+00  2.706762725001186e-05 
 8.128028664512541e-05  2.682063973180483e+00  2.682054197405761e+00  2.628722503839549e+00  2.710060474989795e-05 
 8.138028664512541e-05  2.685363746664375e+00  2.685353958669924e+00  2.632022307988125e+00  2.713358293101689e-05 
 8.148028664512541e-05  2.688663520149721e+00  2.688653719935050e+00  2.635322112139170e+00  2.716656062852267e-05 
 8.158028664512542e-05  2.691963293632783e+00  2.691953481198698e+00  2.638621916293070e+00  2.719953906410473e-05 
 8.168028664512542e-05  2.695263067118273e+00  2.695253242463959e+00  2.641921720449695e+00  2.723251669277669e-05 
 8.178028664512542e-05  2.698562840602023e+00  2.698553003728087e+00  2.645221524608508e+00  2.726549488633012e-05 
 8.188028664512542e-05  2.701862614085429e+00  2.701852764992009e+00  2.648521328769970e+00  2.729847318157998e-05 
 8.198028664512543e-05  2.705162387567412e+00  2.705152526255005e+00  2.651821132933827e+00  2.733145193912671e-05 
 8.208028664512543e-05  2.708462161052073e+00  2.708452287519795e+00  2.655120937100581e+00  2.736442979739278e-05 
 8.218028664512543e-05  2.711761934535776e+00  2.711752048783965e+00  2.658420741270042e+00  2.739740796563313e-05 
 8.228028664512543e-05  2.715061708019375e+00  2.715051810048080e+00  2.661720545441871e+00  2.743038615963066e-05 
 8.238028664512544e-05  2.718361481504028e+00  2.718351571312920e+00  2.665020349616446e+00  2.746336399036321e-05 
 8.248028664512544e-05  2.721661254985300e+00  2.721651332575536e+00  2.668320153793340e+00  2.749634293353922e-05 
 8.258028664512544e-05  2.724961028470580e+00  2.724951093840813e+00  2.671619957972500e+00  2.752932054222716e-05 
 8.268028664512544e-05  2.728260801952689e+00  2.728250855104019e+00  2.674919762154027e+00  2.756229918741932e-05 
 8.278028664512545e-05  2.731560575436765e+00  2.731550616368538e+00  2.678219566337805e+00  2.759527717358309e-05 
 8.288028664512545e-05  2.734860348919011e+00  2.734850377631871e+00  2.681519370524279e+00  2.762825575349414e-05 
 8.298028664512545e-05  2.738160122402034e+00  2.738150138895727e+00  2.684819174713269e+00  2.766123406872801e-05 
 8.308028664512545e-05  2.741459895882696e+00  2.741449900158043e+00  2.688118978904264e+00  2.769421315401258e-05 
 8.318028664512546e-05  2.744759669365599e+00  2.744749661421861e+00  2.691418783097711e+00  2.772719148701002e-05 
 8.328028664512546e-05  2.748059442849652e+00  2.748049422686453e+00  2.694718587293486e+00  2.776016943276168e-05 
 8.338028664512546e-05  2.751359216330781e+00  2.751349183949126e+00  2.698018391491802e+00  2.779314833596967e-05 
 8.348028664512546e-05  2.754658989815079e+00  2.754648945213912e+00  2.701318195692768e+00  2.782612618180124e-05 
 8.358028664512546e-05  2.757958763296499e+00  2.757948706476819e+00  2.704617999895733e+00  2.785910496643742e-05 
 8.368028664512547e-05  2.761258536778053e+00  2.761248467739824e+00  2.707917804101032e+00  2.789208369955924e-05 
 8.378028664512547e-05  2.764558310260938e+00  2.764548229003726e+00  2.711217608308680e+00  2.792506198459505e-05 
 8.388028664512547e-05  2.767858083741206e+00  2.767847990265919e+00  2.714517412518799e+00  2.795804112272623e-05 
 8.398028664512547e-05  2.771157857222022e+00  2.771147751528494e+00  2.717817216731229e+00  2.799102006901088e-05 
 8.408028664512548e-05  2.774457630705655e+00  2.774447512792935e+00  2.721117020945835e+00  2.802399808093182e-05 
 8.418028664512548e-05  2.777757404185901e+00  2.777747274055166e+00  2.724416825162705e+00  2.805697719685855e-05 
 8.428028664512548e-05  2.781057177667534e+00  2.781047035318320e+00  2.727716629381675e+00  2.808995584960023e-05 
 8.438028664512548e-05  2.784356951149119e+00  2.784346796581468e+00  2.731016433602338e+00  2.812293450500643e-05 
 8.448028664512549e-05  2.787656724629531e+00  2.787646557843853e+00  2.734316237825089e+00  2.815591354099709e-05 
 8.458028664512549e-05  2.790956498109745e+00  2.790946319106132e+00  2.737616042050321e+00  2.818889262850210e-05 
 8.468028664512549e-05  2.794256271592312e+00  2.794246080369966e+00  2.740915846278134e+00  2.822187093751874e-05 
 8.478028664512549e-05  2.797556045071698e+00  2.797545841631727e+00  2.744215650507929e+00  2.825485028259549e-05 
 8.488028664512550e-05  2.800855818553189e+00  2.800845602894893e+00  2.747515454740163e+00  2.828782892245858e-05 
 8.498028664512550e-05  2.804155592033242e+00  2.804145364157130e+00  2.750815258974455e+00  2.832080802817125e-05 
 8.508028664512550e-05  2.807455365513625e+00  2.807445125419592e+00  2.754115063210549e+00  2.835378701797663e-05 
 8.518028664512550e-05  2.810755138994288e+00  2.810744886682258e+00  2.757414867448663e+00  2.838676590564151e-05 
 8.528028664512551e-05  2.814054912473888e+00  2.814044647944240e+00  2.760714671688483e+00  2.841974513436689e-05 
 8.538028664512551e-05  2.817354685952955e+00  2.817344409205889e+00  2.764014475930479e+00  2.845272452962573e-05 
 8.548028664512551e-05  2.820654459434917e+00  2.820644170469458e+00  2.767314280175329e+00  2.848570296209914e-05 
 8.558028664512551e-05  2.823954232913834e+00  2.823943931731037e+00  2.770614084421828e+00  2.851868239066467e-05 
 8.568028664512552e-05  2.827254006393686e+00  2.827243692993251e+00  2.773913888670159e+00  2.855166149859779e-05 
 8.578028664512552e-05  2.830553779874048e+00  2.830543454255818e+00  2.777213692920971e+00  2.858464042978340e-05 
 8.588028664512552e-05  2.833853553353769e+00  2.833843215517980e+00  2.780513497173894e+00  2.861761956302960e-05 
 8.598028664512552e-05  2.837153326833393e+00  2.837142976780085e+00  2.783813301428577e+00  2.865059872247707e-05 
 8.608028664512553e-05  2.840453100311716e+00  2.840442738041350e+00  2.787113105685187e+00  2.868357830247702e-05 
 8.618028664512553e-05  2.843752873791328e+00  2.843742499303484e+00  2.790412909943636e+00  2.871655744593727e-05 
 8.628028664512553e-05  2.847052647271417e+00  2.847042260565947e+00  2.793712714204206e+00  2.874953642419634e-05 
 8.638028664512553e-05  2.850352420749765e+00  2.850342021827283e+00  2.797012518466556e+00  2.878251596511643e-05 
 8.648028664512554e-05  2.853652194229561e+00  2.853641783089583e+00  2.800312322731301e+00  2.881549502197929e-05 
 8.658028664512554e-05  2.856951967707636e+00  2.856941544350761e+00  2.803612126997942e+00  2.884847464061499e-05 
 8.668028664512554e-05  2.860251741186560e+00  2.860241305612523e+00  2.806911931266760e+00  2.888145396393138e-05 
 8.678028664512554e-05  2.863551514666127e+00  2.863541066874720e+00  2.810211735537586e+00  2.891443307008814e-05 
 8.688028664512555e-05  2.866851288144098e+00  2.866840828135878e+00  2.813511539810049e+00  2.894741269538519e-05 
 8.698028664512555e-05  2.870151061623290e+00  2.870140589397864e+00  2.816811344084351e+00  2.898039190545883e-05 
 8.708028664512555e-05  2.873450835101534e+00  2.873440350659239e+00  2.820111148360892e+00  2.901337141928948e-05 
 8.718028664512555e-05  2.876750608579137e+00  2.876740111920203e+00  2.823410952639530e+00  2.904635113828935e-05 
 8.728028664512555e-05  2.880050382059183e+00  2.880039873182795e+00  2.826710756919955e+00  2.907933004194143e-05 
 8.738028664512556e-05  2.883350155537179e+00  2.883339634444048e+00  2.830010561202193e+00  2.911230961439186e-05 
 8.748028664512556e-05  2.886649929014565e+00  2.886639395704910e+00  2.833310365486030e+00  2.914528938090927e-05 
 8.758028664512556e-05  2.889949702492089e+00  2.889939156965888e+00  2.836610169771809e+00  2.917826908791874e-05 
 8.768028664512556e-05  2.893249475969815e+00  2.893238918227015e+00  2.839909974059263e+00  2.921124872076530e-05 
 8.778028664512557e-05  2.896549249448280e+00  2.896538679488636e+00  2.843209778348642e+00  2.924422810447782e-05 
 8.788028664512557e-05  2.899849022926103e+00  2.899838440749852e+00  2.846509582639591e+00  2.927720769069501e-05 
 8.798028664512557e-05  2.903148796403352e+00  2.903138202010707e+00  2.849809386932618e+00  2.931018745543607e-05 
 8.808028664512557e-05  2.906448569881516e+00  2.906437963272178e+00  2.853109191227392e+00  2.934316691197920e-05 
 8.818028664512558e-05  2.909748343357864e+00  2.909737724532468e+00  2.856408995524004e+00  2.937614695871691e-05 
 8.828028664512558e-05  2.913048116834244e+00  2.913037485792787e+00  2.859708799822358e+00  2.940912698813514e-05 
 8.838028664512558e-05  2.916347890313456e+00  2.916337247054997e+00  2.863008604122703e+00  2.944210607208744e-05 
 8.848028664512558e-05  2.919647663789817e+00  2.919637008315348e+00  2.866308408424653e+00  2.947508608640662e-05 
 8.858028664512559e-05  2.922947437266427e+00  2.922936769575869e+00  2.869608212728422e+00  2.950806601235207e-05 
 8.868028664512559e-05  2.926247210743310e+00  2.926236530836585e+00  2.872908017033910e+00  2.954104583970971e-05 
 8.878028664512559e-05  2.929546984220257e+00  2.929536292097354e+00  2.876207821341361e+00  2.957402564042199e-05 
 8.888028664512559e-05  2.932846757696959e+00  2.932836053357988e+00  2.879507625650406e+00  2.960700550819176e-05 
 8.898028664512560e-05  2.936146531174270e+00  2.936135814619028e+00  2.882807429961300e+00  2.963998517123638e-05 
 8.908028664512560e-05  2.939446304652988e+00  2.939435575881017e+00  2.886107234273911e+00  2.967296435777329e-05 
 8.918028664512560e-05  2.942746078127176e+00  2.942735337140039e+00  2.889407038588166e+00  2.970594503023269e-05 
 8.928028664512560e-05  2.946045851603784e+00  2.946035098400657e+00  2.892706842903932e+00  2.973892490066698e-05 
 8.938028664512561e-05  2.949345625079999e+00  2.949334859661034e+00  2.896006647221385e+00  2.977190489189353e-05 
 8.948028664512561e-05  2.952645398555982e+00  2.952634620921278e+00  2.899306451541133e+00  2.980488494840120e-05 
 8.958028664512561e-05  2.955945172033188e+00  2.955934382182345e+00  2.902606255862101e+00  2.983786459146182e-05 
 8.968028664512561e-05  2.959244945508019e+00  2.959234143441854e+00  2.905906060184901e+00  2.987084501389900e-05 
 8.978028664512562e-05  2.962544718981887e+00  2.962533904700742e+00  2.909205864509348e+00  2.990382574586636e-05 
 8.988028664512562e-05  2.965844492459037e+00  2.965833665961812e+00  2.912505668835285e+00  2.993680538537426e-05 
 8.998028664512562e-05  2.969144265936018e+00  2.969133427222791e+00  2.915805473162880e+00  2.996978506973517e-05 
 9.008028664512562e-05  2.972444039410706e+00  2.972433188482266e+00  2.919105277492305e+00  3.000276550593911e-05 
 9.018028664512563e-05  2.975743812887976e+00  2.975732949743463e+00  2.922405081823526e+00  3.003574507794546e-05 
 9.028028664512563e-05  2.979043586361294e+00  2.979032711002060e+00  2.925704886155845e+00  3.006872595202136e-05 
 9.038028664512563e-05  2.982343359837254e+00  2.982332472262419e+00  2.929004690490391e+00  3.010170594280383e-05 
 9.048028664512563e-05  2.985643133312690e+00  2.985632233522443e+00  2.932304494826014e+00  3.013468609967566e-05 
 9.058028664512563e-05  2.988942906788448e+00  2.988931994782698e+00  2.935604299163724e+00  3.016766614019612e-05 
 9.068028664512564e-05  2.992242680262751e+00  2.992231756042001e+00  2.938904103502579e+00  3.020064665633612e-05 
 9.078028664512564e-05  2.995542453737381e+00  2.995531517301545e+00  2.942203907843461e+00  3.023362705079568e-05 
 9.088028664512564e-05  2.998842227213674e+00  2.998831278562192e+00  2.945503712186135e+00  3.026660689280826e-05 
 9.098028664512564e-05  3.002142000688306e+00  3.002131039821761e+00  2.948803516529952e+00  3.029958727261287e-05 
 9.108028664512565e-05  3.005441774160784e+00  3.005430801079919e+00  2.952103320875187e+00  3.033256835807525e-05 
 9.118028664512565e-05  3.008741547636241e+00  3.008730562340053e+00  2.955403125222359e+00  3.036554845366277e-05 
 9.128028664512565e-05  3.012041321111382e+00  3.012030323599998e+00  2.958702929571038e+00  3.039852864295311e-05 
 9.138028664512565e-05  3.015341094585875e+00  3.015330084859537e+00  2.962002733920659e+00  3.043150903474813e-05 
 9.148028664512566e-05  3.018640868059663e+00  3.018629846118615e+00  2.965302538272355e+00  3.046448965524910e-05 
 9.158028664512566e-05  3.021940641534587e+00  3.021929607378470e+00  2.968602342625067e+00  3.049746988761609e-05 
 9.168028664512566e-05  3.025240415007017e+00  3.025229368636673e+00  2.971902146979426e+00  3.053045094465676e-05 
 9.178028664512566e-05  3.028540188481210e+00  3.028529129896065e+00  2.975201951335342e+00  3.056343140617378e-05 
 9.188028664512567e-05  3.031839961957843e+00  3.031828891157081e+00  2.978501755692617e+00  3.059641105411938e-05 
 9.198028664512567e-05  3.035139735429539e+00  3.035128652414851e+00  2.981801560051053e+00  3.062939232476694e-05 
 9.208028664512567e-05  3.038439508906259e+00  3.038428413675948e+00  2.985101364411420e+00  3.066237193096816e-05 
 9.218028664512567e-05  3.041739282376990e+00  3.041728174933110e+00  2.988401168772934e+00  3.069535350448457e-05 
 9.228028664512568e-05  3.045039055852809e+00  3.045027936193650e+00  2.991700973136248e+00  3.072833338690926e-05 
 9.238028664512568e-05  3.048338829325246e+00  3.048327697451962e+00  2.995000777500572e+00  3.076131438355379e-05 
 9.248028664512568e-05  3.051638602798519e+00  3.051627458710840e+00  2.998300581866252e+00  3.079429509509305e-05 
 9.258028664512568e-05  3.054938376272544e+00  3.054927219970233e+00  3.001600386233723e+00  3.082727554906057e-05 
 9.268028664512569e-05  3.058238149745014e+00  3.058226981228619e+00  3.004900190602469e+00  3.086025650573707e-05 
 9.278028664512569e-05  3.061537923219138e+00  3.061526742488096e+00  3.008199994972975e+00  3.089323691618383e-05 
 9.288028664512569e-05  3.064837696692483e+00  3.064826503747080e+00  3.011499799344723e+00  3.092621757132375e-05 
 9.298028664512569e-05  3.068137470166135e+00  3.068126265006275e+00  3.014799603717917e+00  3.095919812121454e-05 
 9.308028664512570e-05  3.071437243637551e+00  3.071426026264012e+00  3.018099408092781e+00  3.099217939852345e-05 
 9.318028664512570e-05  3.074737017110055e+00  3.074725787522485e+00  3.021399212469094e+00  3.102516030812649e-05 
 9.328028664512570e-05  3.078036790582740e+00  3.078025548781083e+00  3.024699016847010e+00  3.105814115200433e-05 
 9.338028664512570e-05  3.081336564057740e+00  3.081325310041227e+00  3.027998821226134e+00  3.109112122405512e-05 
 9.348028664512571e-05  3.084636337528178e+00  3.084625071298378e+00  3.031298625606440e+00  3.112410279135428e-05 
 9.358028664512571e-05  3.087936111001306e+00  3.087924832557312e+00  3.034598429987855e+00  3.115708346603413e-05 
 9.368028664512571e-05  3.091235884473816e+00  3.091224593815855e+00  3.037898234371170e+00  3.119006433522505e-05 
 9.378028664512571e-05  3.094535657945905e+00  3.094524355074130e+00  3.041198038755332e+00  3.122304533764274e-05 
 9.388028664512572e-05  3.097835431418813e+00  3.097824116332958e+00  3.044497843141272e+00  3.125602606250467e-05 
 9.398028664512572e-05  3.101135204891778e+00  3.101123877591840e+00  3.047797647528773e+00  3.128900675983307e-05 
 9.408028664512572e-05  3.104434978362537e+00  3.104423638849279e+00  3.051097451917185e+00  3.132198817791826e-05 
 9.418028664512572e-05  3.107734751833401e+00  3.107723400106793e+00  3.054397256306496e+00  3.135496955736769e-05 
 9.428028664512572e-05  3.111034525306883e+00  3.111023161366054e+00  3.057697060697204e+00  3.138795006240545e-05 
 9.438028664512573e-05  3.114334298777983e+00  3.114322922623763e+00  3.060996865089653e+00  3.142093134326708e-05 
 9.448028664512573e-05  3.117634072248915e+00  3.117622683881368e+00  3.064296669483541e+00  3.145391267475487e-05 
 9.458028664512573e-05  3.120933845722415e+00  3.120922445140682e+00  3.067596473878313e+00  3.148689315092684e-05 
 9.468028664512573e-05  3.124233619194136e+00  3.124222206398831e+00  3.070896278274792e+00  3.151987420885568e-05 
 9.478028664512574e-05  3.127533392664802e+00  3.127521967656301e+00  3.074196082672757e+00  3.155285560562459e-05 
 9.488028664512574e-05  3.130833166136973e+00  3.130821728914778e+00  3.077495887071516e+00  3.158583649701997e-05 
 9.498028664512574e-05  3.134132939608042e+00  3.134121490172541e+00  3.080795691471356e+00  3.161881774635127e-05 
 9.508028664512574e-05  3.137432713079693e+00  3.137421251430699e+00  3.084095495872542e+00  3.165179879628650e-05 
 9.518028664512575e-05  3.140732486550071e+00  3.140721012688029e+00  3.087395300275450e+00  3.168478025878061e-05 
 9.528028664512575e-05  3.144032260021290e+00  3.144020773945922e+00  3.090695104679654e+00  3.171776143927807e-05 
 9.538028664512575e-05  3.147332033491629e+00  3.147320535203261e+00  3.093994909084430e+00  3.175074289733128e-05 
 9.548028664512575e-05  3.150631806963157e+00  3.150620296461387e+00  3.097294713491039e+00  3.178372395970102e-05 
 9.558028664512576e-05  3.153931580433765e+00  3.153920057718924e+00  3.100594517898918e+00  3.181670531605780e-05 
 9.568028664512576e-05  3.157231353904216e+00  3.157219818976372e+00  3.103894322307478e+00  3.184968671637942e-05 
 9.578028664512576e-05  3.160531127374179e+00  3.160519580233504e+00  3.107194126717770e+00  3.188266827302043e-05 
 9.588028664512576e-05  3.163830900847277e+00  3.163819341492719e+00  3.110493931129676e+00  3.191564878782818e-05 
 9.598028664512577e-05  3.167130674314691e+00  3.167119102748197e+00  3.113793735542166e+00  3.194863117136332e-05 
 9.608028664512577e-05  3.170430447786487e+00  3.170418864006581e+00  3.117093539955699e+00  3.198161209917401e-05 
 9.618028664512577e-05  3.173730221256097e+00  3.173718625263542e+00  3.120393344370391e+00  3.201459373930380e-05 
 9.628028664512577e-05  3.177029994728007e+00  3.177018386522021e+00  3.123693148786821e+00  3.204757461870878e-05 
 9.638028664512578e-05  3.180329768196465e+00  3.180318147778238e+00  3.126992953204328e+00  3.208055662876488e-05 
 9.648028664512578e-05  3.183629541666233e+00  3.183617909035332e+00  3.130292757623187e+00  3.211353819917268e-05 
 9.658028664512578e-05  3.186929315137070e+00  3.186917670293148e+00  3.133592562042888e+00  3.214651940764776e-05 
 9.668028664512578e-05  3.190229088608560e+00  3.190217431551406e+00  3.136892366463609e+00  3.217950039407823e-05 
 9.678028664512579e-05  3.193528862076701e+00  3.193517192807471e+00  3.140192170885574e+00  3.221248247785314e-05 
 9.688028664512579e-05  3.196828635545842e+00  3.196816954064202e+00  3.143491975308438e+00  3.224546422589661e-05 
 9.698028664512579e-05  3.200128409018574e+00  3.200116715323319e+00  3.146791779732431e+00  3.227844478067238e-05 
 9.708028664512579e-05  3.203428182486759e+00  3.203416476579442e+00  3.150091584157629e+00  3.231142683247287e-05 
 9.718028664512580e-05  3.206727955954607e+00  3.206716237835356e+00  3.153391388584469e+00  3.234440898730206e-05 
 9.728028664512580e-05  3.210027729423963e+00  3.210015999092286e+00  3.156691193012455e+00  3.237739063320501e-05 
 9.738028664512580e-05  3.213327502893839e+00  3.213315760349560e+00  3.159990997441920e+00  3.241037210635727e-05 
 9.748028664512580e-05  3.216627276364736e+00  3.216615521607528e+00  3.163290801872336e+00  3.244335323223175e-05 
 9.758028664512581e-05  3.219927049834325e+00  3.219915282864642e+00  3.166590606303651e+00  3.247633478398780e-05 
 9.768028664512581e-05  3.223226823303330e+00  3.223215044121388e+00  3.169890410736237e+00  3.250931651870859e-05 
 9.778028664512581e-05  3.226526596772602e+00  3.226514805378314e+00  3.173190215169511e+00  3.254229816239109e-05 
 9.788028664512581e-05  3.229826370240803e+00  3.229814566634552e+00  3.176490019603765e+00  3.257528015024273e-05 
 9.798028664512581e-05  3.233126143709270e+00  3.233114327890978e+00  3.179789824039342e+00  3.260826204261520e-05 
 9.808028664512582e-05  3.236425917180109e+00  3.236414089148979e+00  3.183089628476612e+00  3.264124314584114e-05 
 9.818028664512582e-05  3.239725690647943e+00  3.239713850405013e+00  3.186389432914931e+00  3.267422523450104e-05 
 9.828028664512582e-05  3.243025464115517e+00  3.243013611660886e+00  3.189689237354386e+00  3.270720740132063e-05 
 9.838028664512582e-05  3.246325237586185e+00  3.246313372918805e+00  3.192989041794748e+00  3.274018854407051e-05 
 9.848028664512583e-05  3.249625011051136e+00  3.249613134172979e+00  3.196288846235639e+00  3.277317155821232e-05 
 9.858028664512583e-05  3.252924784522998e+00  3.252912895431713e+00  3.199588650677849e+00  3.280615229195603e-05 
 9.868028664512583e-05  3.256224557991252e+00  3.256212656688084e+00  3.202888455121419e+00  3.283913420697706e-05 
 9.878028664512583e-05  3.259524331456954e+00  3.259512417942775e+00  3.206188259565907e+00  3.287211695999441e-05 
 9.888028664512584e-05  3.262824104926419e+00  3.262812179199966e+00  3.209488064011709e+00  3.290509846334473e-05 
 9.898028664512584e-05  3.266123878393932e+00  3.266111940455883e+00  3.212787868457931e+00  3.293808060307488e-05 
 9.908028664512584e-05  3.269423651862978e+00  3.269411701712825e+00  3.216087672905657e+00  3.297106222899382e-05 
 9.918028664512584e-05  3.272723425330707e+00  3.272711462968906e+00  3.219387477354514e+00  3.300404428479112e-05 
 9.928028664512585e-05  3.276023198799896e+00  3.276011224225971e+00  3.222687281803884e+00  3.303702584853756e-05 
 9.938028664512585e-05  3.279322972265797e+00  3.279310985480866e+00  3.225987086254605e+00  3.307000849541759e-05 
 9.948028664512585e-05  3.282622745735752e+00  3.282610746738452e+00  3.229286890706585e+00  3.310298979581914e-05 
 9.958028664512585e-05  3.285922519201071e+00  3.285910507992993e+00  3.232586695159637e+00  3.313597261944667e-05 
 9.968028664512586e-05  3.289222292668196e+00  3.289210269248732e+00  3.235886499613350e+00  3.316895484133334e-05 
 9.978028664512586e-05  3.292522066137434e+00  3.292510030505894e+00  3.239186304067880e+00  3.320193635267726e-05 
 9.988028664512586e-05  3.295821839605025e+00  3.295809791761970e+00  3.242486108523395e+00  3.323491840536593e-05 
 9.994014332256293e-05  3.297796974364529e+00  3.297784919212460e+00  3.244461261832797e+00  3.325466074464767e-05 
 9.999999999999999e-05  3.299772109123166e+00  3.299760046662386e+00  3.246436415143064e+00  3.327440336049964e-05 
 1.000001832532764e-04  3.299772695338351e+00  3.299760782371909e+00  3.246442358783704e+00  3.317331147797442e-05 
 1.000005497598292e-04  3.299772859292941e+00  3.299760951970278e+00  3.246454228148297e+00  3.314264411968936e-05 
 1.000007952125837e-04  3.299772848691189e+00  3.299760922223757e+00  3.246462170931874e+00  3.314317193544846e-05 
 1.000009400017867e-04  3.299772845752071e+00  3.299760915453439e+00  3.246466854605207e+00  3.314343676930671e-05 
 1.000010679660673e-04  3.299772845859177e+00  3.299760914902286e+00  3.246470993122733e+00  3.314337508680876e-05 
 1.000011972753254e-04  3.299772846275298e+00  3.299760915212977e+00  3.246475174340788e+00  3.314329714558851e-05 
 1.000013539435614e-04  3.299772846577214e+00  3.299760915401859e+00  3.246480239210661e+00  3.314323887367149e-05 
 1.000015938768094e-04  3.299772846908239e+00  3.299760915526671e+00  3.246487993953444e+00  3.314316749373669e-05 
 1.000019954901796e-04  3.299772847406116e+00  3.299760915721301e+00  3.246500969388085e+00  3.314305429997397e-05 
 1.000026186663937e-04  3.299772848001178e+00  3.299760915990406e+00  3.246521092306512e+00  3.314291359784095e-05 
 1.000034923471691e-04  3.299772848549405e+00  3.299760916267623e+00  3.246549284657589e+00  3.314277773931041e-05 
 1.000047738466391e-04  3.299772849106992e+00  3.299760916572033e+00  3.246590600497050e+00  3.314263363157049e-05 
 1.000069082256743e-04  3.299772849887049e+00  3.299760917007081e+00  3.246659329507395e+00  3.314242902715661e-05 
 1.000111769837449e-04  3.299772851345440e+00  3.299760917816750e+00  3.246796504659648e+00  3.314204709299164e-05 
 1.000197144998859e-04  3.299772854179270e+00  3.299760919387381e+00  3.247069782260087e+00  3.314130543499303e-05 
 1.000367895321679e-04  3.299772859805612e+00  3.299760922506975e+00  3.247612124253746e+00  3.313983220825661e-05 
 1.000709395967320e-04  3.299772870905583e+00  3.299760928660697e+00  3.248680191723027e+00  3.313692619349457e-05 
 1.001392397258602e-04  3.299772892437276e+00  3.299760940597139e+00  3.250751637146436e+00  3.313128938517701e-05 
 1.002392397258602e-04  3.299772922414514e+00  3.299760957215865e+00  3.253635367011818e+00  3.312344138356248e-05 
 1.003392397258602e-04  3.299772950636615e+00  3.299760972861426e+00  3.256350438279827e+00  3.311605297615277e-05 
 1.004392397258602e-04  3.299772977199791e+00  3.299760987587101e+00  3.258906136512454e+00  3.310909901384881e-05 
 1.005392397258602e-04  3.299773002203861e+00  3.299761001448707e+00  3.261311620224486e+00  3.310255305228967e-05 
 1.006392397258602e-04  3.299773025737376e+00  3.299761014495064e+00  3.263575651857421e+00  3.309639208321338e-05 
 1.007392397258602e-04  3.299773047886829e+00  3.299761026774140e+00  3.265706526948122e+00  3.309059345096478e-05 
 1.008392397258602e-04  3.299773068732504e+00  3.299761038330348e+00  3.267712069559265e+00  3.308513620030629e-05 
 1.009392397258602e-04  3.299773088352903e+00  3.299761049207392e+00  3.269599649109483e+00  3.307999965888516e-05 
 1.010392397258602e-04  3.299773106818180e+00  3.299761059443961e+00  3.271376203410729e+00  3.307516559195431e-05 
 1.011392397258603e-04  3.299773124197682e+00  3.299761069078648e+00  3.273048262799484e+00  3.307061574789131e-05 
 1.012392397258603e-04  3.299773140555657e+00  3.299761078147116e+00  3.274621973679702e+00  3.306633327883968e-05 
 1.013392397258603e-04  3.299773155950517e+00  3.299761086681557e+00  3.276103120964517e+00  3.306230301426790e-05 
 1.014392397258603e-04  3.299773170439603e+00  3.299761094713848e+00  3.277497149295770e+00  3.305850988711724e-05 
 1.015392397258603e-04  3.299773184076629e+00  3.299761102273798e+00  3.278809183044798e+00  3.305493981176611e-05 
 1.016392397258603e-04  3.299773196912176e+00  3.299761109389502e+00  3.280044045150144e+00  3.305157951349986e-05 
 1.017392397258603e-04  3.299773208992260e+00  3.299761116086349e+00  3.281206274847722e+00  3.304841702411426e-05 
 1.018392397258603e-04  3.299773220361874e+00  3.299761122389344e+00  3.282300144361212e+00  3.304544052373088e-05 
 1.019392397258603e-04  3.299773231062355e+00  3.299761128321348e+00  3.283329674610996e+00  3.304263922497869e-05 
 1.020392397258603e-04  3.299773241134303e+00  3.299761133905001e+00  3.284298649997074e+00  3.304000241464961e-05 
 1.021392397258603e-04  3.299773250613279e+00  3.299761139159873e+00  3.285210632311759e+00  3.303752087656024e-05 
 1.022392397258603e-04  3.299773259535363e+00  3.299761144106090e+00  3.286068973836219e+00  3.303518508455293e-05 
 1.023392397258603e-04  3.299773267932394e+00  3.299761148761197e+00  3.286876829666721e+00  3.303298677101887e-05 
 1.024392397258603e-04  3.299773275835300e+00  3.299761153142346e+00  3.287637169311971e+00  3.303091783488263e-05 
 1.025392397258603e-04  3.299773283274085e+00  3.299761157266288e+00  3.288352787611804e+00  3.302897034693142e-05 
 1.026392397258603e-04  3.299773290274057e+00  3.299761161146818e+00  3.289026315011844e+00  3.302713783145633e-05 
 1.027392397258603e-04  3.299773296862849e+00  3.299761164799463e+00  3.289660227232832e+00  3.302541292146146e-05 
 1.028392397258603e-04  3.299773303064327e+00  3.299761168237418e+00  3.290256854374223e+00  3.302378939037200e-05 
 1.029392397258603e-04  3.299773308900662e+00  3.299761171472905e+00  3.290818389477353e+00  3.302226148057132e-05 
 1.030392397258603e-04  3.299773314392875e+00  3.299761174517527e+00  3.291346896591197e+00  3.302082371910400e-05 
 1.031392397258603e-04  3.299773319563077e+00  3.299761177383758e+00  3.291844318357205e+00  3.301947018048771e-05 
 1.032392397258603e-04  3.299773324429496e+00  3.299761180081600e+00  3.292312483151630e+00  3.301819615426820e-05 
 1.033392397258603e-04  3.299773329009372e+00  3.299761182620570e+00  3.292753111807316e+00  3.301699716002940e-05 
 1.034392397258603e-04  3.299773333320139e+00  3.299761185010378e+00  3.293167823939422e+00  3.301586860055983e-05 
 1.035392397258603e-04  3.299773337376602e+00  3.299761187259120e+00  3.293558143899049e+00  3.301480667090313e-05 
 1.036392397258603e-04  3.299773341194858e+00  3.299761189375860e+00  3.293925506375519e+00  3.301380707183164e-05 
 1.037392397258603e-04  3.299773344789080e+00  3.299761191368452e+00  3.294271261673458e+00  3.301286608809504e-05 
 1.038392397258603e-04  3.299773348171288e+00  3.299761193243443e+00  3.294596680673646e+00  3.301198065192505e-05 
 1.039392397258603e-04  3.299773351355224e+00  3.299761195008583e+00  3.294902959505399e+00  3.301114707960168e-05 
 1.040392397258603e-04  3.299773354350900e+00  3.299761196669256e+00  3.295191223943317e+00  3.301036285891227e-05 
 1.041392397258603e-04  3.299773357171512e+00  3.299761198233001e+00  3.295462533547859e+00  3.300962438918150e-05 
 1.042392397258603e-04  3.299773359825603e+00  3.299761199704361e+00  3.295717885556165e+00  3.300892955965334e-05 
 1.043392397258603e-04  3.299773362322626e+00  3.299761201088542e+00  3.295958218549858e+00  3.300827591629083e-05 
 1.044392397258603e-04  3.299773364673795e+00  3.299761202391976e+00  3.296184415906652e+00  3.300766038599662e-05 
 1.045392397258603e-04  3.299773366887351e+00  3.299761203619203e+00  3.296397309044487e+00  3.300708083092526e-05 
 1.046392397258603e-04  3.299773368970306e+00  3.299761204773967e+00  3.296597680480249e+00  3.300653550269754e-05 
 1.047392397258603e-04  3.299773370930454e+00  3.299761205860628e+00  3.296786266703620e+00  3.300602234251585e-05 
 1.048392397258603e-04  3.299773372775277e+00  3.299761206883348e+00  3.296963760887055e+00  3.300553937729185e-05 
 1.049392397258603e-04  3.299773374511866e+00  3.299761207846094e+00  3.297130815431752e+00  3.300508472897226e-05 
 1.050392397258603e-04  3.299773376146679e+00  3.299761208752454e+00  3.297288044366029e+00  3.300465670158040e-05 
 1.051392397258603e-04  3.299773377684466e+00  3.299761209604927e+00  3.297436025602341e+00  3.300425413826386e-05 
 1.052392397258604e-04  3.299773379132256e+00  3.299761210407564e+00  3.297575303062237e+00  3.300387510101733e-05 
 1.053392397258604e-04  3.299773380494811e+00  3.299761211162938e+00  3.297706388675580e+00  3.300351838458271e-05 
 1.054392397258604e-04  3.299773381776961e+00  3.299761211873705e+00  3.297829764261819e+00  3.300318273840475e-05 
 1.055392397258604e-04  3.299773382984328e+00  3.299761212543086e+00  3.297945883301247e+00  3.300286662415844e-05 
 1.056392397258604e-04  3.299773384119753e+00  3.299761213172483e+00  3.298055172599953e+00  3.300256940946076e-05 
 1.057392397258604e-04  3.299773385188663e+00  3.299761213765036e+00  3.298158033862671e+00  3.300228958840518e-05 
 1.058392397258604e-04  3.299773386194435e+00  3.299761214322564e+00  3.298254845165894e+00  3.300202631233722e-05 
 1.059392397258604e-04  3.299773387141838e+00  3.299761214847808e+00  3.298345962349114e+00  3.300177826630874e-05 
 1.060392397258604e-04  3.299773388033443e+00  3.299761215342122e+00  3.298431720322655e+00  3.300154482903892e-05 
 1.061392397258604e-04  3.299773388872159e+00  3.299761215807059e+00  3.298512434297583e+00  3.300132527222145e-05 
 1.062392397258604e-04  3.299773389661830e+00  3.299761216244844e+00  3.298588400946377e+00  3.300111853270679e-05 
 1.063392397258604e-04  3.299773390404887e+00  3.299761216656771e+00  3.298659899491173e+00  3.300092400697768e-05 
 1.064392397258604e-04  3.299773391103828e+00  3.299761217044191e+00  3.298727192730837e+00  3.300074106220700e-05 
 1.065392397258604e-04  3.299773391761889e+00  3.299761217408980e+00  3.298790528008073e+00  3.300056880044636e-05 
 1.066392397258604e-04  3.299773392381667e+00  3.299761217752588e+00  3.298850138117004e+00  3.300040653246931e-05 
 1.067392397258604e-04  3.299773392964731e+00  3.299761218075814e+00  3.298906242159653e+00  3.300025389456679e-05 
 1.068392397258604e-04  3.299773393513774e+00  3.299761218380212e+00  3.298959046351923e+00  3.300011014288937e-05 
 1.069392397258604e-04  3.299773394030556e+00  3.299761218666729e+00  3.299008744779612e+00  3.299997483468012e-05 
 1.070392397258604e-04  3.299773394516228e+00  3.299761218935917e+00  3.299055520113475e+00  3.299984772480177e-05 
 1.071392397258604e-04  3.299773394974341e+00  3.299761219189941e+00  3.299099544281086e+00  3.299972775498975e-05 
 1.072392397258604e-04  3.299773395404928e+00  3.299761219428639e+00  3.299140979096206e+00  3.299961503449001e-05 
 1.073392397258604e-04  3.299773395810516e+00  3.299761219653513e+00  3.299179976856004e+00  3.299950883632849e-05 
 1.074392397258604e-04  3.299773396191831e+00  3.299761219864885e+00  3.299216680899558e+00  3.299940902194937e-05 
 1.075392397258604e-04  3.299773396551188e+00  3.299761220064137e+00  3.299251226136330e+00  3.299931492255431e-05 
 1.076392397258604e-04  3.299773396888838e+00  3.299761220251286e+00  3.299283739539546e+00  3.299922654924552e-05 
 1.077392397258604e-04  3.299773397206816e+00  3.299761220427562e+00  3.299314340614806e+00  3.299914330649939e-05 
 1.078392397258604e-04  3.299773397506421e+00  3.299761220593681e+00  3.299343141839148e+00  3.299906485414356e-05 
 1.079392397258604e-04  3.299773397788500e+00  3.299761220750090e+00  3.299370249073436e+00  3.299899098700883e-05 
 1.080392397258604e-04  3.299773398053418e+00  3.299761220896925e+00  3.299395761953417e+00  3.299892165047223e-05 
 1.081392397258604e-04  3.299773398302979e+00  3.299761221035279e+00  3.299419774252851e+00  3.299885631517942e-05 
 1.082392397258604e-04  3.299773398537899e+00  3.299761221165511e+00  3.299442374230593e+00  3.299879481459694e-05 
 1.083392397258604e-04  3.299773398759157e+00  3.299761221288190e+00  3.299463644954690e+00  3.299873687738627e-05 
 1.084392397258604e-04  3.299773398967229e+00  3.299761221403542e+00  3.299483664608109e+00  3.299868240407145e-05 
 1.085392397258604e-04  3.299773399162927e+00  3.299761221512013e+00  3.299502506773887e+00  3.299863118326601e-05 
 1.086392397258604e-04  3.299773399347233e+00  3.299761221614185e+00  3.299520240708058e+00  3.299858293386148e-05 
 1.087392397258604e-04  3.299773399520782e+00  3.299761221710405e+00  3.299536931592804e+00  3.299853749420938e-05 
 1.088392397258604e-04  3.299773399683831e+00  3.299761221800772e+00  3.299552640776160e+00  3.299849482389759e-05 
 1.089392397258604e-04  3.299773399837574e+00  3.299761221886004e+00  3.299567425999629e+00  3.299845457253974e-05 
 1.090392397258604e-04  3.299773399982326e+00  3.299761221966266e+00  3.299581341606782e+00  3.299841666863745e-05 
 1.091392397258604e-04  3.299773400118523e+00  3.299761222041777e+00  3.299594438745613e+00  3.299838100782976e-05 
 1.092392397258604e-04  3.299773400246615e+00  3.299761222112786e+00  3.299606765555557e+00  3.299834747509758e-05 
 1.093392397258605e-04  3.299773400367044e+00  3.299761222179531e+00  3.299618367344740e+00  3.299831595853040e-05 
 1.094392397258605e-04  3.299773400480536e+00  3.299761222242452e+00  3.299629286756276e+00  3.299828624540951e-05 
 1.095392397258605e-04  3.299773400587453e+00  3.299761222301730e+00  3.299639563926161e+00  3.299825825002569e-05 
 1.096392397258605e-04  3.299773400688014e+00  3.299761222357483e+00  3.299649236628226e+00  3.299823192042049e-05 
 1.097392397258605e-04  3.299773400782719e+00  3.299761222409991e+00  3.299658340414847e+00  3.299820712336715e-05 
 1.098392397258605e-04  3.299773400871591e+00  3.299761222459237e+00  3.299666908748094e+00  3.299818387085610e-05 
 1.099392397258605e-04  3.299773400955344e+00  3.299761222505662e+00  3.299674973121618e+00  3.299816194839222e-05 
 1.100392397258605e-04  3.299773401034306e+00  3.299761222549447e+00  3.299682563176362e+00  3.299814127071041e-05 
 1.101392397258605e-04  3.299773401108692e+00  3.299761222590698e+00  3.299689706810437e+00  3.299812178762857e-05 
 1.102392397258605e-04  3.299773401178475e+00  3.299761222629375e+00  3.299696430280076e+00  3.299810352490388e-05 
 1.103392397258605e-04  3.299773401244342e+00  3.299761222665899e+00  3.299702758298181e+00  3.299808627514668e-05 
 1.104392397258605e-04  3.299773401306255e+00  3.299761222700227e+00  3.299708714124368e+00  3.299807006411414e-05 
 1.105392397258605e-04  3.299773401364592e+00  3.299761222732570e+00  3.299714319649282e+00  3.299805478922166e-05 
 1.106392397258605e-04  3.299773401419472e+00  3.299761222763003e+00  3.299719595476217e+00  3.299804041671845e-05 
 1.107392397258605e-04  3.299773401471122e+00  3.299761222791640e+00  3.299724560997274e+00  3.299802689242564e-05 
 1.108392397258605e-04  3.299773401519543e+00  3.299761222818468e+00  3.299729234463546e+00  3.299801422611318e-05 
 1.109392397258605e-04  3.299773401565322e+00  3.299761222843852e+00  3.299733633052713e+00  3.299800223792494e-05 
 1.110392397258605e-04  3.299773401608429e+00  3.299761222867759e+00  3.299737772932495e+00  3.299799094651268e-05 
 1.111392397258605e-04  3.299773401648693e+00  3.299761222890054e+00  3.299741669318145e+00  3.299798042248657e-05 
 1.112392397258605e-04  3.299773401686899e+00  3.299761222911245e+00  3.299745336531598e+00  3.299797041360394e-05 
 1.113392397258605e-04  3.299773401722669e+00  3.299761222931064e+00  3.299748788052573e+00  3.299796105664428e-05 
 1.114392397258605e-04  3.299773401756379e+00  3.299761222949742e+00  3.299752036567065e+00  3.299795223747665e-05 
 1.115392397258605e-04  3.299773401788089e+00  3.299761222967319e+00  3.299755094014559e+00  3.299794393789340e-05 
 1.116392397258605e-04  3.299773401818019e+00  3.299761222983908e+00  3.299757971633705e+00  3.299793610371564e-05 
 1.117392397258605e-04  3.299773401846274e+00  3.299761222999584e+00  3.299760680001627e+00  3.299792869852806e-05 
 1.118392397258605e-04  3.299773401872718e+00  3.299761223014241e+00  3.299763229072504e+00  3.299792177828589e-05 
 1.119392397258605e-04  3.299773401897608e+00  3.299761223028038e+00  3.299765628215951e+00  3.299791526305308e-05 
 1.120392397258605e-04  3.299773401921001e+00  3.299761223040991e+00  3.299767886249857e+00  3.299790914794465e-05 
 1.121392397258605e-04  3.299773401943128e+00  3.299761223053261e+00  3.299770011474312e+00  3.299790335258046e-05 
 1.122392397258605e-04  3.299773401963944e+00  3.299761223064808e+00  3.299772011700637e+00  3.299789789960904e-05 
 1.123392397258605e-04  3.299773401983539e+00  3.299761223075670e+00  3.299773894279988e+00  3.299789276904640e-05 
 1.124392397258605e-04  3.299773402001976e+00  3.299761223085894e+00  3.299775666132177e+00  3.299788794090850e-05 
 1.125392397258605e-04  3.299773402019267e+00  3.299761223095479e+00  3.299777333769789e+00  3.299788341519536e-05 
 1.126392397258605e-04  3.299773402035576e+00  3.299761223104520e+00  3.299778903322936e+00  3.299787914572169e-05 
 1.127392397258605e-04  3.299773402050917e+00  3.299761223113023e+00  3.299780380560654e+00  3.299787513071113e-05 
 1.128392397258605e-04  3.299773402065224e+00  3.299761223120940e+00  3.299781770912640e+00  3.299787139414451e-05 
 1.129392397258605e-04  3.299773402078861e+00  3.299761223128502e+00  3.299783079488335e+00  3.299786782277909e-05 
 1.130392397258605e-04  3.299773402091664e+00  3.299761223135597e+00  3.299784311098175e+00  3.299786447257009e-05 
 1.131392397258605e-04  3.299773402103674e+00  3.299761223142253e+00  3.299785470269001e+00  3.299786133019483e-05 
 1.132392397258605e-04  3.299773402115046e+00  3.299761223148562e+00  3.299786561261291e+00  3.299785835035623e-05 
 1.133392397258605e-04  3.299773402125735e+00  3.299761223154488e+00  3.299787588085954e+00  3.299785555170603e-05 
 1.134392397258606e-04  3.299773402135806e+00  3.299761223160074e+00  3.299788554516162e+00  3.299785291337203e-05 
 1.135392397258606e-04  3.299773402145265e+00  3.299761223165321e+00  3.299789464104187e+00  3.299785043535423e-05 
 1.136392397258606e-04  3.299773402154186e+00  3.299761223170268e+00  3.299790320193657e+00  3.299784809900089e-05 
 1.137392397258606e-04  3.299773402162576e+00  3.299761223174922e+00  3.299791125930653e+00  3.299784590075931e-05 
 1.138392397258606e-04  3.299773402170449e+00  3.299761223179284e+00  3.299791884276912e+00  3.299784384107355e-05 
 1.139392397258606e-04  3.299773402177896e+00  3.299761223183417e+00  3.299792598020026e+00  3.299784188885738e-05 
 1.140392397258606e-04  3.299773402184899e+00  3.299761223187298e+00  3.299793269783260e+00  3.299784005565712e-05 
 1.141392397258606e-04  3.299773402191503e+00  3.299761223190964e+00  3.299793902035671e+00  3.299783832370919e-05 
 1.142392397258606e-04  3.299773402197689e+00  3.299761223194395e+00  3.299794497100990e+00  3.299783670367176e-05 
 1.143392397258606e-04  3.299773402203547e+00  3.299761223197645e+00  3.299795057166752e+00  3.299783516801127e-05 
 1.144392397258606e-04  3.299773402209016e+00  3.299761223200678e+00  3.299795584291048e+00  3.299783373626766e-05 
 1.145392397258606e-04  3.299773402214140e+00  3.299761223203515e+00  3.299796080411820e+00  3.299783239689459e-05 
 1.146392397258606e-04  3.299773402219011e+00  3.299761223206217e+00  3.299796547352486e+00  3.299783112058220e-05 
 1.147392397258606e-04  3.299773402223567e+00  3.299761223208738e+00  3.299796986829052e+00  3.299782992997903e-05 
 1.148392397258606e-04  3.299773402227907e+00  3.299761223211152e+00  3.299797400457391e+00  3.299782878955794e-05 
 1.149392397258606e-04  3.299773402231946e+00  3.299761223213391e+00  3.299797789757655e+00  3.299782773173744e-05 
 1.150392397258606e-04  3.299773402235681e+00  3.299761223215452e+00  3.299798156160505e+00  3.299782676051433e-05 
 1.151392397258606e-04  3.299773402239286e+00  3.299761223217456e+00  3.299798501012553e+00  3.299782581371614e-05 
 1.152392397258606e-04  3.299773402242661e+00  3.299761223219327e+00  3.299798825581588e+00  3.299782492997861e-05 
 1.153392397258606e-04  3.299773402245830e+00  3.299761223221079e+00  3.299799131060896e+00  3.299782410264041e-05 
 1.154392397258606e-04  3.299773402248822e+00  3.299761223222737e+00  3.299799418572715e+00  3.299782331971114e-05 
 1.155392397258606e-04  3.299773402251651e+00  3.299761223224312e+00  3.299799689174630e+00  3.299782257586170e-05 
 1.156392397258606e-04  3.299773402254296e+00  3.299761223225777e+00  3.299799943860855e+00  3.299782188397071e-05 
 1.157392397258606e-04  3.299773402256807e+00  3.299761223227173e+00  3.299800183567390e+00  3.299782122405415e-05 
 1.158392397258606e-04  3.299773402259147e+00  3.299761223228467e+00  3.299800409174587e+00  3.299782061387557e-05 
 1.159392397258606e-04  3.299773402261365e+00  3.299761223229697e+00  3.299800621512512e+00  3.299782003256280e-05 
 1.160392397258606e-04  3.299773402263429e+00  3.299761223230841e+00  3.299800821360992e+00  3.299781949210623e-05 
 1.161392397258606e-04  3.299773402265382e+00  3.299761223231920e+00  3.299801009454783e+00  3.299781898273591e-05 
 1.162392397258606e-04  3.299773402267222e+00  3.299761223232945e+00  3.299801186486235e+00  3.299781849912276e-05 
 1.163392397258606e-04  3.299773402268871e+00  3.299761223233847e+00  3.299801353105552e+00  3.299781807412938e-05 
 1.164392397258606e-04  3.299773402270521e+00  3.299761223234763e+00  3.299801509924932e+00  3.299781764114240e-05 
 1.165392397258606e-04  3.299773402272044e+00  3.299761223235607e+00  3.299801657520204e+00  3.299781724279438e-05 
 1.166392397258606e-04  3.299773402273500e+00  3.299761223236421e+00  3.299801796434544e+00  3.299781685821312e-05 
 1.167392397258606e-04  3.299773402274856e+00  3.299761223237167e+00  3.299801927178751e+00  3.299781650605038e-05 
 1.168392397258606e-04  3.299773402276075e+00  3.299761223237836e+00  3.299802050232808e+00  3.299781619119113e-05 
 1.169392397258606e-04  3.299773402277284e+00  3.299761223238512e+00  3.299802166048791e+00  3.299781587189098e-05 
 1.170392397258606e-04  3.299773402278413e+00  3.299761223239131e+00  3.299802275053357e+00  3.299781557968028e-05 
 1.171392397258606e-04  3.299773402279484e+00  3.299761223239730e+00  3.299802377646560e+00  3.299781529635137e-05 
 1.172392397258606e-04  3.299773402280497e+00  3.299761223240288e+00  3.299802474205328e+00  3.299781503300647e-05 
 1.173392397258606e-04  3.299773402281436e+00  3.299761223240809e+00  3.299802565084681e+00  3.299781478698104e-05 
 1.174392397258606e-04  3.299773402282332e+00  3.299761223241307e+00  3.299802650618736e+00  3.299781455161376e-05 
 1.175392397258607e-04  3.299773402283176e+00  3.299761223241779e+00  3.299802731122070e+00  3.299781432912507e-05 
 1.176392397258607e-04  3.299773402283960e+00  3.299761223242205e+00  3.299802806890597e+00  3.299781412795266e-05 
 1.177392397258607e-04  3.299773402284695e+00  3.299761223242618e+00  3.299802878202747e+00  3.299781393299749e-05 
 1.178392397258607e-04  3.299773402285396e+00  3.299761223243006e+00  3.299802945320805e+00  3.299781374958865e-05 
 1.179392397258607e-04  3.299773402286059e+00  3.299761223243376e+00  3.299803008491481e+00  3.299781357461750e-05 
 1.180392397258607e-04  3.299773402286666e+00  3.299761223243713e+00  3.299803067946184e+00  3.299781341607765e-05 
 1.181392397258607e-04  3.299773402287251e+00  3.299761223244034e+00  3.299803123904104e+00  3.299781326419914e-05 
 1.182392397258607e-04  3.299773402287806e+00  3.299761223244344e+00  3.299803176571161e+00  3.299781311764971e-05 
 1.183392397258607e-04  3.299773402288323e+00  3.299761223244634e+00  3.299803226140141e+00  3.299781298087022e-05 
 1.184392397258607e-04  3.299773402288817e+00  3.299761223244909e+00  3.299803272793835e+00  3.299781285119617e-05 
 1.185392397258607e-04  3.299773402289265e+00  3.299761223245155e+00  3.299803316703136e+00  3.299781273440071e-05 
 1.186392397258607e-04  3.299773402289680e+00  3.299761223245383e+00  3.299803358030132e+00  3.299781262737521e-05 
 1.187392397258607e-04  3.299773402290092e+00  3.299761223245607e+00  3.299803396926169e+00  3.299781252168198e-05 
 1.188392397258607e-04  3.299773402290476e+00  3.299761223245822e+00  3.299803433534863e+00  3.299781241998555e-05 
 1.189392397258607e-04  3.299773402290831e+00  3.299761223246022e+00  3.299803467990130e+00  3.299781232539455e-05 
 1.190392397258607e-04  3.299773402291171e+00  3.299761223246208e+00  3.299803500419292e+00  3.299781223746488e-05 
 1.191392397258607e-04  3.299773402291485e+00  3.299761223246377e+00  3.299803530940912e+00  3.299781215797292e-05 
 1.192392397258607e-04  3.299773402291788e+00  3.299761223246548e+00  3.299803559666977e+00  3.299781207714868e-05 
 1.193392397258607e-04  3.299773402292073e+00  3.299761223246709e+00  3.299803586703938e+00  3.299781200076534e-05 
 1.194392397258607e-04  3.299773402292344e+00  3.299761223246861e+00  3.299803612150632e+00  3.299781192926697e-05 
 1.195392397258607e-04  3.299773402292594e+00  3.299761223247000e+00  3.299803636100290e+00  3.299781186309768e-05 
 1.196392397258607e-04  3.299773402292829e+00  3.299761223247133e+00  3.299803658640949e+00  3.299781180048110e-05 
 1.197392397258607e-04  3.299773402293031e+00  3.299761223247240e+00  3.299803679856331e+00  3.299781175029902e-05 
 1.198392397258607e-04  3.299773402293251e+00  3.299761223247363e+00  3.299803699823917e+00  3.299781169212333e-05 
 1.199392397258607e-04  3.299773402293444e+00  3.299761223247470e+00  3.299803718616875e+00  3.299781164149716e-05 
 1.200392397258607e-04  3.299773402293629e+00  3.299761223247571e+00  3.299803736304296e+00  3.299781159353553e-05 
 1.201392397258607e-04  3.299773402293793e+00  3.299761223247661e+00  3.299803752951978e+00  3.299781155134706e-05 
 1.202392397258607e-04  3.299773402293963e+00  3.299761223247756e+00  3.299803768620559e+00  3.299781150649404e-05 
 1.203392397258607e-04  3.299773402294121e+00  3.299761223247849e+00  3.299803783367469e+00  3.299781146252921e-05 
 1.204392397258607e-04  3.299773402294264e+00  3.299761223247927e+00  3.299803797246811e+00  3.299781142566981e-05 
 1.205392397258607e-04  3.299773402294405e+00  3.299761223248002e+00  3.299803810309579e+00  3.299781138969858e-05 
 1.206392397258607e-04  3.299773402294533e+00  3.299761223248074e+00  3.299803822603839e+00  3.299781135594780e-05 
 1.207392397258607e-04  3.299773402294651e+00  3.299761223248137e+00  3.299803834175671e+00  3.299781132663791e-05 
 1.208392397258607e-04  3.299773402294762e+00  3.299761223248200e+00  3.299803845067032e+00  3.299781129688394e-05 
 1.209392397258607e-04  3.299773402294880e+00  3.299761223248268e+00  3.299803855317733e+00  3.299781126402134e-05 
 1.210392397258607e-04  3.299773402294977e+00  3.299761223248318e+00  3.299803864965372e+00  3.299781124092870e-05 
 1.211392397258607e-04  3.299773402295073e+00  3.299761223248373e+00  3.299803874045470e+00  3.299781121472743e-05 
 1.212392397258607e-04  3.299773402295161e+00  3.299761223248418e+00  3.299803882591317e+00  3.299781119341115e-05 
 1.213392397258607e-04  3.299773402295245e+00  3.299761223248471e+00  3.299803890634344e+00  3.299781116854216e-05 
 1.214392397258607e-04  3.299773402295314e+00  3.299761223248512e+00  3.299803898204233e+00  3.299781114944632e-05 
 1.215392397258607e-04  3.299773402295386e+00  3.299761223248546e+00  3.299803905328825e+00  3.299781113345911e-05 
 1.216392397258607e-04  3.299773402295456e+00  3.299761223248585e+00  3.299803912034163e+00  3.299781111480736e-05 
 1.217392397258608e-04  3.299773402295519e+00  3.299761223248622e+00  3.299803918345917e+00  3.299781109748788e-05 
 1.218392397258608e-04  3.299773402295579e+00  3.299761223248653e+00  3.299803924286711e+00  3.299781108327703e-05 
 1.219392397258608e-04  3.299773402295640e+00  3.299761223248684e+00  3.299803929878063e+00  3.299781106817799e-05 
 1.220392397258608e-04  3.299773402295698e+00  3.299761223248719e+00  3.299803935140485e+00  3.299781105130260e-05 
 1.221392397258607e-04  3.299773402295744e+00  3.299761223248742e+00  3.299803940093351e+00  3.299781104108855e-05 
 1.222392397258608e-04  3.299773402295793e+00  3.299761223248773e+00  3.299803944754833e+00  3.299781102598952e-05 
 1.223392397258608e-04  3.299773402295836e+00  3.299761223248796e+00  3.299803949141988e+00  3.299781101533138e-05 
 1.224392397258608e-04  3.299773402295882e+00  3.299761223248824e+00  3.299803953271023e+00  3.299781100200870e-05 
 1.225392397258608e-04  3.299773402295922e+00  3.299761223248842e+00  3.299803957157214e+00  3.299781099357101e-05 
 1.226392397258608e-04  3.299773402295961e+00  3.299761223248862e+00  3.299803960814785e+00  3.299781098424513e-05 
 1.227392397258608e-04  3.299773402295995e+00  3.299761223248883e+00  3.299803964257237e+00  3.299781097447517e-05 
 1.228392397258608e-04  3.299773402296029e+00  3.299761223248900e+00  3.299803967497145e+00  3.299781096603748e-05 
 1.229392397258608e-04  3.299773402296058e+00  3.299761223248919e+00  3.299803970546398e+00  3.299781095759978e-05 
 1.230392397258608e-04  3.299773402296087e+00  3.299761223248937e+00  3.299803973416228e+00  3.299781094871800e-05 
 1.231392397258608e-04  3.299773402296113e+00  3.299761223248950e+00  3.299803976117246e+00  3.299781094250075e-05 
 1.232392397258608e-04  3.299773402296141e+00  3.299761223248961e+00  3.299803978659346e+00  3.299781093717168e-05 
 1.233392397258608e-04  3.299773402296166e+00  3.299761223248978e+00  3.299803981051898e+00  3.299781092962216e-05 
 1.234392397258608e-04  3.299773402296188e+00  3.299761223248984e+00  3.299803983303567e+00  3.299781092651354e-05 
 1.235392397258608e-04  3.299773402296212e+00  3.299761223249004e+00  3.299803985422729e+00  3.299781091718766e-05 
 1.236392397258608e-04  3.299773402296234e+00  3.299761223249017e+00  3.299803987417238e+00  3.299781091097041e-05 
 1.237392397258608e-04  3.299773402296256e+00  3.299761223249030e+00  3.299803989294427e+00  3.299781090475317e-05 
 1.238392397258608e-04  3.299773402296274e+00  3.299761223249038e+00  3.299803991061125e+00  3.299781090120045e-05 
 1.239392397258608e-04  3.299773402296290e+00  3.299761223249046e+00  3.299803992723887e+00  3.299781089720365e-05 
 1.240392397258608e-04  3.299773402296308e+00  3.299761223249056e+00  3.299803994288871e+00  3.299781089276276e-05 
 1.241392397258608e-04  3.299773402296327e+00  3.299761223249070e+00  3.299803995761818e+00  3.299781088610142e-05 
 1.242392397258608e-04  3.299773402296342e+00  3.299761223249078e+00  3.299803997148126e+00  3.299781088210462e-05 
 1.243392397258608e-04  3.299773402296348e+00  3.299761223249080e+00  3.299803998453720e+00  3.299781088121644e-05 
 1.244392397258608e-04  3.299773402296360e+00  3.299761223249085e+00  3.299803999682812e+00  3.299781087899599e-05 
 1.245392397258608e-04  3.299773402296377e+00  3.299761223249091e+00  3.299804000839611e+00  3.299781087588737e-05 
 1.246392397258608e-04  3.299773402296392e+00  3.299761223249107e+00  3.299804001928433e+00  3.299781086789376e-05 
 1.247392397258608e-04  3.299773402296395e+00  3.299761223249109e+00  3.299804002953207e+00  3.299781086744967e-05 
 1.248392397258608e-04  3.299773402296414e+00  3.299761223249118e+00  3.299804003917670e+00  3.299781086345287e-05 
 1.249392397258608e-04  3.299773402296424e+00  3.299761223249122e+00  3.299804004825413e+00  3.299781086123242e-05 
 1.250392397258608e-04  3.299773402296424e+00  3.299761223249121e+00  3.299804005679789e+00  3.299781086167651e-05 
 1.251392397258608e-04  3.299773402296443e+00  3.299761223249137e+00  3.299804006483892e+00  3.299781085368291e-05 
 1.252392397258608e-04  3.299773402296449e+00  3.299761223249138e+00  3.299804007240740e+00  3.299781085323882e-05 
 1.253392397258608e-04  3.299773402296448e+00  3.299761223249139e+00  3.299804007953033e+00  3.299781085323882e-05 
 1.254392397258608e-04  3.299773402296460e+00  3.299761223249142e+00  3.299804008623456e+00  3.299781085190655e-05 
 1.255392397258608e-04  3.299773402296462e+00  3.299761223249143e+00  3.299804009254399e+00  3.299781085146246e-05 
 1.256392397258608e-04  3.299773402296470e+00  3.299761223249150e+00  3.299804009848140e+00  3.299781084790975e-05 
 1.257392397258608e-04  3.299773402296475e+00  3.299761223249151e+00  3.299804010406960e+00  3.299781084746566e-05 
 1.258392397258608e-04  3.299773402296482e+00  3.299761223249150e+00  3.299804010932867e+00  3.299781084790975e-05 
 1.259392397258608e-04  3.299773402296487e+00  3.299761223249153e+00  3.299804011427901e+00  3.299781084657748e-05 
 1.260392397258608e-04  3.299773402296491e+00  3.299761223249154e+00  3.299804011893846e+00  3.299781084613339e-05 
 1.261392397258608e-04  3.299773402296497e+00  3.299761223249157e+00  3.299804012332337e+00  3.299781084524521e-05 
 1.262392397258608e-04  3.299773402296501e+00  3.299761223249161e+00  3.299804012745029e+00  3.299781084302477e-05 
 1.263392397258609e-04  3.299773402296505e+00  3.299761223249161e+00  3.299804013133398e+00  3.299781084302477e-05 
 1.264392397258609e-04  3.299773402296510e+00  3.299761223249167e+00  3.299804013498934e+00  3.299781084036023e-05 
 1.265392397258609e-04  3.299773402296519e+00  3.299761223249173e+00  3.299804013842950e+00  3.299781083725161e-05 
 1.266392397258609e-04  3.299773402296523e+00  3.299761223249177e+00  3.299804014166781e+00  3.299781083547525e-05 
 1.267392397258609e-04  3.299773402296524e+00  3.299761223249177e+00  3.299804014471530e+00  3.299781083547525e-05 
 1.268392397258609e-04  3.299773402296528e+00  3.299761223249180e+00  3.299804014758376e+00  3.299781083369889e-05 
 1.269392397258609e-04  3.299773402296533e+00  3.299761223249181e+00  3.299804015028416e+00  3.299781083325480e-05 
 1.270392397258609e-04  3.299773402296532e+00  3.299761223249181e+00  3.299804015282552e+00  3.299781083325480e-05 
 1.271392397258609e-04  3.299773402296530e+00  3.299761223249181e+00  3.299804015521719e+00  3.299781083325480e-05 
 1.272392397258609e-04  3.299773402296531e+00  3.299761223249180e+00  3.299804015746830e+00  3.299781083369889e-05 
 1.273392397258609e-04  3.299773402296535e+00  3.299761223249182e+00  3.299804015958688e+00  3.299781083281071e-05 
 1.273517397258609e-04  3.299773402295370e+00  3.299761223248415e+00  3.299804015984121e+00  3.299781121608137e-05 
 1.273517458293765e-04  3.299773402296978e+00  3.299761223248820e+00  3.299804015984170e+00  3.299781033539894e-05 
