 time                   v(vb,gb)               v(db,dg)               v(a_56346_55631#,DVSS_B.t335) i(Vport0)             
 5.000000000000000e-10  1.574619282492034e-05  1.564063788610856e-05  4.796561608201240e-06  1.388191298320009e-07 
 5.001815461072161e-10  1.575191209656973e-05  1.564631892890778e-05  4.798303747426864e-06  1.388691665725214e-07 
 5.005446383216482e-10  1.576335445359220e-05  1.565768508664045e-05  4.801789060981800e-06  1.389685175468368e-07 
 5.012708227505122e-10  1.578626147958677e-05  1.568044152948384e-05  4.808765634445961e-06  1.391629784963817e-07 
 5.027231916082404e-10  1.583216014811216e-05  1.572604792307842e-05  4.822740749082658e-06  1.395358370296694e-07 
 5.056279293236966e-10  1.592426437848852e-05  1.581761160513307e-05  4.850768178597587e-06  1.402239434226669e-07 
 5.114374047546093e-10  1.610949861336629e-05  1.600197180432560e-05  4.907073762250974e-06  1.414130528809595e-07 
 5.230563556164345e-10  1.648295540947652e-05  1.637449093443834e-05  5.020417743783282e-06  1.432708629327431e-07 
 5.383782924571657e-10  1.697941116858990e-05  1.687097442642002e-05  5.170928579961213e-06  1.450542026040687e-07 
 5.573967027032439e-10  1.759911729449451e-05  1.749181989898489e-05  5.358846541990852e-06  1.466895802594045e-07 
 5.799709904825004e-10  1.833722790737619e-05  1.823190153680483e-05  5.582984324349157e-06  1.481910986159059e-07 
 6.087105319641623e-10  1.927880927708704e-05  1.917617500104453e-05  5.869565299149880e-06  1.497501034195123e-07 
 6.473906736077409e-10  2.054769552652956e-05  2.044848382002418e-05  6.256956987270240e-06  1.515124648469622e-07 
 7.002016161736966e-10  2.228184211165808e-05  2.218671106900934e-05  6.788466217124837e-06  1.535340017560382e-07 
 7.711730919500165e-10  2.461446108705681e-05  2.452383165741979e-05  7.506845673795033e-06  1.557498852125822e-07 
 8.645302096197267e-10  2.768563917197163e-05  2.759957009021750e-05  8.458138578348198e-06  1.580015891171520e-07 
 9.787795874405376e-10  3.144733417780916e-05  3.136527526273019e-05  9.630989389390563e-06  1.599963616164201e-07 
 1.112983019969832e-09  3.586919134985463e-05  3.579029709430054e-05  1.101946874979820e-05  1.615911548547120e-07 
 1.267696514388039e-09  4.096961632838926e-05  4.089301294357892e-05  1.263298011939801e-05  1.627722678232597e-07 
 1.447798432007077e-09  4.690930893253998e-05  4.683425593685108e-05  1.452672708106776e-05  1.636063002862115e-07 
 1.657901999378953e-09  5.384019920379190e-05  5.376609995343388e-05  1.675485344364502e-05  1.641646766004351e-07 
 1.904568244039378e-09  6.197845076575939e-05  6.190487127937986e-05  1.939428634580069e-05  1.645288088875015e-07 
 2.193152833512365e-09  7.150048309522417e-05  7.142713779547224e-05  2.251173271798785e-05  1.647725782441295e-07 
 2.530622766506552e-09  8.263593578437585e-05  8.256266283678353e-05  2.619421586301820e-05  1.649586666783533e-07 
 2.922207498932151e-09  9.555719814062043e-05  9.548391851524892e-05  3.051315377695330e-05  1.651291405887261e-07 
 3.374722230184521e-09  1.104890620644129e-04  1.104157417795349e-04  3.556086639257351e-05  1.653085329766612e-07 
 3.894355401685507e-09  1.276356926263475e-04  1.275623161439625e-04  4.142677982590853e-05  1.655082204454645e-07 
 4.491128169644466e-09  1.473277523141603e-04  1.472543088475237e-04  4.824869932871221e-05  1.657346560113799e-07 
 5.177306790944550e-09  1.699699962046943e-04  1.698964747487550e-04  5.619783414353778e-05  1.659928438734204e-07 
 5.972057207090618e-09  1.961948546406208e-04  1.961212420840084e-04  6.553693959292993e-05  1.662898569442532e-07 
 6.900379496887952e-09  2.268272708822378e-04  2.267535511982009e-04  7.661582822432983e-05  1.666348407262735e-07 
 7.998620977384941e-09  2.630666200622583e-04  2.629927729822670e-04  8.994868055605896e-05  1.670411235111825e-07 
 9.314187556222801e-09  3.064771846495422e-04  3.064031843735025e-04  1.062303691005065e-04  1.675260376373136e-07 
 1.090975215386421e-08  3.591270225429745e-04  3.590528359354194e-04  1.264174373194718e-04  1.681124340882066e-07 
 1.285372715535244e-08  4.232735808945319e-04  4.231991667840765e-04  1.516474562136373e-04  1.688250722082920e-07 
 1.519991119639767e-08  5.006920886110039e-04  5.006173994433851e-04  1.830042451337524e-04  1.696831081265999e-07 
 1.794735668521820e-08  5.913512797144064e-04  5.912762679193911e-04  2.209546860420753e-04  1.706854175725220e-07 
 2.104089045983746e-08  6.934305731837842e-04  6.933551975081652e-04  2.652347201300646e-04  1.718110140944116e-07 
 2.441626924428352e-08  8.048100953906246e-04  8.047343219817703e-04  3.153693343634138e-04  1.730357057764508e-07 
 2.803834839519672e-08  9.243301583233657e-04  9.242539573244097e-04  3.712178192651449e-04  1.743460321940898e-07 
 3.189789727827180e-08  1.051686174829577e-03  1.051609517341929e-03  4.329876982261181e-04  1.757379879305281e-07 
 3.600001366130787e-08  1.187046361216413e-03  1.186969217603069e-03  5.011079224527689e-04  1.772127595726351e-07 
 4.035254010815313e-08  1.330669505671302e-03  1.330591845231534e-03  5.760660273351771e-04  1.787724857180258e-07 
 4.496528136123872e-08  1.482879143764310e-03  1.482800934489386e-03  6.584002631511983e-04  1.804199862377022e-07 
 4.748264068061936e-08  1.565946101563763e-03  1.565867592303003e-03  7.045511306254231e-04  1.813167887579404e-07 
 5.000000000000000e-08  1.649013064118697e-03  1.648934254550729e-03  7.515344090478854e-04  1.822120186768092e-07 
 5.012027670233925e-08  1.652981913548035e-03  1.652903089741065e-03  7.538007332684089e-04  1.822548033721098e-07 
 5.036083010701774e-08  1.660919613172013e-03  1.660840760457186e-03  7.583370882152412e-04  1.823401811736837e-07 
 5.084193691637471e-08  1.676795011708934e-03  1.676716101717383e-03  7.674319866964698e-04  1.825111098462272e-07 
 5.180415053508865e-08  1.708545809910401e-03  1.708466784843216e-03  7.857100581724521e-04  1.828526348255179e-07 
 5.372857777251655e-08  1.772047407697077e-03  1.771968152841013e-03  8.226154825627408e-04  1.835351860139664e-07 
 5.757743224737232e-08  1.899050611656459e-03  1.898970896211797e-03  8.977935256356274e-04  1.848975473762302e-07 
 6.312310420305272e-08  2.082044844723111e-03  2.081964464840554e-03  1.009214505601976e-03  1.868547830573715e-07 
 6.916455428164662e-08  2.281398622020698e-03  2.281317516438453e-03  1.134579710219522e-03  1.889793548438316e-07 
 7.550598099100321e-08  2.490650953046563e-03  2.490569084438530e-03  1.270403954340640e-03  1.912015094143499e-07 
 8.209398418440226e-08  2.708039759637320e-03  2.707957096349600e-03  1.415847349912814e-03  1.935017633876367e-07 
 8.909277626279217e-08  2.938983671138069e-03  2.938900162202925e-03  1.574918629795715e-03  1.959369256668813e-07 
 9.644849835081439e-08  3.181705472894757e-03  3.181621073042309e-03  1.746854966152868e-03  1.984871891602372e-07 
 1.042637882210296e-07  3.439591975766934e-03  3.439506627752092e-03  1.934524251927253e-03  2.011874466654718e-07 
 1.124918574866068e-07  3.711099274586886e-03  3.711012926026935e-03  2.137283893056248e-03  2.040204302833041e-07 
 1.212302321221151e-07  3.999445503480904e-03  3.999358090582909e-03  2.358014891724045e-03  2.070190070883980e-07 
 1.304528459175068e-07  4.303770541074378e-03  4.303682002407582e-03  2.596549198622389e-03  2.101731167842903e-07 
 1.402549917154875e-07  4.627218834033346e-03  4.627129096976205e-03  2.855840275665467e-03  2.135146137366997e-07 
 1.506293733624057e-07  4.969549629589111e-03  4.969458621596982e-03  3.136193317561537e-03  2.170398801404708e-07 
 1.616732973472792e-07  5.333973820779410e-03  5.333881457827074e-03  3.440732950473626e-03  2.207812356246442e-07 
 1.733999564139204e-07  5.720926741478089e-03  5.720832937106434e-03  3.770323434014856e-03  2.247420146671583e-07 
 1.859145192549739e-07  6.133878720069200e-03  6.133783375328121e-03  4.128415842853088e-03  2.289569894557759e-07 
 1.992543371021790e-07  6.574062265361080e-03  6.573965275896437e-03  4.516575200767863e-03  2.334376192178511e-07 
 2.135401190578860e-07  7.045460504353613e-03  7.045361751365174e-03  4.938801894090676e-03  2.382237102328613e-07 
 2.288401248134355e-07  7.550325854689573e-03  7.550225210150862e-03  5.397597492014066e-03  2.433370344610429e-07 
 2.453017955445892e-07  8.093523541451143e-03  8.093420859546913e-03  5.897855176546037e-03  2.488261562109474e-07 
 2.630361872111582e-07  8.678718161956924e-03  8.678613282346306e-03  6.443412071482650e-03  2.547270606232777e-07 
 2.822351172185734e-07  9.312239256528325e-03  9.312131995545439e-03  7.040613885755628e-03  2.611029074925163e-07 
 3.030734959087966e-07  9.999858472346714e-03  9.999748623867594e-03  7.695329693331004e-03  2.680108044801207e-07 
 3.258175054372760e-07  1.075035921822179e-02  1.075024654353979e-02  8.416326987136237e-03  2.755384079865958e-07 
 3.507446313110921e-07  1.157289788954501e-02  1.157278211472332e-02  9.212781650766885e-03  2.837766627573827e-07 
 3.782505271104588e-07  1.248053015920751e-02  1.248041096161189e-02  1.009768236529994e-02  2.928558694288961e-07 
 4.087909946635138e-07  1.348829645770232e-02  1.348817345726745e-02  1.108600465388256e-02  3.029257186866913e-07 
 4.430018160373029e-07  1.461717615490941e-02  1.461704889294830e-02  1.219859162503884e-02  3.141955270631339e-07 
 4.816787820393327e-07  1.589342854867239e-02  1.589329646672196e-02  1.346154411899822e-02  3.269268755030832e-07 
 5.259457189910832e-07  1.735413736576638e-02  1.735399976592032e-02  1.491172316685424e-02  3.414895858325590e-07 
 5.759457189910833e-07  1.900402432203131e-02  1.900388048805461e-02  1.655376563451139e-02  3.579306995107774e-07 
 6.259457189910833e-07  2.065391129336275e-02  2.065376122479235e-02  1.819860578404378e-02  3.743667473555619e-07 
 6.759457189910834e-07  2.230379827458083e-02  2.230364197070554e-02  1.984520805299319e-02  3.907994891018274e-07 
 7.259457189910834e-07  2.395368526121047e-02  2.395352272221973e-02  2.149291943957565e-02  4.072303636333245e-07 
 7.759457189910835e-07  2.560357225162421e-02  2.560340347722524e-02  2.314132804697548e-02  4.236599529775418e-07 
 8.259457189910835e-07  2.725345924362364e-02  2.725328423426250e-02  2.479017403371974e-02  4.400889419269865e-07 
 8.759457189910836e-07  2.890334623697512e-02  2.890316499252828e-02  2.643929345720739e-02  4.565174503510524e-07 
 9.259457189910836e-07  3.055323323038719e-02  3.055304575140467e-02  2.808858285668665e-02  4.729458629558981e-07 
 9.759457189910837e-07  3.220312022413938e-02  3.220292651058102e-02  2.973797691855302e-02  4.893741292124973e-07 
 1.025945718991084e-06  3.385300721735741e-02  3.385280726981143e-02  3.138743438884588e-02  5.058024959338385e-07 
 1.075945718991084e-06  3.550289421053264e-02  3.550268802898610e-02  3.303692918914752e-02  5.222308423068374e-07 
 1.125945718991084e-06  3.715278120289810e-02  3.715256878796857e-02  3.468644481156746e-02  5.386593795861210e-07 
 1.175945718991083e-06  3.880266819509237e-02  3.880244954677078e-02  3.633597078504786e-02  5.550879380428709e-07 
 1.225945718991083e-06  4.045255518634647e-02  4.045233030526968e-02  3.798550044491823e-02  5.715167299447929e-07 
 1.275945718991083e-06  4.210244217737574e-02  4.210221106353772e-02  3.963502952754533e-02  5.879455599550810e-07 
 1.325945718991083e-06  4.375232916740156e-02  4.375209182145137e-02  4.128455528166663e-02  6.043746437692530e-07 
 1.375945718991083e-06  4.540221615715830e-02  4.540197257909947e-02  4.293407591016522e-02  6.208037795626380e-07 
 1.425945718991083e-06  4.705210314592880e-02  4.705185333640156e-02  4.458359021510491e-02  6.372331629079616e-07 
 1.475945718991083e-06  4.870199013439955e-02  4.870173409341642e-02  4.623309737656081e-02  6.536626076416357e-07 
 1.525945718991083e-06  5.035187712186416e-02  5.035161485007112e-02  4.788259681113744e-02  6.700923061028618e-07 
 1.575945718991083e-06  5.200176410896412e-02  5.200149560640716e-02  4.953208724209653e-02  6.865220833613922e-07 
 1.625945718991083e-06  5.365165109512373e-02  5.365137636241311e-02  5.118156862362434e-02  7.029520956270313e-07 
 1.675945718991083e-06  5.530153808092948e-02  5.530125711809709e-02  5.283104168970711e-02  7.193821860592610e-07 
 1.725945718991083e-06  5.695142506570231e-02  5.695113787340405e-02  5.448050601066651e-02  7.358125383514190e-07 
 1.775945718991083e-06  5.860131205016356e-02  5.860101862841689e-02  5.612996124460017e-02  7.522429544744092e-07 
 1.825945718991083e-06  6.025119903359493e-02  6.025089938305503e-02  5.777940709862718e-02  7.686736311111803e-07 
 1.875945718991083e-06  6.190108601670413e-02  6.190078013739223e-02  5.942884331458959e-02  7.851043746665879e-07 
 1.925945718991083e-06  6.355097299878051e-02  6.355066089135313e-02  6.107826964976860e-02  8.015353795268075e-07 
 1.975945718991083e-06  6.520085998054811e-02  6.520054164502218e-02  6.272768587365417e-02  8.179664465872122e-07 
 2.025945718991083e-06  6.685074696124686e-02  6.685042239829136e-02  6.437709175841536e-02  8.343977866722169e-07 
 2.075945718991083e-06  6.850063394163446e-02  6.850030315126794e-02  6.602648707896557e-02  8.508291891725100e-07 
 2.125945718991083e-06  7.015052092096531e-02  7.015018390385275e-02  6.767587160770885e-02  8.672608607005972e-07 
 2.175945718991083e-06  7.180040789991998e-02  7.180006465610238e-02  6.932524511656699e-02  8.836926157659611e-07 
 2.225945718991083e-06  7.345029487789427e-02  7.344994540801104e-02  7.097460737275715e-02  9.001246144072527e-07 
 2.275945718991082e-06  7.510018185549566e-02  7.509982615958721e-02  7.262395814075423e-02  9.165566951772232e-07 
 2.325945718991082e-06  7.675006883200036e-02  7.674970691074610e-02  7.427329717959763e-02  9.329890576800942e-07 
 2.375945718991082e-06  7.839995580821885e-02  7.839958766162945e-02  7.592262424461563e-02  9.494214736401298e-07 
 2.425945718991082e-06  8.004984278340850e-02  8.004946841214097e-02  7.757193908528617e-02  9.658541486706354e-07 
 2.475945718991082e-06  8.169972975815981e-02  8.169934916227731e-02  7.922124144673104e-02  9.822869269101715e-07 
 2.525945718991082e-06  8.334961673193170e-02  8.334922991207425e-02  8.087053106868954e-02  9.987199478998936e-07 
 2.575945718991082e-06  8.499950370527608e-02  8.499911066150398e-02  8.251980768665726e-02  1.015153068004695e-06 
 2.625945718991082e-06  8.664939067760755e-02  8.664899141057236e-02  8.416907102899066e-02  1.031586441823131e-06 
 2.675945718991082e-06  8.829927764961909e-02  8.829887215934522e-02  8.581832081934934e-02  1.048019878813171e-06 
 2.725945718991082e-06  8.994916462050122e-02  8.994875290768017e-02  8.746755677543055e-02  1.064453607805656e-06 
 2.775945718991082e-06  9.159905159101292e-02  9.159863365568678e-02  8.911677860947931e-02  1.080887416192875e-06 
 2.825945718991082e-06  9.324893856055023e-02  9.324851440335846e-02  9.076598602756045e-02  1.097321465068187e-06 
 2.875945718991082e-06  9.489882552959657e-02  9.489839515062247e-02  9.241517872973563e-02  1.113755632959312e-06 
 2.925945718991082e-06  9.654871249760570e-02  9.654827589751101e-02  9.406435640917929e-02  1.130190061544584e-06 
 2.975945718991082e-06  9.819859946526098e-02  9.819815664408241e-02  9.571351875418110e-02  1.146624563820807e-06 
 3.025945718991082e-06  9.984848643182634e-02  9.984803739024412e-02  9.736266544558973e-02  1.163059343777585e-06 
 3.075945718991082e-06  1.014983733979340e-01  1.014979181360210e-01  9.901179615772220e-02  1.179494231078945e-06 
 3.125945718991082e-06  1.031482603630472e-01  1.031477988814515e-01  1.006609105581712e-01  1.195929364502763e-06 
 3.175945718991081e-06  1.047981473277073e-01  1.047976796265016e-01  1.023100083084136e-01  1.212364602995201e-06 
 3.225945718991081e-06  1.064480342913404e-01  1.064475603711839e-01  1.039590890617046e-01  1.228800098129455e-06 
 3.275945718991081e-06  1.080979212545551e-01  1.080974411155093e-01  1.056081524649113e-01  1.245235686536203e-06 
 3.325945718991081e-06  1.097478082167379e-01  1.097473218594651e-01  1.072571981574209e-01  1.261671532431305e-06 
 3.375945718991081e-06  1.113976951784196e-01  1.113972026030098e-01  1.089062257722710e-01  1.278107498521802e-06 
 3.425945718991081e-06  1.130475821389855e-01  1.130470833461298e-01  1.105552349334432e-01  1.294543749661935e-06 
 3.475945718991081e-06  1.146974690990752e-01  1.146969640888558e-01  1.122042252569200e-01  1.310980112323841e-06 
 3.525945718991081e-06  1.163473560582519e-01  1.163468448312925e-01  1.138531963522658e-01  1.327416692159113e-06 
 3.575945718991081e-06  1.179972430168859e-01  1.179967255732924e-01  1.155021478210622e-01  1.343853404943454e-06 
 3.625945718991081e-06  1.196471299743875e-01  1.196466063148583e-01  1.171510792549588e-01  1.360290407121164e-06 
 3.675945718991081e-06  1.212970169315449e-01  1.212964870561201e-01  1.187999902384877e-01  1.376727475717821e-06 
 3.725945718991081e-06  1.229469038874811e-01  1.229463677968901e-01  1.204488803478999e-01  1.393164862601394e-06 
 3.775945718991081e-06  1.245967908429967e-01  1.245962485373060e-01  1.220977491503738e-01  1.409602340731267e-06 
 3.825945718991081e-06  1.262466777974307e-01  1.262461292773235e-01  1.237465962034086e-01  1.426040090532560e-06 
 3.875945718991082e-06  1.278965647514126e-01  1.278960100169675e-01  1.253954210557923e-01  1.442477941044796e-06 
 3.925945718991082e-06  1.295464517042350e-01  1.295458907561624e-01  1.270442232476201e-01  1.458916088430506e-06 
 3.975945718991082e-06  1.311963386565310e-01  1.311957714949359e-01  1.286930023091375e-01  1.475354360285925e-06 
 4.025945718991083e-06  1.328462256077780e-01  1.328456522333344e-01  1.303417577534462e-01  1.491792892155404e-06 
 4.075945718991083e-06  1.344961125584777e-01  1.344955329712988e-01  1.319904890931184e-01  1.508231554656320e-06 
 4.125945718991083e-06  1.361459995081035e-01  1.361454137088736e-01  1.336391958315439e-01  1.524670484151814e-06 
 4.175945718991084e-06  1.377958864570985e-01  1.377952944459600e-01  1.352878774614334e-01  1.541109571451446e-06 
 4.225945718991084e-06  1.394457734049959e-01  1.394451751826419e-01  1.369365334632919e-01  1.557548933003730e-06 
 4.275945718991084e-06  1.410956603524484e-01  1.410950559189598e-01  1.385851633075799e-01  1.573988389993363e-06 
 4.325945718991085e-06  1.427455472987058e-01  1.427449366548102e-01  1.402337664539051e-01  1.590428152849239e-06 
 4.375945718991085e-06  1.443954342444600e-01  1.443948173902602e-01  1.418823423510361e-01  1.606868029017043e-06 
 4.425945718991086e-06  1.460453211889718e-01  1.460446981252131e-01  1.435308904350047e-01  1.623308225733780e-06 
 4.475945718991086e-06  1.476952081329878e-01  1.476945788597716e-01  1.451794101305715e-01  1.639748532737078e-06 
 4.525945718991086e-06  1.493450950758292e-01  1.493444595938780e-01  1.468279008520414e-01  1.656189137640748e-06 
 4.575945718991087e-06  1.509949820180681e-01  1.509943403275222e-01  1.484763620002808e-01  1.672629886456848e-06 
 4.625945718991087e-06  1.526448689591527e-01  1.526442210607297e-01  1.501247929639323e-01  1.689070925429503e-06 
 4.675945718991087e-06  1.542947558996789e-01  1.542941017935055e-01  1.517731931201633e-01  1.705512093049008e-06 
 4.725945718991088e-06  1.559446428389298e-01  1.559439825257663e-01  1.534215618333998e-01  1.721953589682864e-06 
 4.775945718991088e-06  1.575945297776372e-01  1.575938632576063e-01  1.550698984531964e-01  1.738395209606732e-06 
 4.825945718991089e-06  1.592444167151099e-01  1.592437439889603e-01  1.567182023140578e-01  1.754837144250815e-06 
 4.875945718991089e-06  1.608943036520621e-01  1.608936247199110e-01  1.583664727429950e-01  1.771279192636982e-06 
 4.925945718991089e-06  1.625441905876341e-01  1.625435054502807e-01  1.600147090515408e-01  1.787721603205383e-06 
 4.975945718991090e-06  1.641940775227786e-01  1.641933861803112e-01  1.616629105362912e-01  1.804164095263876e-06 
 5.025945718991090e-06  1.658439644564802e-01  1.658432669097219e-01  1.633110764794376e-01  1.820606968905740e-06 
 5.075945718991090e-06  1.674938513896218e-01  1.674931476387065e-01  1.649592061499157e-01  1.837049967225357e-06 
 5.125945718991091e-06  1.691437383215323e-01  1.691430283672138e-01  1.666072988005211e-01  1.853493275796499e-06 
 5.175945718991091e-06  1.707936252526846e-01  1.707929090951667e-01  1.682553536684882e-01  1.869936772994228e-06 
 5.225945718991091e-06  1.724435121827280e-01  1.724427898227246e-01  1.699033699765443e-01  1.886380539087660e-06 
 5.275945718991092e-06  1.740933991119877e-01  1.740926705497141e-01  1.715513469309060e-01  1.902824500718801e-06 
 5.325945718991092e-06  1.757432860399291e-01  1.757425512761725e-01  1.731992837213704e-01  1.919268799163522e-06 
 5.375945718991093e-06  1.773931729673210e-01  1.773924320022194e-01  1.748471795233774e-01  1.935713214347859e-06 
 5.425945718991093e-06  1.790430598932403e-01  1.790423127276350e-01  1.764950334937703e-01  1.952158016416819e-06 
 5.475945718991093e-06  1.806929468185462e-01  1.806921934526002e-01  1.781428447722879e-01  1.968602954571014e-06 
 5.525945718991094e-06  1.823428337423555e-01  1.823420741769214e-01  1.797906124827792e-01  1.985048285660532e-06 
 5.575945718991094e-06  1.839927206656468e-01  1.839919549008565e-01  1.814383357301168e-01  2.001493720333487e-06 
 5.625945718991094e-06  1.856426075873975e-01  1.856418356241218e-01  1.830860136002913e-01  2.017939561153402e-06 
 5.675945718991095e-06  1.872924945085137e-01  1.872917163469267e-01  1.847336451631518e-01  2.034385542221852e-06 
 5.725945718991095e-06  1.889423814281962e-01  1.889415970691350e-01  1.863812294690094e-01  2.050831892661106e-06 
 5.775945718991096e-06  1.905922683470315e-01  1.905914777907456e-01  1.880287655480020e-01  2.067278451766372e-06 
 5.825945718991096e-06  1.922421552645240e-01  1.922413585118219e-01  1.896762524131034e-01  2.083725348878621e-06 
 5.875945718991096e-06  1.938920421813273e-01  1.938912392324084e-01  1.913236890547884e-01  2.100172400644512e-06 
 5.925945718991097e-06  1.955419290965873e-01  1.955411199523320e-01  1.929710744423605e-01  2.116619854671525e-06 
 5.975945718991097e-06  1.971918160110509e-01  1.971910006716969e-01  1.946184075285012e-01  2.133067497297227e-06 
 6.025945718991097e-06  1.988417029241298e-01  1.988408813905069e-01  1.962656872431353e-01  2.149515488005150e-06 
 6.075945718991098e-06  2.004915898363304e-01  2.004907621087081e-01  1.979129124927189e-01  2.165963692236247e-06 
 6.125945718991098e-06  2.021414767469019e-01  2.021406428261953e-01  1.995600821627017e-01  2.182412324013757e-06 
 6.175945718991098e-06  2.037913636568443e-01  2.037905235432419e-01  2.012071951172984e-01  2.198861084770935e-06 
 6.225945718991099e-06  2.054412505650222e-01  2.054404042594901e-01  2.028542501986729e-01  2.215310315262978e-06 
 6.275945718991099e-06  2.070911374724631e-01  2.070902849752285e-01  2.045012462255998e-01  2.231759708929538e-06 
 6.325945718991100e-06  2.087410243784822e-01  2.087401656903983e-01  2.061481819921755e-01  2.248209457339587e-06 
 6.375945718991100e-06  2.103909112832648e-01  2.103900464047336e-01  2.077950562676776e-01  2.264659531127716e-06 
 6.425945718991100e-06  2.120407981867658e-01  2.120399271185953e-01  2.094418677963091e-01  2.281109911780942e-06 
 6.475945718991101e-06  2.136906850892087e-01  2.136898078317446e-01  2.110886152997010e-01  2.297560556555665e-06 
 6.525945718991101e-06  2.153405719900950e-01  2.153396885442436e-01  2.127352974732988e-01  2.314011596263907e-06 
 6.575945718991101e-06  2.169904588898147e-01  2.169895692559615e-01  2.143819129866539e-01  2.330462934510532e-06 
 6.625945718991102e-06  2.186403457881142e-01  2.186394499671232e-01  2.160284604839076e-01  2.346914620034326e-06 
 6.675945718991102e-06  2.202902326852845e-01  2.202893306775341e-01  2.176749385795929e-01  2.363366588803156e-06 
 6.725945718991103e-06  2.219401195808023e-01  2.219392113872387e-01  2.193213458620928e-01  2.379818979705912e-06 
 6.775945718991103e-06  2.235900064753641e-01  2.235890920963117e-01  2.209676808917362e-01  2.396271593957149e-06 
 6.825945718991103e-06  2.252398933681855e-01  2.252389728046249e-01  2.226139422000945e-01  2.412724657043148e-06 
 6.875945718991104e-06  2.268897802598478e-01  2.268888535121770e-01  2.242601282918082e-01  2.429178007759511e-06 
 6.925945718991104e-06  2.285396671498507e-01  2.285387342190275e-01  2.259062376405647e-01  2.445631777834184e-06 
 6.975945718991104e-06  2.301895540389204e-01  2.301886149252713e-01  2.275522686884619e-01  2.462085758323182e-06 
 7.025945718991105e-06  2.318394409258875e-01  2.318384956305256e-01  2.291982198477888e-01  2.478540301944346e-06 
 7.075945718991105e-06  2.334893278119306e-01  2.334883763351845e-01  2.308440895002251e-01  2.494995049540508e-06 
 7.125945718991105e-06  2.351392146960094e-01  2.351382570389503e-01  2.324898759962721e-01  2.511450312307169e-06 
 7.175945718991106e-06  2.367891015790636e-01  2.367881377420595e-01  2.341355776527977e-01  2.527905809191353e-06 
 7.225945718991106e-06  2.384389884600674e-01  2.384380184442245e-01  2.357811927535239e-01  2.544361846531335e-06 
 7.275945718991107e-06  2.400888753399125e-01  2.400878991456495e-01  2.374267195492630e-01  2.560818159316859e-06 
 7.325945718991107e-06  2.417387622179472e-01  2.417377798462955e-01  2.390721562561323e-01  2.577274929846531e-06 
 7.375945718991107e-06  2.433886490947340e-01  2.433876605461476e-01  2.407175010558044e-01  2.593732002245020e-06 
 7.425945718991108e-06  2.450385359693731e-01  2.450375412450043e-01  2.423627520940078e-01  2.610189640551103e-06 
 7.475945718991108e-06  2.466884228428222e-01  2.466874219431108e-01  2.440079074803023e-01  2.626647558327218e-06 
 7.525945718991108e-06  2.483383097143121e-01  2.483373026403531e-01  2.456529652885182e-01  2.643105976146912e-06 
 7.575945718991109e-06  2.499881965843862e-01  2.499871833367033e-01  2.472979235549624e-01  2.659564744268830e-06 
 7.625945718991109e-06  2.516380834525930e-01  2.516370640322555e-01  2.489427802753716e-01  2.676023978877800e-06 
 7.675945718991109e-06  2.532879703192427e-01  2.532869447268302e-01  2.505875334073400e-01  2.692483606227232e-06 
 7.725945718991108e-06  2.549378571836230e-01  2.549368254203462e-01  2.522321808717974e-01  2.708943829959774e-06 
 7.775945718991108e-06  2.565877440465537e-01  2.565867061129633e-01  2.538767205475304e-01  2.725404406881047e-06 
 7.825945718991107e-06  2.582376309076169e-01  2.582365868047965e-01  2.555211502741235e-01  2.741865442489975e-06 
 7.875945718991107e-06  2.598875177669275e-01  2.598864674955352e-01  2.571654678471009e-01  2.758326928626402e-06 
 7.925945718991106e-06  2.615374046242835e-01  2.615363481854402e-01  2.588096710192484e-01  2.774788898069642e-06 
 7.975945718991106e-06  2.631872914798090e-01  2.631862288742084e-01  2.604537575023006e-01  2.791251339106821e-06 
 8.025945718991105e-06  2.648371783330924e-01  2.648361095619611e-01  2.620977249641459e-01  2.807714353739661e-06 
 8.075945718991105e-06  2.664870651848614e-01  2.664859902487930e-01  2.637415710256298e-01  2.824177731719652e-06 
 8.125945718991104e-06  2.681369520342744e-01  2.681358709345421e-01  2.653852932644292e-01  2.840641716490933e-06 
 8.175945718991104e-06  2.697868388822269e-01  2.697857516194146e-01  2.670288892107878e-01  2.857106042016282e-06 
 8.225945718991103e-06  2.714367257276162e-01  2.714356323030752e-01  2.686723563486024e-01  2.873571038864593e-06 
 8.275945718991103e-06  2.730866125712544e-01  2.730855129856769e-01  2.703156921131066e-01  2.890036467144397e-06 
 8.325945718991102e-06  2.747364994125112e-01  2.747353936671966e-01  2.719588938919423e-01  2.906502501438245e-06 
 8.375945718991102e-06  2.763863862518057e-01  2.763852743475277e-01  2.736019590230837e-01  2.922969031500967e-06 
 8.425945718991102e-06  2.780362730886764e-01  2.780351550267561e-01  2.752448847958126e-01  2.939436177375408e-06 
 8.475945718991101e-06  2.796861599236969e-01  2.796850357048793e-01  2.768876684468425e-01  2.955903777218783e-06 
 8.525945718991101e-06  2.813360467561474e-01  2.813349163818148e-01  2.785303071579602e-01  2.972372035201082e-06 
 8.575945718991100e-06  2.829859335866373e-01  2.829847970575822e-01  2.801727980611597e-01  2.988840777766667e-06 
 8.625945718991100e-06  2.846358204143674e-01  2.846346777320454e-01  2.818151382355751e-01  3.005310236619063e-06 
 8.675945718991099e-06  2.862857072401888e-01  2.862845584053859e-01  2.834573247036082e-01  3.021780156906548e-06 
 8.725945718991099e-06  2.879355940632199e-01  2.879344390774135e-01  2.850993544346522e-01  3.038250797227797e-06 
 8.775945718991098e-06  2.895854808841460e-01  2.895843197481995e-01  2.867412243375498e-01  3.054721958131219e-06 
 8.825945718991098e-06  2.912353677023735e-01  2.912342004177452e-01  2.883829312651911e-01  3.071193802430997e-06 
 8.875945718991097e-06  2.928852545184098e-01  2.928840810860026e-01  2.900244720150905e-01  3.087666190155737e-06 
 8.925945718991097e-06  2.945351413314824e-01  2.945339617528565e-01  2.916658433257061e-01  3.104139342683888e-06 
 8.975945718991096e-06  2.961850281423195e-01  2.961838424184067e-01  2.933070418710861e-01  3.120613045714626e-06 
 9.025945718991096e-06  2.978349149500999e-01  2.978337230825032e-01  2.949480642657909e-01  3.137087538223430e-06 
 9.075945718991095e-06  2.994848017555456e-01  2.994836037452426e-01  2.965889070633486e-01  3.153562607602564e-06 
 9.125945718991095e-06  3.011346885578546e-01  3.011334844064888e-01  2.982295667541280e-01  3.170038485777599e-06 
 9.175945718991094e-06  3.027845753578154e-01  3.027833650663824e-01  2.998700397647600e-01  3.186514937825309e-06 
 9.225945718991094e-06  3.044344621545604e-01  3.044332457247452e-01  3.015103224559754e-01  3.202992217598168e-06 
 9.275945718991093e-06  3.060843489488630e-01  3.060831263817059e-01  3.031504111208269e-01  3.219470095391005e-06 
 9.325945718991093e-06  3.077342357397673e-01  3.077330070370288e-01  3.047903019891418e-01  3.235948853811068e-06 
 9.375945718991092e-06  3.093841225281015e-01  3.093828876908821e-01  3.064299912211627e-01  3.252428243557746e-06 
 9.425945718991092e-06  3.110340093130368e-01  3.110327683431126e-01  3.080694749063320e-01  3.268908506160036e-06 
 9.475945718991091e-06  3.126838960953083e-01  3.126826489938241e-01  3.097087490655206e-01  3.285389424069705e-06 
 9.525945718991091e-06  3.143337828739862e-01  3.143325296427999e-01  3.113478096495342e-01  3.301871271067731e-06 
 9.575945718991091e-06  3.159836696499200e-01  3.159824102902222e-01  3.129866525342683e-01  3.318353790137452e-06 
 9.625945718991090e-06  3.176335564222370e-01  3.176322909359088e-01  3.146252735245341e-01  3.334837237962408e-06 
 9.675945718991090e-06  3.192834431914557e-01  3.192821715798251e-01  3.162636683508952e-01  3.351321465772687e-06 
 9.725945718991089e-06  3.209333299570601e-01  3.209320522220244e-01  3.179018326688336e-01  3.367806612346140e-06 
 9.775945718991089e-06  3.225832167196613e-01  3.225819328625332e-01  3.195397620549044e-01  3.384292498659279e-06 
 9.825945718991088e-06  3.242331034784295e-01  3.242318135012003e-01  3.211774520116191e-01  3.400779365630472e-06 
 9.875945718991088e-06  3.258829902338486e-01  3.258816941379656e-01  3.228148979596777e-01  3.417267077701464e-06 
 9.925945718991087e-06  3.275328769855108e-01  3.275315747729580e-01  3.244520952410362e-01  3.433755735624966e-06 
 9.975945718991087e-06  3.291827637336473e-01  3.291814554059532e-01  3.260890391182749e-01  3.450245285888205e-06 
 1.002594571899109e-05  3.308326504778241e-01  3.308313360370606e-01  3.277257247728644e-01  3.466735838791806e-06 
 1.007594571899109e-05  3.324825372183280e-01  3.324812166660937e-01  3.293621473005557e-01  3.483227322171256e-06 
 1.012594571899109e-05  3.341324239549218e-01  3.341310972932926e-01  3.309983017150502e-01  3.499719781212599e-06 
 1.017594571899108e-05  3.357823106876449e-01  3.357809779183079e-01  3.326341829448971e-01  3.516213225019641e-06 
 1.022594571899108e-05  3.374321974159240e-01  3.374308585411591e-01  3.342697858345173e-01  3.532707808746026e-06 
 1.027594571899108e-05  3.390820841406446e-01  3.390807391620559e-01  3.359051051354816e-01  3.549203262218951e-06 
 1.032594571899108e-05  3.407319708608054e-01  3.407306197807337e-01  3.375401355161846e-01  3.565699882867144e-06 
 1.037594571899108e-05  3.423818575769461e-01  3.423805003971766e-01  3.391748715522501e-01  3.582197513149929e-06 
 1.042594571899108e-05  3.440317442886263e-01  3.440303810114909e-01  3.408093077310212e-01  3.598696264755722e-06 
 1.047594571899108e-05  3.456816309959761e-01  3.456802616233897e-01  3.424434384484422e-01  3.615196116201680e-06 
 1.052594571899108e-05  3.473315176987486e-01  3.473301422331066e-01  3.440772580066039e-01  3.631697115116348e-06 
 1.057594571899108e-05  3.489814043970180e-01  3.489800228403222e-01  3.457107606136650e-01  3.648199256337165e-06 
 1.062594571899108e-05  3.506312910905339e-01  3.506299034452661e-01  3.473439403868460e-01  3.664702589657614e-06 
 1.067594571899108e-05  3.522811777796176e-01  3.522797840477809e-01  3.489767913420876e-01  3.681207028979871e-06 
 1.072594571899108e-05  3.539310644633912e-01  3.539296646476864e-01  3.506093074006565e-01  3.697712828600500e-06 
 1.077594571899108e-05  3.555809511422712e-01  3.555795452448864e-01  3.522414823846908e-01  3.714219872279133e-06 
 1.082594571899108e-05  3.572308378161773e-01  3.572294258397288e-01  3.538733100207607e-01  3.730728150190269e-06 
 1.087594571899108e-05  3.588807244851632e-01  3.588793064318778e-01  3.555047839343198e-01  3.747237665720068e-06 
 1.092594571899108e-05  3.605306111482779e-01  3.605291870211078e-01  3.571358976474581e-01  3.763748695924671e-06 
 1.097594571899108e-05  3.621804978066712e-01  3.621790676078075e-01  3.587666445801277e-01  3.780260881979966e-06 
 1.102594571899108e-05  3.638303844594696e-01  3.638289481918029e-01  3.603970180537872e-01  3.796774475073903e-06 
 1.107594571899108e-05  3.654802711068533e-01  3.654788287728447e-01  3.620270112826779e-01  3.813289435571499e-06 
 1.112594571899108e-05  3.671301577483183e-01  3.671287093510024e-01  3.636566173764311e-01  3.829805892647182e-06 
 1.117594571899108e-05  3.687800443841645e-01  3.687785899261062e-01  3.652858293377385e-01  3.846323767364080e-06 
 1.122594571899107e-05  3.704299310137615e-01  3.704284704981420e-01  3.669146400664291e-01  3.862843230418968e-06 
 1.127594571899107e-05  3.720798176381400e-01  3.720783510674278e-01  3.685430423509444e-01  3.879363958736927e-06 
 1.132594571899107e-05  3.737297042560107e-01  3.737282316335132e-01  3.701710288723377e-01  3.895886341839689e-06 
 1.137594571899107e-05  3.753795908673576e-01  3.753781121960216e-01  3.717985922006360e-01  3.912410403652552e-06 
 1.142594571899107e-05  3.770294774725237e-01  3.770279927555884e-01  3.734257247998738e-01  3.928935990465117e-06 
 1.147594571899107e-05  3.786793640716387e-01  3.786778733119331e-01  3.750524190209937e-01  3.945463078962694e-06 
 1.152594571899107e-05  3.803292506633570e-01  3.803277538645705e-01  3.766786671034061e-01  3.961992075486898e-06 
 1.157594571899107e-05  3.819791372491021e-01  3.819776344140811e-01  3.783044611709417e-01  3.978522525512404e-06 
 1.162594571899107e-05  3.836290238276804e-01  3.836275149600831e-01  3.799297932393085e-01  3.995054784810179e-06 
 1.167594571899107e-05  3.852789103990704e-01  3.852773955021994e-01  3.815546552070115e-01  4.011588877194496e-06 
 1.172594571899107e-05  3.869287969632508e-01  3.869272760408244e-01  3.831790388615517e-01  4.028124770080296e-06 
 1.177594571899107e-05  3.885786835206991e-01  3.885771565759129e-01  3.848029358722803e-01  4.044662322025162e-06 
 1.182594571899107e-05  3.902285700702506e-01  3.902270371071050e-01  3.864263377942813e-01  4.061201877364762e-06 
 1.187594571899107e-05  3.918784566121052e-01  3.918769176341735e-01  3.880492360655906e-01  4.077743385361895e-06 
 1.192594571899107e-05  3.935283431463301e-01  3.935267981575727e-01  3.896716220104048e-01  4.094286783288958e-06 
 1.197594571899107e-05  3.951782296728730e-01  3.951766786769115e-01  3.912934868316484e-01  4.110832103508945e-06 
 1.202594571899107e-05  3.968281161908867e-01  3.968265591920412e-01  3.929148216191220e-01  4.127379583776118e-06 
 1.207594571899107e-05  3.984780027012383e-01  3.984764397031785e-01  3.945356173436055e-01  4.143928952474414e-06 
 1.212594571899107e-05  4.001278892029208e-01  4.001263202100706e-01  3.961558648589106e-01  4.160480500315728e-06 
 1.217594571899107e-05  4.017777756961255e-01  4.017762007124890e-01  3.977755548985161e-01  4.177034177895142e-06 
 1.222594571899107e-05  4.034276621805082e-01  4.034260812106211e-01  3.993946780798160e-01  4.193590055711817e-06 
 1.227594571899106e-05  4.050775486562419e-01  4.050759617042295e-01  4.010132249004777e-01  4.210148089245817e-06 
 1.232594571899106e-05  4.067274351225270e-01  4.067258421931972e-01  4.026311857439686e-01  4.226708500985840e-06 
 1.237594571899106e-05  4.083773215798531e-01  4.083757226775019e-01  4.042485508715939e-01  4.243271138942357e-06 
 1.242594571899106e-05  4.100272080275765e-01  4.100256031571306e-01  4.058653104286249e-01  4.259836174034212e-06 
 1.247594571899106e-05  4.116770944653710e-01  4.116754836315232e-01  4.074814544407431e-01  4.276403723056876e-06 
 1.252594571899106e-05  4.133269808934614e-01  4.133253641012399e-01  4.090969728207216e-01  4.292973669992055e-06 
 1.257594571899106e-05  4.149768673117081e-01  4.149752445658488e-01  4.107118553605064e-01  4.309546068185973e-06 
 1.262594571899106e-05  4.166267537194053e-01  4.166251250252976e-01  4.123260917380275e-01  4.326121107542293e-06 
 1.267594571899106e-05  4.182766401171137e-01  4.182750054796138e-01  4.139396715139600e-01  4.342698612534765e-06 
 1.272594571899106e-05  4.199265265035664e-01  4.199248859283821e-01  4.155525841364051e-01  4.359278953977899e-06 
 1.277594571899106e-05  4.215764128791717e-01  4.215747663715288e-01  4.171648189361525e-01  4.375862006749574e-06 
 1.282594571899106e-05  4.232262992436623e-01  4.232246468092981e-01  4.187763651339674e-01  4.392447812594193e-06 
 1.287594571899106e-05  4.248761855969511e-01  4.248745272412965e-01  4.203872118361317e-01  4.409036406705842e-06 
 1.292594571899106e-05  4.265260719384397e-01  4.265244076675473e-01  4.219973480406055e-01  4.425627940685504e-06 
 1.297594571899106e-05  4.281759582684665e-01  4.281742880879389e-01  4.236067626311814e-01  4.442222309228533e-06 
 1.302594571899106e-05  4.298258445859703e-01  4.298241685021960e-01  4.252154443893653e-01  4.458819813427449e-06 
 1.307594571899106e-05  4.314757308914968e-01  4.314740489103422e-01  4.268233819861205e-01  4.475420279976449e-06 
 1.312594571899106e-05  4.331256171843014e-01  4.331239293123136e-01  4.284305639902185e-01  4.492023904829932e-06 
 1.317594571899106e-05  4.347755034642922e-01  4.347738097077180e-01  4.300369788647968e-01  4.508630723015457e-06 
 1.322594571899106e-05  4.364253897312543e-01  4.364236900968393e-01  4.316426149754083e-01  4.525240755793822e-06 
 1.327594571899106e-05  4.380752759845640e-01  4.380735704789372e-01  4.332474605852745e-01  4.541854213219249e-06 
 1.332594571899105e-05  4.397251622243154e-01  4.397234508545007e-01  4.348515038667664e-01  4.558471013690383e-06 
 1.337594571899105e-05  4.413750484505862e-01  4.413733312232598e-01  4.364547328957167e-01  4.575091132560293e-06 
 1.342594571899105e-05  4.430249346621117e-01  4.430232115848048e-01  4.380571356598297e-01  4.591714937423867e-06 
 1.347594571899105e-05  4.446748208596826e-01  4.446730919393370e-01  4.396587000544344e-01  4.608342168211385e-06 
 1.352594571899105e-05  4.463247070422680e-01  4.463229722866066e-01  4.412594138968471e-01  4.624973112803717e-06 
 1.357594571899105e-05  4.479745932097264e-01  4.479728526261989e-01  4.428592649215353e-01  4.641607818940485e-06 
 1.362594571899105e-05  4.496244793617709e-01  4.496227329583576e-01  4.444582407861321e-01  4.658246328255093e-06 
 1.367594571899105e-05  4.512743654981972e-01  4.512726132826328e-01  4.460563290736924e-01  4.674888706583798e-06 
 1.372594571899105e-05  4.529242516185587e-01  4.529224935991599e-01  4.476535173040182e-01  4.691535048684180e-06 
 1.377594571899105e-05  4.545741377230122e-01  4.545723739077281e-01  4.492497929291813e-01  4.708185302042725e-06 
 1.382594571899105e-05  4.562240238105570e-01  4.562222542081152e-01  4.508451433456579e-01  4.724839740051894e-06 
 1.387594571899105e-05  4.578739098810983e-01  4.578721344999434e-01  4.524395558952888e-01  4.741498393742466e-06 
 1.392594571899105e-05  4.595237959344898e-01  4.595220147835534e-01  4.540330178759446e-01  4.758161254787805e-06 
 1.397594571899105e-05  4.611736819704065e-01  4.611718950584200e-01  4.556255165380161e-01  4.774828428881185e-06 
 1.402594571899105e-05  4.628235679880731e-01  4.628217753244717e-01  4.572170391022751e-01  4.791500113642357e-06 
 1.407594571899105e-05  4.644734539880248e-01  4.644716555817486e-01  4.588075727592055e-01  4.808176131768739e-06 
 1.412594571899105e-05  4.661233399689368e-01  4.661215358298197e-01  4.603971046812908e-01  4.824856861346833e-06 
 1.417594571899105e-05  4.677732259313666e-01  4.677714160687423e-01  4.619856220264931e-01  4.841542116192282e-06 
 1.422594571899105e-05  4.694231118740484e-01  4.694212962981237e-01  4.635731119503868e-01  4.858232255573303e-06 
 1.427594571899105e-05  4.710729977972066e-01  4.710711765178016e-01  4.651595616111142e-01  4.874927203051095e-06 
 1.432594571899105e-05  4.727228837004842e-01  4.727210567279834e-01  4.667449581858241e-01  4.891627017689559e-06 
 1.437594571899104e-05  4.743727695840672e-01  4.743709369284862e-01  4.683292888725592e-01  4.908331633597013e-06 
 1.442594571899104e-05  4.760226554462287e-01  4.760208171186074e-01  4.699125409074789e-01  4.925041565250857e-06 
 1.447594571899104e-05  4.776725412878078e-01  4.776706972985958e-01  4.714947015717937e-01  4.941756530543470e-06 
 1.452594571899104e-05  4.793224271077444e-01  4.793205774681921e-01  4.730757582112280e-01  4.958476822240711e-06 
 1.457594571899104e-05  4.809723129065425e-01  4.809704576274186e-01  4.746556982408495e-01  4.975202271200154e-06 
 1.462594571899104e-05  4.826221986832429e-01  4.826203377760804e-01  4.762345091673377e-01  4.991933138268748e-06 
 1.467594571899104e-05  4.842720844377155e-01  4.842702179137819e-01  4.778121785974024e-01  5.008669463137018e-06 
 1.472594571899104e-05  4.859219701693655e-01  4.859200980405644e-01  4.793886942606509e-01  5.025411388524184e-06 
 1.477594571899104e-05  4.875718558782154e-01  4.875699781561306e-01  4.809640440227299e-01  5.042158904660341e-06 
 1.482594571899104e-05  4.892217415634231e-01  4.892198582603525e-01  4.825382159116093e-01  5.058912238086540e-06 
 1.487594571899104e-05  4.908716272257035e-01  4.908697383533848e-01  4.841111981299377e-01  5.075671152991466e-06 
 1.492594571899104e-05  4.925215128640810e-01  4.925196184350077e-01  4.856829790847315e-01  5.092435921823902e-06 
 1.497594571899104e-05  4.941713984781983e-01  4.941694985046592e-01  4.872535474090109e-01  5.109206666208831e-06 
 1.502594571899104e-05  4.958212840680311e-01  4.958193785627381e-01  4.888228919945118e-01  5.125983348565256e-06 
 1.507594571899104e-05  4.974711696338265e-01  4.974692586090755e-01  4.903910020148519e-01  5.142765893342554e-06 
 1.512594571899104e-05  4.991210551746146e-01  4.991191386434342e-01  4.919578669679260e-01  5.159554580372487e-06 
 1.517594571899104e-05  5.007709406906303e-01  5.007690186656182e-01  4.935234767084462e-01  5.176349346150354e-06 
 1.522594571899104e-05  5.024208261820537e-01  5.024188986761398e-01  4.950878214968075e-01  5.193150094031286e-06 
 1.527594571899104e-05  5.040707116481892e-01  5.040687786741720e-01  4.966508920446048e-01  5.209957075758412e-06 
 1.532594571899104e-05  5.057205970890822e-01  5.057186586601130e-01  4.982126795789360e-01  5.226770248754725e-06 
 1.537594571899104e-05  5.073704825055415e-01  5.073685386341082e-01  4.997731759041028e-01  5.243589376542780e-06 
 1.542594571899104e-05  5.090203678962294e-01  5.090184185956141e-01  5.013323734902762e-01  5.260414884726619e-06 
 1.547594571899104e-05  5.106702532626498e-01  5.106682985451981e-01  5.028902655664268e-01  5.277246321778586e-06 
 1.552594571899104e-05  5.123201386043549e-01  5.123181784828623e-01  5.044468462505121e-01  5.294083836912712e-06 
 1.557594571899104e-05  5.139700239216809e-01  5.139680584083529e-01  5.060021106963071e-01  5.310927383610700e-06 
 1.562594571899104e-05  5.156199092149532e-01  5.156179383221141e-01  5.075560553008117e-01  5.327776883157789e-06 
 1.567594571899105e-05  5.172697944856026e-01  5.172678182245295e-01  5.091086779596428e-01  5.344631961131309e-06 
 1.572594571899105e-05  5.189196797336766e-01  5.189176981157563e-01  5.106599784227556e-01  5.361492670599976e-06 
 1.577594571899105e-05  5.205695649607869e-01  5.205675779961502e-01  5.122099587726312e-01  5.378358636808055e-06 
 1.582594571899105e-05  5.222194501687398e-01  5.222174578668212e-01  5.137586241122183e-01  5.395229414223091e-06 
 1.587594571899105e-05  5.238693353591861e-01  5.238673377278756e-01  5.153059835423406e-01  5.412104724789773e-06 
 1.592594571899105e-05  5.255192205357889e-01  5.255172175812355e-01  5.168520516234083e-01  5.428983674223500e-06 
 1.597594571899105e-05  5.271691057031945e-01  5.271670974283735e-01  5.183968505766816e-01  5.445865241951797e-06 
 1.602594571899105e-05  5.288189908676274e-01  5.288169772719777e-01  5.199404137186748e-01  5.462748061179131e-06 
 1.607594571899106e-05  5.304688760405992e-01  5.304668571165926e-01  5.214827908923473e-01  5.479629438004846e-06 
 1.612594571899106e-05  5.321187612374071e-01  5.321167369685618e-01  5.230240572360859e-01  5.496505963655682e-06 
 1.617594571899106e-05  5.337686464828953e-01  5.337666168374741e-01  5.245643273922793e-01  5.513372083463740e-06 
 1.622594571899106e-05  5.354185318180325e-01  5.354164967405668e-01  5.261037782635016e-01  5.530218407384600e-06 
 1.627594571899106e-05  5.370684173061312e-01  5.370663767034441e-01  5.276426836177943e-01  5.547030560527850e-06 
 1.632594571899106e-05  5.387183030407990e-01  5.387162567649197e-01  5.291814603621009e-01  5.563787248426971e-06 
 1.637594571899106e-05  5.403681891464335e-01  5.403661369763004e-01  5.307207126507422e-01  5.580460056977239e-06 
 1.642594571899106e-05  5.420180757494650e-01  5.420160173907266e-01  5.322612323277317e-01  5.597020064147138e-06 
 1.647594571899107e-05  5.436679629183123e-01  5.436658980377410e-01  5.338038919538187e-01  5.613451337681549e-06 
 1.652594571899107e-05  5.453178505917862e-01  5.453157788946468e-01  5.353494036064217e-01  5.629767367012974e-06 
 1.657594571899107e-05  5.469677385685369e-01  5.469656598809466e-01  5.368980299803643e-01  5.646013341549761e-06 
 1.662594571899107e-05  5.486176265706618e-01  5.486155408838324e-01  5.384494192440551e-01  5.662252284822987e-06 
 1.667594571899107e-05  5.502675143506985e-01  5.502654218012304e-01  5.400026715139766e-01  5.678540498074058e-06 
 1.672594571899107e-05  5.519174017582044e-01  5.519153025705004e-01  5.415565867744848e-01  5.694912383228651e-06 
 1.677594571899107e-05  5.535672887457955e-01  5.535651831695015e-01  5.431099504943148e-01  5.711379263284838e-06 
 1.682594571899107e-05  5.552171753404441e-01  5.552150636072635e-01  5.446617403663330e-01  5.727935517794109e-06 
 1.687594571899107e-05  5.568670616059302e-01  5.568649439076520e-01  5.462112178794666e-01  5.744567086392549e-06 
 1.692594571899108e-05  5.585169476128831e-01  5.585148240983031e-01  5.477579281474217e-01  5.761258307275045e-06 
 1.697594571899108e-05  5.601668334274666e-01  5.601647042055352e-01  5.493016501186488e-01  5.777994175943996e-06 
 1.702594571899108e-05  5.618167190994603e-01  5.618145842492690e-01  5.508423319008320e-01  5.794763613983478e-06 
 1.707594571899108e-05  5.634666046671737e-01  5.634644642447498e-01  5.523800311155729e-01  5.811557946943458e-06 
 1.712594571899108e-05  5.651164901578619e-01  5.651143442036602e-01  5.539148681781704e-01  5.828370903174079e-06 
 1.717594571899108e-05  5.667663755891049e-01  5.667642241328217e-01  5.554469933523799e-01  5.845198551597656e-06 
 1.722594571899108e-05  5.684162609736948e-01  5.684141040382167e-01  5.569765654218418e-01  5.862037844318924e-06 
 1.727594571899108e-05  5.700661463192652e-01  5.700639839227737e-01  5.585037389948445e-01  5.878887048834846e-06 
 1.732594571899109e-05  5.717160316307577e-01  5.717138637890591e-01  5.600286577476066e-01  5.895744984811821e-06 
 1.737594571899109e-05  5.733659169121763e-01  5.733637436387389e-01  5.615514514646118e-01  5.912610647109432e-06 
 1.742594571899109e-05  5.750158021645377e-01  5.750136234724909e-01  5.630722353741889e-01  5.929483854372756e-06 
 1.747594571899109e-05  5.766656873905576e-01  5.766635032915521e-01  5.645911107398145e-01  5.946363842934888e-06 
 1.752594571899109e-05  5.783155725898361e-01  5.783133830959111e-01  5.661081660807568e-01  5.963250789265787e-06 
 1.757594571899109e-05  5.799654577640782e-01  5.799632628862781e-01  5.676234786170796e-01  5.980144196207588e-06 
 1.762594571899109e-05  5.816153429130978e-01  5.816131426628706e-01  5.691371157387841e-01  5.997044125266659e-06 
 1.767594571899109e-05  5.832652280380503e-01  5.832630224260794e-01  5.706491363741074e-01  6.013950235382495e-06 
 1.772594571899110e-05  5.849151131382780e-01  5.849129021758338e-01  5.721595922243962e-01  6.030862727449964e-06 
 1.777594571899110e-05  5.865649982144051e-01  5.865627819121944e-01  5.736685288375964e-01  6.047781422445610e-06 
 1.782594571899110e-05  5.882148832659693e-01  5.882126616352346e-01  5.751759865445776e-01  6.064706445158512e-06 
 1.787594571899110e-05  5.898647682941764e-01  5.898625413454067e-01  5.766820012537979e-01  6.081637416114458e-06 
 1.792594571899110e-05  5.915146532976009e-01  5.915124210421543e-01  5.781866051356562e-01  6.098574773074390e-06 
 1.797594571899110e-05  5.931645382772527e-01  5.931623007258091e-01  5.796898272004888e-01  6.115518193740577e-06 
 1.802594571899110e-05  5.948144232319824e-01  5.948121803960100e-01  5.811916937974976e-01  6.132468016286965e-06 
 1.807594571899110e-05  5.964643081624765e-01  5.964620600528818e-01  5.826922290328517e-01  6.149424019224069e-06 
 1.812594571899111e-05  5.981141930683687e-01  5.981119396965832e-01  5.841914551325407e-01  6.166386279934443e-06 
 1.817594571899111e-05  5.997640779491274e-01  5.997618193264496e-01  5.856893927461465e-01  6.183354969725507e-06 
 1.822594571899111e-05  6.014139628047254e-01  6.014116989428752e-01  5.871860612130647e-01  6.200330046519824e-06 
 1.827594571899111e-05  6.030638476346342e-01  6.030615785452034e-01  5.886814787827861e-01  6.217311678627214e-06 
 1.832594571899111e-05  6.047137324381262e-01  6.047114581333773e-01  5.901756628108901e-01  6.234300046347899e-06 
 1.837594571899111e-05  6.063636172161905e-01  6.063613377077559e-01  5.916686299194482e-01  6.251294809953643e-06 
 1.842594571899111e-05  6.080135019667687e-01  6.080112172674211e-01  5.931603961415879e-01  6.268296581288363e-06 
 1.847594571899111e-05  6.096633866905808e-01  6.096610968125615e-01  5.946509770386565e-01  6.285305104223619e-06 
 1.852594571899111e-05  6.113132713864711e-01  6.113109763428728e-01  5.961403878068599e-01  6.302320684292789e-06 
 1.857594571899112e-05  6.129631560539233e-01  6.129608558577475e-01  5.976286433635554e-01  6.319343463049321e-06 
 1.862594571899112e-05  6.146130406917699e-01  6.146107353568936e-01  5.991157584256663e-01  6.336373740364452e-06 
 1.867594571899112e-05  6.162629253009625e-01  6.162606148406946e-01  6.006017475724097e-01  6.353411161855003e-06 
 1.872594571899112e-05  6.179128098793032e-01  6.179104943081986e-01  6.020866253041595e-01  6.370456358349706e-06 
 1.877594571899112e-05  6.195626944266773e-01  6.195603737591127e-01  6.035704060868534e-01  6.387509315082587e-06 
 1.882594571899112e-05  6.212125789413926e-01  6.212102531928523e-01  6.050531043966795e-01  6.404570480361720e-06 
 1.887594571899112e-05  6.228624634231867e-01  6.228601326090636e-01  6.065347347516137e-01  6.421639870396359e-06 
 1.892594571899112e-05  6.245123478709630e-01  6.245100120075888e-01  6.080153117441183e-01  6.438717721441969e-06 
 1.897594571899113e-05  6.261622322831163e-01  6.261598913872328e-01  6.094948500634376e-01  6.455804473701978e-06 
 1.902594571899113e-05  6.278121166589327e-01  6.278097707481376e-01  6.109733645199251e-01  6.472900214995041e-06 
 1.907594571899113e-05  6.294620009966200e-01  6.294596500890470e-01  6.124508700601199e-01  6.490005419497401e-06 
 1.912594571899113e-05  6.311118852954372e-01  6.311095294101450e-01  6.139273817843711e-01  6.507120157042097e-06 
 1.917594571899113e-05  6.327617695520362e-01  6.327594087092183e-01  6.154029149563218e-01  6.524245385418531e-06 
 1.922594571899113e-05  6.344116537654552e-01  6.344092879863897e-01  6.168774850163935e-01  6.541381208543578e-06 
 1.927594571899113e-05  6.360615379336950e-01  6.360591672404315e-01  6.183511075865895e-01  6.558528098039984e-06 
 1.932594571899113e-05  6.377114220544809e-01  6.377090464707099e-01  6.198237984799149e-01  6.575686543183028e-06 
 1.937594571899114e-05  6.393613061248504e-01  6.393589256754816e-01  6.212955737026556e-01  6.592857281160812e-06 
 1.942594571899114e-05  6.410111901417108e-01  6.410088048537186e-01  6.227664494601306e-01  6.610041006861914e-06 
 1.947594571899114e-05  6.426610741025890e-01  6.426586840041713e-01  6.242364421570633e-01  6.627238222995329e-06 
 1.952594571899114e-05  6.443109580026494e-01  6.443085631248453e-01  6.257055684011317e-01  6.644450120275246e-06 
 1.957594571899114e-05  6.459608418381138e-01  6.459584422138615e-01  6.271738450008195e-01  6.661677531257916e-06 
 1.962594571899114e-05  6.476107256047420e-01  6.476083212698718e-01  6.286412889677516e-01  6.678921340902108e-06 
 1.967594571899114e-05  6.492606092959660e-01  6.492582002894576e-01  6.301079175126942e-01  6.696183175129442e-06 
 1.972594571899114e-05  6.509104929065443e-01  6.509080792709696e-01  6.315737480468104e-01  6.713464091982463e-06 
 1.977594571899115e-05  6.525603764285652e-01  6.525579582105130e-01  6.330387981762313e-01  6.730765986722897e-06 
 1.982594571899115e-05  6.542102598543998e-01  6.542078371053501e-01  6.345030857016313e-01  6.748090496707655e-06 
 1.987594571899115e-05  6.558601431742864e-01  6.558577159509452e-01  6.359666286130443e-01  6.765439879797315e-06 
 1.992594571899115e-05  6.575100263776628e-01  6.575075947432949e-01  6.374294450878665e-01  6.782816454581636e-06 
 1.997594571899115e-05  6.591599094517360e-01  6.591574734766703e-01  6.388915534843997e-01  6.800223135840151e-06 
 2.002594571899115e-05  6.608097923816530e-01  6.608073521451917e-01  6.403529723397682e-01  6.817663251022295e-06 
 2.007594571899115e-05  6.624596751503862e-01  6.624572307414706e-01  6.418137203630152e-01  6.835140627955013e-06 
 2.012594571899115e-05  6.641095577370414e-01  6.641071092569952e-01  6.432738164316628e-01  6.852660010732318e-06 
 2.017594571899116e-05  6.657594401191155e-01  6.657569876823795e-01  6.447332795843309e-01  6.870226348617452e-06 
 2.022594571899116e-05  6.674093222682024e-01  6.674068660061098e-01  6.461921290173287e-01  6.887846031499031e-06 
 2.027594571899116e-05  6.690592041512143e-01  6.690567442141487e-01  6.476503840762372e-01  6.905526508640508e-06 
 2.032594571899116e-05  6.707090857286068e-01  6.707066222904491e-01  6.491080642520912e-01  6.923276649724663e-06 
 2.037594571899116e-05  6.723589669550546e-01  6.723565002163138e-01  6.505651891728322e-01  6.941106490057441e-06 
 2.042594571899116e-05  6.740088477739890e-01  6.740063779685884e-01  6.520217785983431e-01  6.959028764230032e-06 
 2.047594571899116e-05  6.756587281194143e-01  6.756562555199449e-01  6.534778524119249e-01  6.977058199461919e-06 
 2.052594571899116e-05  6.773086079116345e-01  6.773061328380693e-01  6.549334306144295e-01  6.995212571200921e-06 
 2.057594571899116e-05  6.789584870544423e-01  6.789560098831331e-01  6.563885333150495e-01  7.013513419439112e-06 
 2.062594571899117e-05  6.806083654320260e-01  6.806058866080604e-01  6.578431807255125e-01  7.031986583396200e-06 
 2.067594571899117e-05  6.822582429045513e-01  6.822557629553336e-01  6.592973931495476e-01  7.050663286984634e-06 
 2.072594571899117e-05  6.839081193017467e-01  6.839056388555224e-01  6.607511909756680e-01  7.069581574771995e-06 
 2.077594571899117e-05  6.855579944180363e-01  6.855555142243549e-01  6.622045946666351e-01  7.088787304964542e-06 
 2.082594571899117e-05  6.872078680020782e-01  6.872053889592856e-01  6.636576247510944e-01  7.108336620985670e-06 
 2.087594571899117e-05  6.888577397499184e-01  6.888552629359365e-01  6.651103023682282e-01  7.128297308370180e-06 
 2.092594571899117e-05  6.905076092884970e-01  6.905051360022082e-01  6.665626477061153e-01  7.148752625780048e-06 
 2.097594571899117e-05  6.921574761652567e-01  6.921550079728843e-01  6.680146804706024e-01  7.169803599272788e-06 
 2.102594571899118e-05  6.938073398289970e-01  6.938048786233100e-01  6.694664214080310e-01  7.191573167396966e-06 
 2.107594571899118e-05  6.954571996100148e-01  6.954547476799818e-01  6.709178922318334e-01  7.214210692367111e-06 
 2.112594571899118e-05  6.971070546961123e-01  6.971046148114715e-01  6.723691139622587e-01  7.237897456124598e-06 
 2.117594571899118e-05  6.987569041072490e-01  6.987544796177567e-01  6.738201065752146e-01  7.262852035072991e-06 
 2.122273197841301e-05  7.003007035805683e-01  7.002982971456243e-01  6.751776474480173e-01  7.287582416587046e-06 
 2.126689592259884e-05  7.017579683687993e-01  7.017555828327227e-01  6.764589472030874e-01  7.312383903714190e-06 
 2.130803062989494e-05  7.031152716185962e-01  7.031129095041464e-01  6.776522410435022e-01  7.336978140929825e-06 
 2.134708401930771e-05  7.044038916422125e-01  7.044015558595232e-01  6.787850599991183e-01  7.361873689750463e-06 
 2.138386217652792e-05  7.056174302146315e-01  7.056151234014933e-01  6.798518038007696e-01  7.386892397615857e-06 
 2.141901338348217e-05  7.067772784170024e-01  7.067750035710879e-01  6.808712953607401e-01  7.412417877210687e-06 
 2.145240897858901e-05  7.078791911952883e-01  7.078769510464070e-01  6.818398183911870e-01  7.438298156632264e-06 
 2.148450914892394e-05  7.089383530379352e-01  7.089361506346885e-01  6.827707314184204e-01  7.464829671694372e-06 
 2.151523721735510e-05  7.099522342307137e-01  7.099500723644582e-01  6.836618206641141e-01  7.491884213754039e-06 
 2.154493099684577e-05  7.109319813039329e-01  7.109298630364872e-01  6.845228905516857e-01  7.519692728625839e-06 
 2.157355130684825e-05  7.118763018180774e-01  7.118742299653968e-01  6.853528115039498e-01  7.548145704318663e-06 
 2.160135536121036e-05  7.127936828209274e-01  7.127916604185545e-01  6.861590476066808e-01  7.577423440100891e-06 
 2.162833372683854e-05  7.136838134444522e-01  7.136818432945689e-01  6.869413298843419e-01  7.607432296674428e-06 
 2.165469397653458e-05  7.145535427829703e-01  7.145516278620941e-01  6.877056811237487e-01  7.638316229200957e-06 
 2.168045651396636e-05  7.154035444728731e-01  7.154016875450258e-01  6.884526962606050e-01  7.670000629550990e-06 
 2.170580905232747e-05  7.162400123359274e-01  7.162382163139970e-01  6.891878211626613e-01  7.702611522926144e-06 
 2.173081750753975e-05  7.170651217124493e-01  7.170633893499012e-01  6.899129697473931e-01  7.736110759752331e-06 
 2.175569983109029e-05  7.178860641338440e-01  7.178843983807692e-01  6.906344642386739e-01  7.770653422324779e-06 
 2.178063943387439e-05  7.187088916543647e-01  7.187072954980941e-01  6.913576253789201e-01  7.806318819014288e-06 
 2.180606469070386e-05  7.195477385901780e-01  7.195462156113065e-01  6.920948774123410e-01  7.843488884550069e-06 
 2.183274590117726e-05  7.204280208867744e-01  7.204265758840519e-01  6.928685606104946e-01  7.882905530017506e-06 
 2.186322682172028e-05  7.214336677350678e-01  7.214323105550475e-01  6.937524453282742e-01  7.927413355916133e-06 
 2.188285265139777e-05  7.220811818772428e-01  7.220798779387256e-01  6.943215682530401e-01  7.954789636539683e-06 
 2.189738082187814e-05  7.225605148022635e-01  7.225592469554507e-01  6.947428741367955e-01  7.973796785248122e-06 
 2.190896644441923e-05  7.229427691024489e-01  7.229415265865567e-01  6.950788540684836e-01  7.987639104019984e-06 
 2.191880623966452e-05  7.232674272873794e-01  7.232662030586914e-01  6.953642099034620e-01  7.998180111860077e-06 
 2.192772091432601e-05  7.235615677721386e-01  7.235603565116389e-01  6.956227409948351e-01  8.006365444871764e-06 
 2.193596173872166e-05  7.238334807981440e-01  7.238322777995793e-01  6.958617336117334e-01  8.012529618662589e-06 
 2.194361034418902e-05  7.240858600302047e-01  7.240846605758180e-01  6.960835546348860e-01  8.016693042100610e-06 
 2.195073103109727e-05  7.243208267185118e-01  7.243196263822289e-01  6.962900683962888e-01  8.018995144726371e-06 
 2.195740700942369e-05  7.245411264562286e-01  7.245399208899419e-01  6.964836877494981e-01  8.019494206489145e-06 
 2.196370861300630e-05  7.247490796592485e-01  7.247478647691055e-01  6.966664522002585e-01  8.018313827930762e-06 
 2.196970230761817e-05  7.249468794074670e-01  7.249456511695302e-01  6.968402891700228e-01  8.015505842595027e-06 
 2.197543958380566e-05  7.251362244540347e-01  7.251349790335117e-01  6.970066918210501e-01  8.011159298834276e-06 
 2.198096974204898e-05  7.253187414597024e-01  7.253174750911264e-01  6.971670898655639e-01  8.005321947850554e-06 
 2.198691713890585e-05  7.255150373895756e-01  7.255137435146162e-01  6.973395925587849e-01  7.997170513934115e-06 
 2.199227991340416e-05  7.256920452863754e-01  7.256907220761226e-01  6.974951411557044e-01  7.988118870332313e-06 
 2.199777871653427e-05  7.258735505370909e-01  7.258721928137305e-01  6.976546380669364e-01  7.977169133288655e-06 
 2.200287424495516e-05  7.260417509999030e-01  7.260403573972417e-01  6.978024402395268e-01  7.965560939845418e-06 
 2.200812095005483e-05  7.262149479952272e-01  7.262135137326191e-01  6.979546300718678e-01  7.952209450803150e-06 
 2.201312923038205e-05  7.263802798767701e-01  7.263788035689938e-01  6.980999064342096e-01  7.938254114082742e-06 
 2.201831436365008e-05  7.265514550249952e-01  7.265499321993498e-01  6.982503153322563e-01  7.922680643609980e-06 
 2.202339876557510e-05  7.267193089905236e-01  7.267177380333356e-01  6.983978047040375e-01  7.906468472299028e-06 
 2.202872864417432e-05  7.268952707280837e-01  7.268936471127959e-01  6.985524174866947e-01  7.888643322629644e-06 
 2.203419768081313e-05  7.270758295677601e-01  7.270741501855175e-01  6.987110697308753e-01  7.869705662198892e-06 
 2.204040547368472e-05  7.272807805821964e-01  7.272790365259818e-01  6.988911558582370e-01  7.847691114502606e-06 
 2.204776107262891e-05  7.275236276347385e-01  7.275218062958597e-01  6.991045436596377e-01  7.821365380977800e-06 
 2.205814369134821e-05  7.278664103806258e-01  7.278644812527653e-01  6.994057533802187e-01  7.784688442747888e-06 
 2.206579877576068e-05  7.281191384582595e-01  7.281171328011531e-01  6.996278398801888e-01  7.758754747487543e-06 
 2.207247709495370e-05  7.283396142102730e-01  7.283375447686619e-01  6.998215921123160e-01  7.737242005843161e-06 
 2.207846358584781e-05  7.285372452578461e-01  7.285351215562864e-01  6.999952754137596e-01  7.719054957284376e-06 
 2.208455429839837e-05  7.287383117407932e-01  7.287361359414044e-01  7.001719847393433e-01  7.701711488413891e-06 
 2.209012929878308e-05  7.289223484785120e-01  7.289201279978587e-01  7.003337337083956e-01  7.686965326275560e-06 
 2.209553968160049e-05  7.291009463260500e-01  7.290986852738874e-01  7.004907083328035e-01  7.673697028470433e-06 
 2.210072705311375e-05  7.292721780280594e-01  7.292698807459769e-01  7.006412141852436e-01  7.661977624813954e-06 
 2.210586879547254e-05  7.294418992917541e-01  7.294395686275699e-01  7.007903976708785e-01  7.651306291355070e-06 
 2.211096509751746e-05  7.296101164532303e-01  7.296077551876193e-01  7.009382642211196e-01  7.641661750260060e-06 
 2.211609048217296e-05  7.297792895334130e-01  7.297768998900475e-01  7.010869760711244e-01  7.632858352324811e-06 
 2.212125419459288e-05  7.299497236991503e-01  7.299473078401276e-01  7.012368015059766e-01  7.624879106819093e-06 
 2.212649844903926e-05  7.301228123681707e-01  7.301203721906142e-01  7.013889654415290e-01  7.617637522500270e-06 
 2.213184091395663e-05  7.302991386709264e-01  7.302966760032732e-01  7.015439806407542e-01  7.611115799402581e-06 
 2.213731563142823e-05  7.304798261845337e-01  7.304773426947874e-01  7.017028349950398e-01  7.605264530565444e-06 
 2.214294713121706e-05  7.306656844375566e-01  7.306631817312194e-01  7.018662404436437e-01  7.600070213033551e-06 
 2.214877026449666e-05  7.308578636256819e-01  7.308553431946935e-01  7.020352084664079e-01  7.595501325613964e-06 
 2.215481780206301e-05  7.310574451975921e-01  7.310549084798098e-01  7.022106902522582e-01  7.591550600360604e-06 
 2.216113192419455e-05  7.312658211538661e-01  7.312632694957829e-01  7.023939101046220e-01  7.588197512845620e-06 
 2.216775820180496e-05  7.314844953091140e-01  7.314819300073481e-01  7.025861908261933e-01  7.585441040138572e-06 
 2.217475401280006e-05  7.317153611335234e-01  7.317127834021094e-01  7.027891979658925e-01  7.583269504563846e-06 
 2.218218658655771e-05  7.319606371217721e-01  7.319580481232122e-01  7.030048831317546e-01  7.581688918295797e-06 
 2.219014148953780e-05  7.322231468985517e-01  7.322205477119615e-01  7.032357302928040e-01  7.580697690950157e-06 
 2.219872512593185e-05  7.325064016469606e-01  7.325037932912135e-01  7.034848284598537e-01  7.580312721417816e-06 
 2.220807702097406e-05  7.328150055150532e-01  7.328123889154001e-01  7.037562282955954e-01  7.580549046922065e-06 
 2.221838075396670e-05  7.331550163104047e-01  7.331523923117318e-01  7.040552596584166e-01  7.581444067839742e-06 
 2.222988861899540e-05  7.335347593231862e-01  7.335321286493957e-01  7.043892476948237e-01  7.583043971941142e-06 
 2.224295524672683e-05  7.339659367010798e-01  7.339632999564700e-01  7.047684893433661e-01  7.585435324175072e-06 
 2.225810293522889e-05  7.344657832995561e-01  7.344631409086054e-01  7.052081509754189e-01  7.588743141033960e-06 
 2.227614175491914e-05  7.350610297895891e-01  7.350583819771178e-01  7.057317567212599e-01  7.593194470821614e-06 
 2.229836294389502e-05  7.357942843475767e-01  7.357916310378778e-01  7.063768073386463e-01  7.599159312956971e-06 
 2.232706581227703e-05  7.367414191974508e-01  7.367387599151218e-01  7.072100888543629e-01  7.607354631586102e-06 
 2.236669241424852e-05  7.380490121680394e-01  7.380463458076760e-01  7.083606498721048e-01  7.619227909599696e-06 
 2.241669241424852e-05  7.396989025016936e-01  7.396962284129313e-01  7.098126646487716e-01  7.634838563292843e-06 
 2.246669241424852e-05  7.413487908459514e-01  7.413461099326369e-01  7.112649883707884e-01  7.650945771413584e-06 
 2.251669241424852e-05  7.429986778185699e-01  7.429959907026814e-01  7.127176396822648e-01  7.667396890989781e-06 
 2.256669241424852e-05  7.446485639071413e-01  7.446458709858873e-01  7.141706371050521e-01  7.684069049087531e-06 
 2.261669241424852e-05  7.462984494294641e-01  7.462957509604794e-01  7.156239992238878e-01  7.700883494257126e-06 
 2.266669241424852e-05  7.479483346262403e-01  7.479456307544057e-01  7.170777446592030e-01  7.717779029340124e-06 
 2.271669241424852e-05  7.495982196200395e-01  7.495955104389606e-01  7.185318920326964e-01  7.734725819868337e-06 
 2.276669241424853e-05  7.512481045137133e-01  7.512453900664390e-01  7.199864599066351e-01  7.751697258125717e-06 
 2.281669241424853e-05  7.528979893407319e-01  7.528952696593836e-01  7.214414667433572e-01  7.768685756404037e-06 
 2.286669241424853e-05  7.545478741469789e-01  7.545451492388195e-01  7.228969308757840e-01  7.785678990672587e-06 
 2.291669241424853e-05  7.561977589309834e-01  7.561950288080278e-01  7.243528704812104e-01  7.802678194944271e-06 
 2.296669241424853e-05  7.578476437178069e-01  7.578449083765340e-01  7.258093035728514e-01  7.819676313085605e-06 
 2.301669241424853e-05  7.594975284975998e-01  7.594947879433506e-01  7.272662479811198e-01  7.836676447281755e-06 
 2.306669241424853e-05  7.611474132875653e-01  7.611446675135192e-01  7.287237213547946e-01  7.853673630950006e-06 
 2.311669241424853e-05  7.627972980736450e-01  7.627945470836377e-01  7.301817411446111e-01  7.870672098369949e-06 
 2.316669241424853e-05  7.644471828719085e-01  7.644444266581987e-01  7.316403246088223e-01  7.887667111331727e-06 
 2.321669241424854e-05  7.660970676678855e-01  7.660943062336228e-01  7.330994887972709e-01  7.904662977611706e-06 
 2.326669241424854e-05  7.677469524762991e-01  7.677441858135658e-01  7.345592505584113e-01  7.921655362566098e-06 
 2.331669241424854e-05  7.693968372826262e-01  7.693940653944303e-01  7.360196265236427e-01  7.938648582853046e-06 
 2.336669241424854e-05  7.710467221029147e-01  7.710439449807630e-01  7.374806331152206e-01  7.955637851412885e-06 
 2.341669241424854e-05  7.726966069215665e-01  7.726938245682552e-01  7.389422865304647e-01  7.972627844616019e-06 
 2.346669241424854e-05  7.743464917549693e-01  7.743437041616913e-01  7.404046027502456e-01  7.989613650613709e-06 
 2.351669241424854e-05  7.759963765860124e-01  7.759935837557610e-01  7.418675975232820e-01  8.006600452260109e-06 
 2.356669241424854e-05  7.776462614320203e-01  7.776434633558688e-01  7.433312863747047e-01  8.023583021403941e-06 
 2.361669241424855e-05  7.792961462767652e-01  7.792933429572845e-01  7.447956845911343e-01  8.040566256682246e-06 
 2.366669241424855e-05  7.809460311366941e-01  7.809432225648392e-01  7.462608072290132e-01  8.057545210830195e-06 
 2.371669241424855e-05  7.825959159955662e-01  7.825931021737967e-01  7.477266691001179e-01  8.074524791366616e-06 
 2.376669241424855e-05  7.842458008703358e-01  7.842429817893209e-01  7.491932847799161e-01  8.091499877942883e-06 
 2.381669241424855e-05  7.858956857440532e-01  7.858928614062086e-01  7.506606685935802e-01  8.108475618108058e-06 
 2.386669241424855e-05  7.875455706335199e-01  7.875427410295252e-01  7.521288346242819e-01  8.125446935034267e-06 
 2.391669241424855e-05  7.891954555237496e-01  7.891926206553678e-01  7.535977967000819e-01  8.142418330897913e-06 
 2.396669241424855e-05  7.908453404294450e-01  7.908425002874120e-01  7.550675684016582e-01  8.159385418874729e-06 
 2.401669241424856e-05  7.924952253354831e-01  7.924923799216645e-01  7.565381630498390e-01  8.176352751323209e-06 
 2.406669241424856e-05  7.941451102583771e-01  7.941422595629996e-01  7.580095937135315e-01  8.193315336791638e-06 
 2.411669241424856e-05  7.957949951812507e-01  7.957921392062728e-01  7.594818731975584e-01  8.210278308840237e-06 
 2.416669241424856e-05  7.974448801206567e-01  7.974420188563786e-01  7.609550140506958e-01  8.227236659474985e-06 
 2.421669241424856e-05  7.990947650617115e-01  7.990918985094912e-01  7.624290285540554e-01  8.244194869000879e-06 
 2.426669241424856e-05  8.007446500189072e-01  8.007417781691429e-01  7.639039287287893e-01  8.261148605882775e-06 
 2.431669241424856e-05  8.023945349774959e-01  8.023916578316004e-01  7.653797263253403e-01  8.278102307238005e-06 
 2.436669241424856e-05  8.040444199532287e-01  8.040415375012342e-01  7.668564328309289e-01  8.295051218980523e-06 
 2.441669241424857e-05  8.056943049300833e-01  8.056914171734624e-01  7.683340594593290e-01  8.312000207661953e-06 
 2.446669241424857e-05  8.073441899252168e-01  8.073412968535824e-01  7.698126171584471e-01  8.328944048572704e-06 
 2.451669241424857e-05  8.089940749217737e-01  8.089911765364703e-01  7.712921166004915e-01  8.345887886597292e-06 
 2.456669241424857e-05  8.106439599355323e-01  8.106410562265089e-01  7.727725681893822e-01  8.362826948220787e-06 
 2.461669241424857e-05  8.122938449511851e-01  8.122909359196007e-01  7.742539820518151e-01  8.379765870178624e-06 
 2.466669241424857e-05  8.139437299854755e-01  8.139408156207655e-01  7.757363680444470e-01  8.396699555436864e-06 
 2.471669241424857e-05  8.155936150209236e-01  8.155906953244740e-01  7.772197357452907e-01  8.413633361709796e-06 
 2.476669241424857e-05  8.172435000753629e-01  8.172405750364600e-01  7.787040944610125e-01  8.430561828365436e-06 
 2.481669241424858e-05  8.188933851317133e-01  8.188904547514634e-01  7.801894532189472e-01  8.447490186330598e-06 
 2.486669241424858e-05  8.205432702062299e-01  8.205403344741771e-01  7.816758207742089e-01  8.464413488118391e-06 
 2.491669241424858e-05  8.221931552841362e-01  8.221902142008625e-01  7.831632056022322e-01  8.481336209703961e-06 
 2.496669241424858e-05  8.238430403793432e-01  8.238400939346626e-01  7.846516159058314e-01  8.498254173540092e-06 
 2.501669241424858e-05  8.254929254779374e-01  8.254899736724123e-01  7.861410596083118e-01  8.515171573161195e-06 
 2.506669241424858e-05  8.271428105953839e-01  8.271398534182781e-01  7.876315443604490e-01  8.532083714988382e-06 
 2.511669241424858e-05  8.287926957161403e-01  8.287897331680233e-01  7.891230775340631e-01  8.548995332790600e-06 
 2.516669241424858e-05  8.304425808547774e-01  8.304396129252224e-01  7.906156662288890e-01  8.565902024422510e-06 
 2.521669241424858e-05  8.320924659971561e-01  8.320894926865682e-01  7.921093172668234e-01  8.582808062688435e-06 
 2.526669241424859e-05  8.337423511586302e-01  8.337393724561523e-01  7.936040371986804e-01  8.599708783541441e-06 
 2.531669241424859e-05  8.353922363229567e-01  8.353892522292794e-01  7.950998322987549e-01  8.616609157894108e-06 
 2.536669241424859e-05  8.370421215069249e-01  8.370391320109842e-01  7.965967085717063e-01  8.633504044303573e-06 
 2.541669241424859e-05  8.386920066944236e-01  8.386890117966648e-01  7.980946717475330e-01  8.650398373714389e-06 
 2.546669241424859e-05  8.403418919007254e-01  8.403388915903534e-01  7.995937272883874e-01  8.667287499177046e-06 
 2.551669241424859e-05  8.419917771111189e-01  8.419887713883748e-01  8.010938803840802e-01  8.684175893891139e-06 
 2.556669241424859e-05  8.436416623411334e-01  8.436386511949222e-01  8.025951359587419e-01  8.701058826086119e-06 
 2.561669241424859e-05  8.452915475741255e-01  8.452885310050606e-01  8.040974986668228e-01  8.717941402787897e-06 
 2.566669241424860e-05  8.469414328274230e-01  8.469384108241600e-01  8.056009728997653e-01  8.734818298478651e-06 
 2.571669241424860e-05  8.485913180843004e-01  8.485882906472336e-01  8.071055627823034e-01  8.751694652491800e-06 
 2.576669241424860e-05  8.502412033608917e-01  8.502381704788692e-01  8.086112721791382e-01  8.768565524001790e-06 
 2.581669241424860e-05  8.518910886416479e-01  8.518880503148530e-01  8.101181046916968e-01  8.785435671646556e-06 
 2.586669241424860e-05  8.535409739415103e-01  8.535379301589804e-01  8.116260636646823e-01  8.802300545066004e-06 
 2.591669241424860e-05  8.551908592459708e-01  8.551878100077382e-01  8.131351521834047e-01  8.819164557507665e-06 
 2.596669241424860e-05  8.568407445699716e-01  8.568376898649132e-01  8.146453730800883e-01  8.836023158833497e-06 
 2.601669241424860e-05  8.584906298987042e-01  8.584875697267976e-01  8.161567289315823e-01  8.852880863321338e-06 
 2.606669241424861e-05  8.601405152464993e-01  8.601374495967772e-01  8.176692220657553e-01  8.869733317342609e-06 
 2.611669241424861e-05  8.617904005996132e-01  8.617873294718461e-01  8.191828545595734e-01  8.886584687897381e-06 
 2.616669241424861e-05  8.634402859718601e-01  8.634372093550454e-01  8.206976282453020e-01  8.903430789999961e-06 
 2.621669241424861e-05  8.650901713494736e-01  8.650870892433629e-01  8.222135447090080e-01  8.920275797422795e-06 
 2.626669241424861e-05  8.667400567462068e-01  8.667369691397971e-01  8.237306052967789e-01  8.937115542610674e-06 
 2.631669241424861e-05  8.683899421477572e-01  8.683868490409787e-01  8.252488111134224e-01  8.953954382189772e-06 
 2.636669241424861e-05  8.700398275690731e-01  8.700367289506983e-01  8.267681630287849e-01  8.970787747814378e-06 
 2.641669241424861e-05  8.716897129947793e-01  8.716866088648818e-01  8.282886616767137e-01  8.987620352603283e-06 
 2.646669241424862e-05  8.733395984409918e-01  8.733364887880866e-01  8.298103074613103e-01  9.004447240631915e-06 
 2.651669241424862e-05  8.749894838910656e-01  8.749863687154111e-01  8.313331005562200e-01  9.021273543573144e-06 
 2.656669241424862e-05  8.766393693619997e-01  8.766362486519822e-01  8.328570409107781e-01  9.038094015179069e-06 
 2.661669241424862e-05  8.782892548371666e-01  8.782861285929194e-01  8.343821282495532e-01  9.054913782570661e-06 
 2.666669241424862e-05  8.799391403323295e-01  8.799360085425305e-01  8.359083620785601e-01  9.071728002399951e-06 
 2.671669241424862e-05  8.815890258323245e-01  8.815858884969066e-01  8.374357416851171e-01  9.088541321838491e-06 
 2.676669241424862e-05  8.832389113520256e-01  8.832357684597643e-01  8.389642661438756e-01  9.105349188305726e-06 
 2.681669241424862e-05  8.848887968767235e-01  8.848856484275004e-01  8.404939343169079e-01  9.122156100869452e-06 
 2.686669241424862e-05  8.865386824210679e-01  8.865355284036794e-01  8.420247448596935e-01  9.138957577781356e-06 
 2.691669241424863e-05  8.881885679699928e-01  8.881854083844659e-01  8.435566962215246e-01  9.155758238901489e-06 
 2.696669241424863e-05  8.898384535392632e-01  8.898352883741600e-01  8.450897866514696e-01  9.172553229446596e-06 
 2.701669241424863e-05  8.914883391133587e-01  8.914851683686302e-01  8.466240141988692e-01  9.189347323264670e-06 
 2.706669241424863e-05  8.931382247059773e-01  8.931350483708078e-01  8.481593767192093e-01  9.206136345362023e-06 
 2.711669241424863e-05  8.947881103048482e-01  8.947849283787127e-01  8.496958718751816e-01  9.222923995445858e-06 
 2.716669241424863e-05  8.964379959226133e-01  8.964348083945726e-01  8.512334971419798e-01  9.239706449130920e-06 
 2.721669241424863e-05  8.980878815445522e-01  8.980846884147983e-01  8.527722498086705e-01  9.256488213811664e-06 
 2.726669241424863e-05  8.997377671876320e-01  8.997345684444713e-01  8.543121269838712e-01  9.273264032804117e-06 
 2.731669241424864e-05  9.013876528350063e-01  9.013844484785962e-01  8.558531255967999e-01  9.290039123268309e-06 
 2.736669241424864e-05  9.030375385007887e-01  9.030343285203692e-01  8.573952424029320e-01  9.306809164327248e-06 
 2.741669241424864e-05  9.046874241720301e-01  9.046842085673812e-01  8.589384739855480e-01  9.323578084838181e-06 
 2.746669241424864e-05  9.063373098624519e-01  9.063340886225575e-01  8.604828167609919e-01  9.340341696484733e-06 
 2.751669241424864e-05  9.079871955574713e-01  9.079839686824163e-01  8.620282669803948e-01  9.357104466915389e-06 
 2.756669241424864e-05  9.096370812722261e-01  9.096338487508149e-01  8.635748207350300e-01  9.373861738411479e-06 
 2.761669241424864e-05  9.112869669912779e-01  9.112837288237131e-01  8.651224739580954e-01  9.390618261506320e-06 
 2.766669241424864e-05  9.129368527289289e-01  9.129336089044080e-01  8.666712224299098e-01  9.407369655037787e-06 
 2.771669241424865e-05  9.145867384714688e-01  9.145834889900104e-01  8.682210617798833e-01  9.424120097330257e-06 
 2.776669241424865e-05  9.162366242330739e-01  9.162333690837360e-01  8.697719874915002e-01  9.440865243969991e-06 
 2.781669241424865e-05  9.178865099986414e-01  9.178832491817656e-01  8.713239949045760e-01  9.457609742905697e-06 
 2.786669241424865e-05  9.195363957841686e-01  9.195331292885159e-01  8.728770792202323e-01  9.474348644096982e-06 
 2.791669241424865e-05  9.211862815740978e-01  9.211830093998856e-01  8.744312355030034e-01  9.491086741597897e-06 
 2.796669241424865e-05  9.228361673813753e-01  9.228328895182659e-01  8.759864586856397e-01  9.507820093894651e-06 
 2.801669241424865e-05  9.244860531938247e-01  9.244827696417890e-01  8.775427435716412e-01  9.524552380821467e-06 
 2.806669241424865e-05  9.261359390242927e-01  9.261326497727790e-01  8.791000848398163e-01  9.541279692394893e-06 
 2.811669241424866e-05  9.277858248594386e-01  9.277825299086047e-01  8.806584770468281e-01  9.558006092697331e-06 
 2.816669241424866e-05  9.294357107131387e-01  9.294324100522672e-01  8.822179146317216e-01  9.574727329907655e-06 
 2.821669241424866e-05  9.310855965700985e-01  9.310822901998462e-01  8.837783919184365e-01  9.591448116478530e-06 
 2.826669241424866e-05  9.327354824459467e-01  9.327321703554952e-01  8.853399031202858e-01  9.608163619609120e-06 
 2.831669241424866e-05  9.343853683256479e-01  9.343820505154780e-01  8.869024423425584e-01  9.624878465154680e-06 
 2.836669241424866e-05  9.360352542236304e-01  9.360319306831441e-01  8.884660035869177e-01  9.641588216775020e-06 
 2.841669241424866e-05  9.376851401245708e-01  9.376818108545699e-01  8.900305807539690e-01  9.658297598913208e-06 
 2.846669241424866e-05  9.393350260445961e-01  9.393316910342291e-01  8.915961676475731e-01  9.675001608793260e-06 
 2.851669241424867e-05  9.409849119676877e-01  9.409815712177426e-01  8.931627579774183e-01  9.691705202894858e-06 
 2.856669241424867e-05  9.426347979087459e-01  9.426314514087637e-01  8.947303453631141e-01  9.708403783673428e-06 
 2.861669241424867e-05  9.442846838523062e-01  9.442813316032898e-01  8.962989233370591e-01  9.725102124754905e-06 
 2.866669241424867e-05  9.459345698150436e-01  9.459312118061388e-01  8.978684853483621e-01  9.741795040509600e-06 
 2.871669241424867e-05  9.475844557801364e-01  9.475810920124195e-01  8.994390247654594e-01  9.758487754758868e-06 
 2.876669241424867e-05  9.492343417630564e-01  9.492309722261473e-01  9.010105348801341e-01  9.775175477667519e-06 
 2.881669241424867e-05  9.508842277494164e-01  9.508808524440460e-01  9.025830089102128e-01  9.791862629699560e-06 
 2.886669241424867e-05  9.525341137537258e-01  9.525307326694882e-01  9.041564400032724e-01  9.808544738987647e-06 
 2.891669241424867e-05  9.541839997599092e-01  9.541806128980926e-01  9.057308212393399e-01  9.825226783216729e-06 
 2.896669241424868e-05  9.558338857836775e-01  9.558304931340187e-01  9.073061456346343e-01  9.841903891061238e-06 
 2.901669241424868e-05  9.574837718099212e-01  9.574803733735234e-01  9.088824061442632e-01  9.858580725790938e-06 
 2.906669241424868e-05  9.591336578543803e-01  9.591302536207864e-01  9.104595956655579e-01  9.875252401869400e-06 
 2.911669241424868e-05  9.607835438998532e-01  9.607801338706904e-01  9.120377070410296e-01  9.891924276011717e-06 
 2.916669241424868e-05  9.624334299638639e-01  9.624300141285741e-01  9.136167330616624e-01  9.908590875151420e-06 
 2.921669241424868e-05  9.640833160296571e-01  9.640798943896342e-01  9.151966664695085e-01  9.925257406345539e-06 
 2.926669241424868e-05  9.657332021126790e-01  9.657297746578266e-01  9.167774999609586e-01  9.941919081424192e-06 
 2.931669241424868e-05  9.673830881973159e-01  9.673796549291087e-01  9.183592261895609e-01  9.958580732966175e-06 
 2.936669241424869e-05  9.690329742993303e-01  9.690295352076433e-01  9.199418377689451e-01  9.975237464998964e-06 
 2.941669241424869e-05  9.706828604019049e-01  9.706794154885906e-01  9.215253272755420e-01  9.991894512113101e-06 
 2.946669241424869e-05  9.723327465222598e-01  9.723292957770766e-01  9.231096872516129e-01  1.000854649161429e-05 
 2.951669241424869e-05  9.739826326444181e-01  9.739791760688212e-01  9.246949102077787e-01  1.002519836464514e-05 
 2.956669241424869e-05  9.756325187822985e-01  9.756290563667560e-01  9.262809886258317e-01  1.004184584008264e-05 
 2.961669241424869e-05  9.772824049224745e-01  9.772789366683058e-01  9.278679149615098e-01  1.005849303185821e-05 
 2.966669241424869e-05  9.789322910788764e-01  9.789288169763996e-01  9.294556816469496e-01  1.007513564485202e-05 
 2.971669241424869e-05  9.805821772361943e-01  9.805786972872155e-01  9.310442810934467e-01  1.009177842082663e-05 
 2.976669241424870e-05  9.822320634108441e-01  9.822285776053216e-01  9.326337056938159e-01  1.010841624065467e-05 
 2.981669241424870e-05  9.838819495853030e-01  9.838784579254440e-01  9.342239478249773e-01  1.012505457718056e-05 
 2.986669241424870e-05  9.855318357762702e-01  9.855283382523363e-01  9.358149998504623e-01  1.014168821346630e-05 
 2.991669241424870e-05  9.871817219688300e-01  9.871782185824429e-01  9.374068541228792e-01  1.015832176837273e-05 
 2.996669241424870e-05  9.888316081772484e-01  9.888280989189072e-01  9.389995029859977e-01  1.017495082487756e-05 
 3.001669241424870e-05  9.904814943854823e-01  9.904779792574410e-01  9.405929387773138e-01  1.019158037298919e-05 
 3.006669241424870e-05  9.921313806101587e-01  9.921278596027269e-01  9.421871538301946e-01  1.020820522063861e-05 
 3.011669241424870e-05  9.937812668352572e-01  9.937777399505118e-01  9.437821404762965e-01  1.022483034628793e-05 
 3.016669241424871e-05  9.954311530754423e-01  9.954276203041740e-01  9.453778910474426e-01  1.024145120457305e-05 
 3.021669241424871e-05  9.970810393170223e-01  9.970775006609964e-01  9.469743978781484e-01  1.025807200956751e-05 
 3.026669241424871e-05  9.987309255729028e-01  9.987273810231985e-01  9.485716533071766e-01  1.027468879355625e-05 
 3.031669241424871e-05  1.000380811830431e+00  1.000377261388748e+00  9.501696496801539e-01  1.029130542999640e-05 
 3.036669241424871e-05  1.002030698102566e+00  1.002027141759900e+00  9.517683793509800e-01  1.030791793063377e-05 
 3.041669241424871e-05  1.003680584374810e+00  1.003677022133406e+00  9.533678346843674e-01  1.032453078076940e-05 
 3.046669241424871e-05  1.005330470661731e+00  1.005326902512577e+00  9.549680080572436e-01  1.034113945946408e-05 
 3.051669241424871e-05  1.006980356948562e+00  1.006976782893990e+00  9.565688918610045e-01  1.035774854372329e-05 
 3.056669241424871e-05  1.008630243250733e+00  1.008626663281530e+00  9.581704785029131e-01  1.037435322128530e-05 
 3.061669241424871e-05  1.010280129552788e+00  1.010276543671318e+00  9.597727604083396e-01  1.039095830241341e-05 
 3.066669241424871e-05  1.011930015869128e+00  1.011926424066546e+00  9.613757300219091e-01  1.040755931623951e-05 
 3.071669241424872e-05  1.013579902185423e+00  1.013576304464096e+00  9.629793798097167e-01  1.042416069677231e-05 
 3.076669241424872e-05  1.015229788515735e+00  1.015226184866926e+00  9.645837022604637e-01  1.044075808605338e-05 
 3.081669241424872e-05  1.016879674846381e+00  1.016876065272351e+00  9.661886898876663e-01  1.045735570537269e-05 
 3.086669241424872e-05  1.018529561190611e+00  1.018525945682788e+00  9.677943352303399e-01  1.047394946433556e-05 
 3.091669241424872e-05  1.020179447534297e+00  1.020175826095263e+00  9.694006308553412e-01  1.049054373155856e-05 
 3.096669241424872e-05  1.021829333892730e+00  1.021825706513531e+00  9.710075693581903e-01  1.050713374418492e-05 
 3.101669241424872e-05  1.023479220250055e+00  1.023475586933483e+00  9.726151433649316e-01  1.052372444170790e-05 
 3.106669241424872e-05  1.025129106620907e+00  1.025125467358444e+00  9.742233455329113e-01  1.054031127310127e-05 
 3.111669241424872e-05  1.026778992991044e+00  1.026775347785374e+00  9.758321685528555e-01  1.055689864761578e-05 
 3.116669241424873e-05  1.028428879375888e+00  1.028425228218101e+00  9.774416051494232e-01  1.057348175687549e-05 
 3.121669241424873e-05  1.030078765759034e+00  1.030075108652172e+00  9.790516480830074e-01  1.059006572400458e-05 
 3.126669241424873e-05  1.031728652155771e+00  1.031724989091321e+00  9.806622901503386e-01  1.060664577981798e-05 
 3.131669241424873e-05  1.033378538550626e+00  1.033374869531714e+00  9.822735241863044e-01  1.062322674445999e-05 
 3.136669241424873e-05  1.035028424959811e+00  1.035024749977683e+00  9.838853430643850e-01  1.063980354443340e-05 
 3.141669241424873e-05  1.036678311367025e+00  1.036674630424860e+00  9.854977396984262e-01  1.065638127144308e-05 
 3.146669241424873e-05  1.038328197787796e+00  1.038324510877120e+00  9.871107070428559e-01  1.067295507714505e-05 
 3.151669241424873e-05  1.039978084207063e+00  1.039974391330920e+00  9.887242380944907e-01  1.068952964423802e-05 
 3.156669241424874e-05  1.041627970639707e+00  1.041624271789695e+00  9.903383258927062e-01  1.070610033942820e-05 
 3.161669241424874e-05  1.043277857070094e+00  1.043274152249532e+00  9.919529635210796e-01  1.072267203548447e-05 
 3.166669241424874e-05  1.044927743514373e+00  1.044924032714703e+00  9.935681441075778e-01  1.073923967589606e-05 
 3.171669241424874e-05  1.046577629956315e+00  1.046573913180900e+00  9.951838608260145e-01  1.075580833693571e-05 
 3.176669241424874e-05  1.048227516411183e+00  1.048223793651807e+00  9.968001068962108e-01  1.077237324908529e-05 
 3.181669241424874e-05  1.049877402863902e+00  1.049873674123885e+00  9.984168755854543e-01  1.078893910958741e-05 
 3.186669241424874e-05  1.051527289329676e+00  1.051523554600778e+00  1.000034160208499e+00  1.080550116646547e-05 
 3.191669241424874e-05  1.053177175793449e+00  1.053173435078955e+00  1.001651954129021e+00  1.082206411496366e-05 
 3.196669241424875e-05  1.054827062269061e+00  1.054823315561151e+00  1.003270250759374e+00  1.083862365341186e-05 
 3.201669241424875e-05  1.056476948742585e+00  1.056473196044601e+00  1.004889043562236e+00  1.085518409935639e-05 
 3.206669241424875e-05  1.058126835229163e+00  1.058123076532887e+00  1.006508326050147e+00  1.087174072313612e-05 
 3.211669241424875e-05  1.059776721712301e+00  1.059772957021549e+00  1.008128091787023e+00  1.088829869317234e-05 
 3.216669241424875e-05  1.061426608209573e+00  1.061422837515773e+00  1.009748334387913e+00  1.090485247389300e-05 
 3.221669241424875e-05  1.063076494702548e+00  1.063072718009829e+00  1.011369047520064e+00  1.092140787520624e-05 
 3.226669241424875e-05  1.064726381208618e+00  1.064722598508771e+00  1.012990224902802e+00  1.093795941993778e-05 
 3.231669241424875e-05  1.066376267711969e+00  1.066372479008610e+00  1.014611860308662e+00  1.095451205446426e-05 
 3.236669241424876e-05  1.068026154227045e+00  1.068022359512441e+00  1.016233947562987e+00  1.097106127461087e-05 
 3.241669241424876e-05  1.069676040739186e+00  1.069672240017035e+00  1.017856480545194e+00  1.098761165216502e-05 
 3.246669241424876e-05  1.071325927263927e+00  1.071322120526222e+00  1.019479453188191e+00  1.100415831136022e-05 
 3.251669241424876e-05  1.072975813785036e+00  1.072972001035733e+00  1.021102859479558e+00  1.102070634845324e-05 
 3.256669241424876e-05  1.074625700318758e+00  1.074621881549847e+00  1.022726693460976e+00  1.103725065708430e-05 
 3.261669241424876e-05  1.076275586848205e+00  1.076271762063882e+00  1.024350949229390e+00  1.105379654778319e-05 
 3.266669241424876e-05  1.077925473390192e+00  1.077921642582486e+00  1.025975620936351e+00  1.107033872178847e-05 
 3.271669241424876e-05  1.079575359928666e+00  1.079571523101531e+00  1.027600702789059e+00  1.108688221884657e-05 
 3.276669241424876e-05  1.081225246478940e+00  1.081221403624664e+00  1.029226189049726e+00  1.110342223635469e-05 
 3.281669241424877e-05  1.082875133026272e+00  1.082871284148633e+00  1.030852074036629e+00  1.111996337974000e-05 
 3.286669241424877e-05  1.084525019584558e+00  1.084521164676146e+00  1.032478352123258e+00  1.113650131236033e-05 
 3.291669241424877e-05  1.086174906139298e+00  1.086171045204110e+00  1.034105017739396e+00  1.115304056359258e-05 
 3.296669241424877e-05  1.087824792705600e+00  1.087820925736030e+00  1.035732065370286e+00  1.116957639400566e-05 
 3.301669241424877e-05  1.089474679268306e+00  1.089470806268388e+00  1.037359489557686e+00  1.118611355135732e-05 
 3.306669241424877e-05  1.091124565841846e+00  1.091120686804227e+00  1.038987284898849e+00  1.120264752170278e-05 
 3.311669241424877e-05  1.092774452412071e+00  1.092770567340708e+00  1.040615446047603e+00  1.121918271684630e-05 
 3.316669241424877e-05  1.094424338992903e+00  1.094420447880530e+00  1.042243967713374e+00  1.123571479159700e-05 
 3.321669241424878e-05  1.096074225570519e+00  1.096070328421075e+00  1.043872844662137e+00  1.125224805195488e-05 
 3.326669241424878e-05  1.097724112159015e+00  1.097720208965155e+00  1.045502071715386e+00  1.126877809177783e-05 
 3.331669241424878e-05  1.099373998743668e+00  1.099370089509555e+00  1.047131643751102e+00  1.128530951860242e-05 
 3.336669241424878e-05  1.101023885339141e+00  1.101019970057453e+00  1.048761555702597e+00  1.130183774021315e-05 
 3.341669241424878e-05  1.102673771930822e+00  1.102669850605729e+00  1.050391802559552e+00  1.131836731973768e-05 
 3.346669241424878e-05  1.104323658532932e+00  1.104319731157255e+00  1.052022379366831e+00  1.133489381572879e-05 
 3.351669241424878e-05  1.105973545130992e+00  1.105969611709004e+00  1.053653281225446e+00  1.135142174857056e-05 
 3.356669241424878e-05  1.107623431739911e+00  1.107619492264294e+00  1.055284503291339e+00  1.136794644810983e-05 
 3.361669241424879e-05  1.109273318344659e+00  1.109269372819736e+00  1.056916040776207e+00  1.138447261991586e-05 
 3.366669241424879e-05  1.110923204959505e+00  1.110919253378231e+00  1.058547888946387e+00  1.140099579955983e-05 
 3.371669241424879e-05  1.112573091570579e+00  1.112569133937156e+00  1.060180043123746e+00  1.141752031458008e-05 
 3.376669241424879e-05  1.114222978190970e+00  1.114219014498626e+00  1.061812498684289e+00  1.143404208790457e-05 
 3.381669241424879e-05  1.115872864807887e+00  1.115868895060732e+00  1.063445251059165e+00  1.145056509246641e-05 
 3.386669241424879e-05  1.117522751435527e+00  1.117518775626329e+00  1.065078295733380e+00  1.146708488060114e-05 
 3.391669241424879e-05  1.119172638057672e+00  1.119168656191235e+00  1.066711628246385e+00  1.148360656377556e-05 
 3.396669241424879e-05  1.120822524691800e+00  1.120818536760469e+00  1.068345244191158e+00  1.150012460797198e-05 
 3.401669241424880e-05  1.122472411319333e+00  1.122468417328307e+00  1.069979139214638e+00  1.151664490347868e-05 
 3.406669241424880e-05  1.124122297958316e+00  1.124118297900126e+00  1.071613309016676e+00  1.153316172809513e-05 
 3.411669241424880e-05  1.125772184592098e+00  1.125768178471479e+00  1.073247749350623e+00  1.154968034072579e-05 
 3.416669241424880e-05  1.127422071236395e+00  1.127418059046203e+00  1.074882456022186e+00  1.156619578355869e-05 
 3.421669241424880e-05  1.129071957874906e+00  1.129067939620093e+00  1.076517424889825e+00  1.158271319947996e-05 
 3.426669241424880e-05  1.130721844524802e+00  1.130717820197933e+00  1.078152651863858e+00  1.159922715272665e-05 
 3.431669241424880e-05  1.132371731168569e+00  1.132367700774723e+00  1.079788132906845e+00  1.161574318941789e-05 
 3.436669241424880e-05  1.134021617822656e+00  1.134017581354769e+00  1.081423864032386e+00  1.163225610516119e-05 
 3.441669241424881e-05  1.135671504472545e+00  1.135667461935051e+00  1.083059841305765e+00  1.164877046375034e-05 
 3.446669241424881e-05  1.137321391131939e+00  1.137317342518058e+00  1.084696060842541e+00  1.166528196395930e-05 
 3.451669241424881e-05  1.138971277786078e+00  1.138967223100617e+00  1.086332518809301e+00  1.168179524962894e-05 
 3.456669241424881e-05  1.140621164450494e+00  1.140617103686415e+00  1.087969211422310e+00  1.169830541701518e-05 
 3.461669241424881e-05  1.142271051109039e+00  1.142266984271382e+00  1.089606134131596e+00  1.171481756426313e-05 
 3.466669241424881e-05  1.143920937777358e+00  1.143916864859252e+00  1.091243283293192e+00  1.173132675509719e-05 
 3.471669241424881e-05  1.145570824440119e+00  1.145566745446499e+00  1.092880656127069e+00  1.174783782198614e-05 
 3.476669241424881e-05  1.147220711114339e+00  1.147216626037775e+00  1.094518249043217e+00  1.176434536802481e-05 
 3.481669241424881e-05  1.148870597782051e+00  1.148866506627812e+00  1.096156058500559e+00  1.178085509920446e-05 
 3.486669241424882e-05  1.150520484458761e+00  1.150516387220260e+00  1.097794081005489e+00  1.179736211599983e-05 
 3.491669241424882e-05  1.152170371130532e+00  1.152166267812518e+00  1.099432313112629e+00  1.181387079491011e-05 
 3.496669241424882e-05  1.153820257811809e+00  1.153816148407524e+00  1.101070751423128e+00  1.183037658701848e-05 
 3.501669241424882e-05  1.155470144488028e+00  1.155466029002270e+00  1.102709392585430e+00  1.184688407676889e-05 
 3.506669241424882e-05  1.157120031173544e+00  1.157115909599638e+00  1.104348233293797e+00  1.186338874122376e-05 
 3.511669241424882e-05  1.158769917853806e+00  1.158765790196628e+00  1.105987270289031e+00  1.187989516371680e-05 
 3.516669241424882e-05  1.160419804542489e+00  1.160415670795661e+00  1.107626500356897e+00  1.189639904690773e-05 
 3.521669241424882e-05  1.162069691225839e+00  1.162065551394275e+00  1.109265920328693e+00  1.191290470934210e-05 
 3.526669241424883e-05  1.163719577919401e+00  1.163715431996119e+00  1.110905527079994e+00  1.192940723606257e-05 
 3.531669241424883e-05  1.165369464606575e+00  1.165365312596862e+00  1.112545317531130e+00  1.194591188508537e-05 
 3.536669241424883e-05  1.167019351302765e+00  1.167015193200045e+00  1.114185288645723e+00  1.196241378996993e-05 
 3.541669241424883e-05  1.168669237993301e+00  1.168665073802621e+00  1.115825437431248e+00  1.197891757157550e-05 
 3.546669241424883e-05  1.170319124694484e+00  1.170314954408725e+00  1.117465760937819e+00  1.199541806125878e-05 
 3.551669241424883e-05  1.171969011388355e+00  1.171964835013132e+00  1.119106256258410e+00  1.201192097578019e-05 
 3.556669241424883e-05  1.173618898092270e+00  1.173614715620671e+00  1.120746920527719e+00  1.202842079100300e-05 
 3.561669241424883e-05  1.175268784788689e+00  1.175264596226405e+00  1.122387750922490e+00  1.204492308812939e-05 
 3.566669241424884e-05  1.176918671495587e+00  1.176914476835559e+00  1.124028744660418e+00  1.206142213874161e-05 
 3.571669241424884e-05  1.178568558196526e+00  1.178564357443936e+00  1.125669899000325e+00  1.207792315955563e-05 
 3.576669241424884e-05  1.180218444905750e+00  1.180214238054284e+00  1.127311211240952e+00  1.209442165439023e-05 
 3.581669241424884e-05  1.181868331609553e+00  1.181864118664221e+00  1.128952678721527e+00  1.211092193735002e-05 
 3.586669241424884e-05  1.183518218323091e+00  1.183513999277089e+00  1.130594298820282e+00  1.212741921204953e-05 
 3.591669241424884e-05  1.185168105029808e+00  1.185163879888631e+00  1.132236068954897e+00  1.214391873361839e-05 
 3.596669241424884e-05  1.186817991744821e+00  1.186813760502162e+00  1.133877986581270e+00  1.216041571588515e-05 
 3.601669241424884e-05  1.188467878454808e+00  1.188463641115553e+00  1.135520049194040e+00  1.217691435282833e-05 
 3.606669241424885e-05  1.190117765172672e+00  1.190113521730663e+00  1.137162254325023e+00  1.219341058280799e-05 
 3.611669241424885e-05  1.191767651885877e+00  1.191763402345885e+00  1.138804599543908e+00  1.220990834245294e-05 
 3.616669241424885e-05  1.193417538606407e+00  1.193413282962463e+00  1.140447082456746e+00  1.222640387476846e-05 
 3.621669241424885e-05  1.195067425321411e+00  1.195063163578590e+00  1.142089700706548e+00  1.224290121852387e-05 
 3.626669241424885e-05  1.196717312044778e+00  1.196713044196759e+00  1.143732451971927e+00  1.225939598989253e-05 
 3.631669241424885e-05  1.198367198763056e+00  1.198362924814773e+00  1.145375333967549e+00  1.227589242592961e-05 
 3.636669241424885e-05  1.200017085488970e+00  1.200012805434359e+00  1.147018344442854e+00  1.229238652339291e-05 
 3.641669241424885e-05  1.201666972209258e+00  1.201662686053437e+00  1.148661481182453e+00  1.230888246071782e-05 
 3.646669241424885e-05  1.203316858937858e+00  1.203312566674536e+00  1.150304742004777e+00  1.232537583387162e-05 
 3.651669241424886e-05  1.204966745660026e+00  1.204962447294604e+00  1.151948124762731e+00  1.234187131023193e-05 
 3.656669241424886e-05  1.206616632390645e+00  1.206612327916786e+00  1.153591627342192e+00  1.235836417290520e-05 
 3.661669241424886e-05  1.208266519115579e+00  1.208262208538438e+00  1.155235247662505e+00  1.237485888942889e-05 
 3.666669241424886e-05  1.209916405848874e+00  1.209912089162147e+00  1.156878983675328e+00  1.239135101757861e-05 
 3.671669241424886e-05  1.211566292575228e+00  1.211561969784502e+00  1.158522833364981e+00  1.240784541458011e-05 
 3.676669241424886e-05  1.213216179310910e+00  1.213211850409559e+00  1.160166794747245e+00  1.242433689702414e-05 
 3.681669241424886e-05  1.214866066040142e+00  1.214861731033592e+00  1.161810865869618e+00  1.244083048489512e-05 
 3.686669241424886e-05  1.216515952776879e+00  1.216511611659122e+00  1.163455044810235e+00  1.245732175883925e-05 
 3.691669241424887e-05  1.218165839507690e+00  1.218161492283985e+00  1.165099329678324e+00  1.247381496035263e-05 
 3.696669241424887e-05  1.219815726246518e+00  1.219811372910685e+00  1.166743718612927e+00  1.249030567629868e-05 
 3.701669241424887e-05  1.221465612979274e+00  1.221461253536629e+00  1.168388209783260e+00  1.250679836488902e-05 
 3.706669241424887e-05  1.223115499721082e+00  1.223111134165090e+00  1.170032801387572e+00  1.252328822551926e-05 
 3.711669241424887e-05  1.224765386455706e+00  1.224761014792070e+00  1.171677491653517e+00  1.253978042427921e-05 
 3.716669241424887e-05  1.226415273198018e+00  1.226410895420670e+00  1.173322278836972e+00  1.255627023916828e-05 
 3.721669241424887e-05  1.228065159934589e+00  1.228060776048742e+00  1.174967161222518e+00  1.257276191745569e-05 
 3.726669241424887e-05  1.229715046679466e+00  1.229710656678850e+00  1.176612137122234e+00  1.258925100226209e-05 
 3.731669241424888e-05  1.231364933418749e+00  1.231360537308535e+00  1.178257204876007e+00  1.260574189873044e-05 
 3.736669241424888e-05  1.233014820164810e+00  1.233010417939244e+00  1.179902362850397e+00  1.262223070620315e-05 
 3.741669241424888e-05  1.234664706905251e+00  1.234660298569520e+00  1.181547609439254e+00  1.263872133088891e-05 
 3.746669241424888e-05  1.236314593652463e+00  1.236310179200816e+00  1.183192943062220e+00  1.265520986746720e-05 
 3.751669241424888e-05  1.237964480394038e+00  1.237960059831674e+00  1.184838362165450e+00  1.267170022347900e-05 
 3.756669241424888e-05  1.239614367142823e+00  1.239609940463846e+00  1.186483865220323e+00  1.268818834350162e-05 
 3.761669241424888e-05  1.241264253886637e+00  1.241259821096021e+00  1.188129450723818e+00  1.270467806291153e-05 
 3.766669241424888e-05  1.242914140637641e+00  1.242909701729503e+00  1.189775117197496e+00  1.272116554899681e-05 
 3.771669241424889e-05  1.244564027382961e+00  1.244559582362518e+00  1.191420863187910e+00  1.273765486917053e-05 
 3.776669241424889e-05  1.246213914135728e+00  1.246209462997013e+00  1.193066687265256e+00  1.275414186764586e-05 
 3.781669241424889e-05  1.247863800881536e+00  1.247859343630204e+00  1.194712588024050e+00  1.277063112142825e-05 
 3.786669241424889e-05  1.249513687634609e+00  1.249509224264760e+00  1.196358564081965e+00  1.278711810813523e-05 
 3.791669241424889e-05  1.251163574381864e+00  1.251159104898769e+00  1.198004614080232e+00  1.280360697200729e-05 
 3.796669241424889e-05  1.252813461137497e+00  1.252808985534871e+00  1.199650736682571e+00  1.282009320354057e-05 
 3.801669241424889e-05  1.254463347886037e+00  1.254458866169597e+00  1.201296930575449e+00  1.283658172879462e-05 
 3.806669241424889e-05  1.256113234642473e+00  1.256108746806098e+00  1.202943194467215e+00  1.285306777758519e-05 
 3.811669241424889e-05  1.257763121392722e+00  1.257758627441827e+00  1.204589527088409e+00  1.286955581944813e-05 
 3.816669241424890e-05  1.259413008150331e+00  1.259408508078977e+00  1.206235927190753e+00  1.288604156048489e-05 
 3.821669241424890e-05  1.261062894900531e+00  1.261058388714548e+00  1.207882393547453e+00  1.290252969938133e-05 
 3.826669241424890e-05  1.262712781659812e+00  1.262708269352682e+00  1.209528924952280e+00  1.291901496324423e-05 
 3.831669241424890e-05  1.264362668412076e+00  1.264358149989505e+00  1.211175520219894e+00  1.293550249418255e-05 
 3.836669241424890e-05  1.266012555171749e+00  1.266008030627779e+00  1.212822178184840e+00  1.295198770275635e-05 
 3.841669241424890e-05  1.267662441925043e+00  1.267657911265170e+00  1.214468897701983e+00  1.296847496546479e-05 
 3.846669241424890e-05  1.269312328685852e+00  1.269307791904086e+00  1.216115677645530e+00  1.298495986806112e-05 
 3.851669241424890e-05  1.270962215440751e+00  1.270957672542429e+00  1.217762516909375e+00  1.300144667069314e-05 
 3.856669241424891e-05  1.272612102202166e+00  1.272607553181645e+00  1.219409414406040e+00  1.301793143717614e-05 
 3.861669241424891e-05  1.274261988957482e+00  1.274257433820164e+00  1.221056369067164e+00  1.303441816631139e-05 
 3.866669241424891e-05  1.275911875720918e+00  1.275907314460611e+00  1.222703379842530e+00  1.305090233083148e-05 
 3.871669241424891e-05  1.277561762477376e+00  1.277557195099789e+00  1.224350445700460e+00  1.306738874555158e-05 
 3.876669241424891e-05  1.279211649241174e+00  1.279207075740380e+00  1.225997565626787e+00  1.308387285056370e-05 
 3.881669241424891e-05  1.280861535997886e+00  1.280856956379637e+00  1.227644738625208e+00  1.310035923952663e-05 
 3.886669241424891e-05  1.282511422763377e+00  1.282506837021250e+00  1.229291963716640e+00  1.311684284493839e-05 
 3.891669241424891e-05  1.284161309521252e+00  1.284156717661191e+00  1.230939239939306e+00  1.313332890682963e-05 
 3.896669241424892e-05  1.285811196286527e+00  1.285806598302579e+00  1.232586566347895e+00  1.314981263547615e-05 
 3.901669241424892e-05  1.287461083045658e+00  1.287456478943266e+00  1.234233942013907e+00  1.316629833698899e-05 
 3.906669241424892e-05  1.289110969812375e+00  1.289106359585522e+00  1.235881366024837e+00  1.318278164308463e-05 
 3.911669241424892e-05  1.290760856572282e+00  1.290756240226647e+00  1.237528837484496e+00  1.319926713787395e-05 
 3.916669241424892e-05  1.292410743338992e+00  1.292406120868822e+00  1.239176355512146e+00  1.321575049548394e-05 
 3.921669241424892e-05  1.294060630099467e+00  1.294056001510242e+00  1.240823919242960e+00  1.323223585460401e-05 
 3.926669241424892e-05  1.295710516867496e+00  1.295705882153217e+00  1.242471527826923e+00  1.324871882185959e-05 
 3.931669241424892e-05  1.297360403628439e+00  1.297355762794877e+00  1.244119180429394e+00  1.326520407239985e-05 
 3.936669241424893e-05  1.299010290397374e+00  1.299005643438378e+00  1.245766876230218e+00  1.328168678630253e-05 
 3.941669241424893e-05  1.300660177159273e+00  1.300655524080603e+00  1.247414614424015e+00  1.329817176572632e-05 
 3.946669241424893e-05  1.302310063928755e+00  1.302305404724401e+00  1.249062394219522e+00  1.331465434018500e-05 
 3.951669241424893e-05  1.303959950690897e+00  1.303955285366724e+00  1.250710214839675e+00  1.333113928075099e-05 
 3.956669241424893e-05  1.305609837461220e+00  1.305605166011013e+00  1.252358075521069e+00  1.334762161828808e-05 
 3.961669241424893e-05  1.307259724224562e+00  1.307255046654069e+00  1.254005975514185e+00  1.336410620336066e-05 
 3.966669241424893e-05  1.308909610994432e+00  1.308904927297999e+00  1.255653914082566e+00  1.338058872830339e-05 
 3.971669241424893e-05  1.310559497758226e+00  1.310554807941299e+00  1.257301890503209e+00  1.339707320124345e-05 
 3.976669241424894e-05  1.312209384529156e+00  1.312204688585872e+00  1.258949904065743e+00  1.341355541243715e-05 
 3.981669241424894e-05  1.313859271293522e+00  1.313854569229498e+00  1.260597954072910e+00  1.343003973105621e-05 
 3.986669241424894e-05  1.315509158065449e+00  1.315504449874675e+00  1.262246039839705e+00  1.344652164804082e-05 
 3.991669241424894e-05  1.317159044830539e+00  1.317154330518730e+00  1.263894160693593e+00  1.346300576149066e-05 
 3.996669241424894e-05  1.318808931602577e+00  1.318804211163932e+00  1.265542315973855e+00  1.347948767314621e-05 
 4.001669241424894e-05  1.320458818368007e+00  1.320454091808162e+00  1.267190505032072e+00  1.349597170688204e-05 
 4.006669241424894e-05  1.322108705141097e+00  1.322103972454012e+00  1.268838727231257e+00  1.351245330190197e-05 
 4.011669241424894e-05  1.323758591906792e+00  1.323753853098374e+00  1.270486981946107e+00  1.352893727857234e-05 
 4.016669241424894e-05  1.325408478680572e+00  1.325403733744634e+00  1.272135268562522e+00  1.354541867397417e-05 
 4.021669241424895e-05  1.327058365446524e+00  1.327053614389126e+00  1.273783586477608e+00  1.356190259402317e-05 
 4.026669241424895e-05  1.328708252220156e+00  1.328703495035250e+00  1.275431935099285e+00  1.357838406358790e-05 
 4.031669241424895e-05  1.330358138986990e+00  1.330353375680284e+00  1.277080313846437e+00  1.359486772006996e-05 
 4.036669241424895e-05  1.332008025760961e+00  1.332003256326590e+00  1.278728722148263e+00  1.361134910392547e-05 
 4.041669241424895e-05  1.333657912528238e+00  1.333653136971883e+00  1.280377159444635e+00  1.362783263828300e-05 
 4.046669241424895e-05  1.335307799302826e+00  1.335303017618562e+00  1.282025625185385e+00  1.364431384139420e-05 
 4.051669241424895e-05  1.336957686070327e+00  1.336952898263968e+00  1.283674118830597e+00  1.366079732667987e-05 
 4.056669241424895e-05  1.338607572844908e+00  1.338602778910605e+00  1.285322639850038e+00  1.367727855554825e-05 
 4.061669241424896e-05  1.340257459612947e+00  1.340252659556338e+00  1.286971187723353e+00  1.369376188340430e-05 
 4.066669241424896e-05  1.341907346388203e+00  1.341902540203390e+00  1.288619761939545e+00  1.371024290932391e-05 
 4.071669241424896e-05  1.343557233156780e+00  1.343552420849446e+00  1.290268361997200e+00  1.372672608219282e-05 
 4.076669241424896e-05  1.345207119932042e+00  1.345202301496474e+00  1.291916987403822e+00  1.374320712565396e-05 
 4.081669241424896e-05  1.346857006700366e+00  1.346852182142339e+00  1.293565637676261e+00  1.375969039999725e-05 
 4.086669241424896e-05  1.348506893476064e+00  1.348502062789625e+00  1.295214312340082e+00  1.377617131822523e-05 
 4.091669241424896e-05  1.350156780245018e+00  1.350151943435882e+00  1.296863010929734e+00  1.379265440205426e-05 
 4.096669241424896e-05  1.351806667021906e+00  1.351801824083929e+00  1.298511732988047e+00  1.380913494458276e-05 
 4.101669241424897e-05  1.353456553790671e+00  1.353451704730039e+00  1.300160478066456e+00  1.382561810790376e-05 
 4.106669241424897e-05  1.355106440567425e+00  1.355101585377974e+00  1.301809245724558e+00  1.384209870838592e-05 
 4.111669241424897e-05  1.356756327336125e+00  1.356751466024021e+00  1.303458035530245e+00  1.385858190967654e-05 
 4.116669241424897e-05  1.358406214113908e+00  1.358401346672612e+00  1.305106847059326e+00  1.387506218508539e-05 
 4.121669241424897e-05  1.360056100884706e+00  1.360051227320026e+00  1.306755679895527e+00  1.389154470825178e-05 
 4.126669241424897e-05  1.361705987660418e+00  1.361701107967229e+00  1.308404533630117e+00  1.390802568154683e-05 
 4.131669241424897e-05  1.363355874429241e+00  1.363350988613322e+00  1.310053407862230e+00  1.392450886995887e-05 
 4.136669241424897e-05  1.365005761207020e+00  1.365000869261878e+00  1.311702302198272e+00  1.394098916957058e-05 
 4.141669241424898e-05  1.366655647977224e+00  1.366650749908865e+00  1.313351216252037e+00  1.395747191522567e-05 
 4.146669241424898e-05  1.368305534755760e+00  1.368300630557902e+00  1.315000149644478e+00  1.397395197724966e-05 
 4.151669241424898e-05  1.369955421525212e+00  1.369950511204380e+00  1.316649102003638e+00  1.399043498291899e-05 
 4.156669241424898e-05  1.371605308303169e+00  1.371600391853022e+00  1.318298072964504e+00  1.400691524411699e-05 
 4.161669241424898e-05  1.373255195073533e+00  1.373250272500091e+00  1.319947062168933e+00  1.402339795868584e-05 
 4.166669241424898e-05  1.374905081851493e+00  1.374900153148721e+00  1.321596069265350e+00  1.403987822832152e-05 
 4.171669241424898e-05  1.376554968622868e+00  1.376550033796450e+00  1.323245093908963e+00  1.405636061715094e-05 
 4.176669241424898e-05  1.378204855400543e+00  1.378199914444879e+00  1.324894135761206e+00  1.407284098959329e-05 
 4.181669241424898e-05  1.379854742171521e+00  1.379849795092333e+00  1.326543194490047e+00  1.408932352008716e-05 
 4.186669241424899e-05  1.381504628948744e+00  1.381499675740452e+00  1.328192269769450e+00  1.410580404929300e-05 
 4.191669241424899e-05  1.383154515720245e+00  1.383149556388249e+00  1.329841361279759e+00  1.412228641125502e-05 
 4.196669241424899e-05  1.384804402499863e+00  1.384799437037942e+00  1.331490468707230e+00  1.413876615642136e-05 
 4.201669241424899e-05  1.386454289270789e+00  1.386449317685350e+00  1.333139591743998e+00  1.415524871711329e-05 
 4.206669241424899e-05  1.388104176049545e+00  1.388099198334467e+00  1.334788730087999e+00  1.417172875049353e-05 
 4.211669241424899e-05  1.389754062820514e+00  1.389749078981898e+00  1.336437883442931e+00  1.418821130296982e-05 
 4.216669241424899e-05  1.391403949598941e+00  1.391398959630794e+00  1.338087051517927e+00  1.420469144870462e-05 
 4.221669241424899e-05  1.393053836370455e+00  1.393048840278578e+00  1.339736234027795e+00  1.422117382798611e-05 
 4.226669241424900e-05  1.394703723149509e+00  1.394698720927882e+00  1.341385430692641e+00  1.423765377077215e-05 
 4.231669241424900e-05  1.396353609920792e+00  1.396348601575517e+00  1.343034641237863e+00  1.425413622843539e-05 
 4.236669241424900e-05  1.398003496699255e+00  1.397998482224424e+00  1.344683865393972e+00  1.427061637017339e-05 
 4.241669241424900e-05  1.399653383471610e+00  1.399648362872764e+00  1.346333102896783e+00  1.428709847833843e-05 
 4.246669241424900e-05  1.401303270249920e+00  1.401298243521572e+00  1.347982353486914e+00  1.430357867203486e-05 
 4.251669241424900e-05  1.402953157023062e+00  1.402948124170428e+00  1.349631616910046e+00  1.432006052262815e-05 
 4.256669241424900e-05  1.404603043801854e+00  1.404598004819554e+00  1.351280892916572e+00  1.433654055978315e-05 
 4.261669241424900e-05  1.406252930574062e+00  1.406247885467794e+00  1.352930181261834e+00  1.435302272146093e-05 
 4.266669241424901e-05  1.407902817351840e+00  1.407897766116248e+00  1.354579481705478e+00  1.436950309501350e-05 
 4.271669241424901e-05  1.409552704124452e+00  1.409547646764760e+00  1.356228794012000e+00  1.438598512213225e-05 
 4.276669241424901e-05  1.411202590903922e+00  1.411197527414331e+00  1.357878117950314e+00  1.440246493835287e-05 
 4.281669241424901e-05  1.412852477675842e+00  1.412847408062389e+00  1.359527453293746e+00  1.441894719528778e-05 
 4.286669241424901e-05  1.414502364454553e+00  1.414497288711458e+00  1.361176799819857e+00  1.443542726330698e-05 
 4.291669241424901e-05  1.416152251226892e+00  1.416147169359799e+00  1.362826157310527e+00  1.445190938057584e-05 
 4.296669241424901e-05  1.417802138006428e+00  1.417797050009417e+00  1.364475525551740e+00  1.446838917436994e-05 
 4.301669241424901e-05  1.419452024778458e+00  1.419446930657553e+00  1.366124904333661e+00  1.448487139622181e-05 
 4.306669241424902e-05  1.421101911558159e+00  1.421096811307288e+00  1.367774293450412e+00  1.450135113228433e-05 
 4.311669241424902e-05  1.422751798330022e+00  1.422746691955318e+00  1.369423692700087e+00  1.451783340920326e-05 
 4.316669241424902e-05  1.424401685108831e+00  1.424396572604465e+00  1.371073101884567e+00  1.453431343947487e-05 
 4.321669241424902e-05  1.426051571881465e+00  1.426046453253014e+00  1.372722520809584e+00  1.455079545837796e-05 
 4.326669241424902e-05  1.427701458660284e+00  1.427696333902171e+00  1.374371949284565e+00  1.456727548376460e-05 
 4.331669241424902e-05  1.429351345433255e+00  1.429346214550950e+00  1.376021387122732e+00  1.458375738920289e-05 
 4.336669241424902e-05  1.431001232211938e+00  1.430996095200026e+00  1.377670834140581e+00  1.460023745633392e-05 
 4.341669241424902e-05  1.432651118984093e+00  1.432645975848271e+00  1.379320290158367e+00  1.461671962978006e-05 
 4.346669241424903e-05  1.434301005763449e+00  1.434295856497797e+00  1.380969754999767e+00  1.463319947153579e-05 
 4.351669241424903e-05  1.435950892535833e+00  1.435945737146202e+00  1.382619228491867e+00  1.464968156682224e-05 
 4.356669241424903e-05  1.437600779315180e+00  1.437595617795730e+00  1.384268710465027e+00  1.466616140768979e-05 
 4.361669241424903e-05  1.439250666087251e+00  1.439245498443936e+00  1.385918200752871e+00  1.468264360356245e-05 
 4.366669241424903e-05  1.440900552866696e+00  1.440895379093539e+00  1.387567699192237e+00  1.469912340646038e-05 
 4.371669241424903e-05  1.442550439638855e+00  1.442545259741814e+00  1.389217205623189e+00  1.471560556991452e-05 
 4.376669241424903e-05  1.444200326418119e+00  1.444195140391303e+00  1.390866719888733e+00  1.473208542965587e-05 
 4.381669241424903e-05  1.445850213190104e+00  1.445845021039476e+00  1.392516241834945e+00  1.474856764551254e-05 
 4.386669241424903e-05  1.447500099969814e+00  1.447494901689271e+00  1.394165771310945e+00  1.476504735093288e-05 
 4.391669241424904e-05  1.449149986741345e+00  1.449144782337151e+00  1.395815308168672e+00  1.478152971533739e-05 
 4.396669241424904e-05  1.450799873521505e+00  1.450794662987252e+00  1.397464852262947e+00  1.479800926688083e-05 
 4.401669241424904e-05  1.452449760293154e+00  1.452444543635228e+00  1.399114403451427e+00  1.481449158465596e-05 
 4.406669241424904e-05  1.454099647073264e+00  1.454094424285299e+00  1.400763961594616e+00  1.483097114974412e-05 
 4.411669241424904e-05  1.455749533845218e+00  1.455744304933487e+00  1.402413526555541e+00  1.484745336360238e-05 
 4.416669241424904e-05  1.457399420624730e+00  1.457394185583180e+00  1.404063098199989e+00  1.486393311720642e-05 
 4.421669241424904e-05  1.459049307396508e+00  1.459044066231264e+00  1.405712676396298e+00  1.488041538391129e-05 
 4.426669241424904e-05  1.460699194175122e+00  1.460693946880373e+00  1.407362261015372e+00  1.489689542839375e-05 
 4.431669241424905e-05  1.462349080948143e+00  1.462343827529293e+00  1.409011851930689e+00  1.491337727787681e-05 
 4.436669241424905e-05  1.463998967726749e+00  1.463993708178406e+00  1.410661449018035e+00  1.492985732036087e-05 
 4.441669241424905e-05  1.465648854498447e+00  1.465643588826466e+00  1.412311052155739e+00  1.494633960083251e-05 
 4.446669241424905e-05  1.467298741277466e+00  1.467293469475868e+00  1.413960661224441e+00  1.496281949765531e-05 
 4.451669241424905e-05  1.468948628050407e+00  1.468943350124762e+00  1.415610276107127e+00  1.497930136112717e-05 
 4.456669241424905e-05  1.470598514828398e+00  1.470593230773495e+00  1.417259896688944e+00  1.499578159279324e-05 
 4.461669241424905e-05  1.472248401600620e+00  1.472243111421930e+00  1.418909522857428e+00  1.501226368630332e-05 
 4.466669241424905e-05  1.473898288379568e+00  1.473892992071310e+00  1.420559154502254e+00  1.502874359356221e-05 
 4.471669241424906e-05  1.475548175151427e+00  1.475542872719515e+00  1.422208791515200e+00  1.504522580186936e-05 
 4.476669241424906e-05  1.477198061931238e+00  1.477192753369482e+00  1.423858433790246e+00  1.506170541469711e-05 
 4.481669241424906e-05  1.478847948703039e+00  1.478842634017665e+00  1.425508081223344e+00  1.507818763543875e-05 
 4.486669241424906e-05  1.480497835481851e+00  1.480492514666985e+00  1.427157733712502e+00  1.509466757089730e-05 
 4.491669241424906e-05  1.482147722253025e+00  1.482142395314773e+00  1.428807391157725e+00  1.511114999036887e-05 
 4.496669241424906e-05  1.483797609031630e+00  1.483792275963968e+00  1.430457053460941e+00  1.512762998600151e-05 
 4.501669241424906e-05  1.485447495804025e+00  1.485442156612575e+00  1.432106720526064e+00  1.514411199602282e-05 
 4.506669241424906e-05  1.487097382582389e+00  1.487092037261627e+00  1.433756392258828e+00  1.516059206293179e-05 
 4.511669241424907e-05  1.488747269354425e+00  1.488741917910015e+00  1.435406068566866e+00  1.517707418286517e-05 
 4.516669241424907e-05  1.490397156132476e+00  1.490391798558875e+00  1.437055749359569e+00  1.519355434458718e-05 
 4.521669241424907e-05  1.492047042904103e+00  1.492041679207011e+00  1.438705434548049e+00  1.521003658997577e-05 
 4.526669241424907e-05  1.493696929681980e+00  1.493691559855773e+00  1.440355124045182e+00  1.522651680076963e-05 
 4.531669241424907e-05  1.495346816453645e+00  1.495341440503947e+00  1.442004817765624e+00  1.524299902728443e-05 
 4.536669241424907e-05  1.496996703232612e+00  1.496991321153444e+00  1.443654515625661e+00  1.525947886881812e-05 
 4.541669241424907e-05  1.498646590004824e+00  1.498641201801998e+00  1.445304217543205e+00  1.527596090570683e-05 
 4.546669241424907e-05  1.500296476782594e+00  1.500291082450721e+00  1.446953923437761e+00  1.529244113382017e-05 
 4.551669241424907e-05  1.501946363554323e+00  1.501940963098973e+00  1.448603633230474e+00  1.530892332147715e-05 
 4.556669241424908e-05  1.503596250331937e+00  1.503590843747609e+00  1.450253346844020e+00  1.532540359222307e-05 
 4.561669241424908e-05  1.505246137104191e+00  1.505240724396225e+00  1.451903064202562e+00  1.534188559691530e-05 
 4.566669241424908e-05  1.506896023881461e+00  1.506890605044650e+00  1.453552785231766e+00  1.535836597268831e-05 
 4.571669241424908e-05  1.508545910653354e+00  1.508540485693050e+00  1.455202509858771e+00  1.537484808507218e-05 
 4.576669241424908e-05  1.510195797431343e+00  1.510190366341965e+00  1.456852238012019e+00  1.539132821548589e-05 
 4.581669241424908e-05  1.511845684202633e+00  1.511840246989979e+00  1.458501969621525e+00  1.540781052038243e-05 
 4.586669241424908e-05  1.513495570980366e+00  1.513490127638746e+00  1.460151704618667e+00  1.542429072318268e-05 
 4.591669241424908e-05  1.515145457751278e+00  1.515140008286529e+00  1.461801442936122e+00  1.544077314398651e-05 
 4.596669241424909e-05  1.516795344529555e+00  1.516789888935675e+00  1.463451184507931e+00  1.545725315560637e-05 
 4.601669241424909e-05  1.518445231300275e+00  1.518439769583349e+00  1.465100929269298e+00  1.547373563125520e-05 
 4.606669241424909e-05  1.520095118078172e+00  1.520089650232262e+00  1.466750677156821e+00  1.549021575789416e-05 
 4.611669241424909e-05  1.521745004849732e+00  1.521739530880507e+00  1.468400428108382e+00  1.550669794821568e-05 
 4.616669241424909e-05  1.523394891627209e+00  1.523389411529158e+00  1.470050182063068e+00  1.552317820430665e-05 
 4.621669241424909e-05  1.525044778397606e+00  1.525039292176657e+00  1.471699938961074e+00  1.553966076766310e-05 
 4.626669241424909e-05  1.526694665174733e+00  1.526689172825090e+00  1.473349698743823e+00  1.555614113077956e-05 
 4.631669241424909e-05  1.528344551946063e+00  1.528339053473229e+00  1.474999461353892e+00  1.557262337372566e-05 
 4.636669241424910e-05  1.529994438723767e+00  1.529988934122065e+00  1.476649226735059e+00  1.558910353455948e-05 
 4.641669241424910e-05  1.531644325493831e+00  1.531638814769380e+00  1.478298994832062e+00  1.560558618895423e-05 
 4.646669241424910e-05  1.533294212271147e+00  1.533288695417982e+00  1.479948765590855e+00  1.562206646569534e-05 
 4.651669241424910e-05  1.534944099042338e+00  1.534938576066063e+00  1.481598538958473e+00  1.563854873661905e-05 
 4.656669241424910e-05  1.536593985819591e+00  1.536588456714636e+00  1.483248314882956e+00  1.565502902690487e-05 
 4.661669241424910e-05  1.538243872590057e+00  1.538238337362259e+00  1.484898093313285e+00  1.567151152697861e-05 
 4.666669241424910e-05  1.539893759367295e+00  1.539888218010845e+00  1.486547874199617e+00  1.568799180860471e-05 
 4.671669241424910e-05  1.541543646137024e+00  1.541538098657995e+00  1.488197657492911e+00  1.570447454471187e-05 
 4.676669241424911e-05  1.543193532914907e+00  1.543187979307029e+00  1.489847443145308e+00  1.572095460074064e-05 
 4.681669241424911e-05  1.544843419684411e+00  1.544837859954055e+00  1.491497231109702e+00  1.573743739968642e-05 
 4.686669241424911e-05  1.546493306461136e+00  1.546487740602337e+00  1.493147021340011e+00  1.575391782941626e-05 
 4.691669241424911e-05  1.548143193231447e+00  1.548137621249916e+00  1.494796813791001e+00  1.577040035125037e-05 
 4.696669241424911e-05  1.549793080007868e+00  1.549787501898017e+00  1.496446608418454e+00  1.578688087024215e-05 
 4.701669241424911e-05  1.551442966778398e+00  1.551437382545760e+00  1.498096405178972e+00  1.580336330991976e-05 
 4.706669241424911e-05  1.553092853555381e+00  1.553087263194252e+00  1.499746204029975e+00  1.581984363151387e-05 
 4.711669241424911e-05  1.554742740325736e+00  1.554737143841904e+00  1.501396004929744e+00  1.583632611648857e-05 
 4.716669241424911e-05  1.556392627100779e+00  1.556387024489131e+00  1.503045807837395e+00  1.585280706979959e-05 
 4.721669241424912e-05  1.558042513870900e+00  1.558036905136644e+00  1.504695612712797e+00  1.586928962294200e-05 
 4.726669241424912e-05  1.559692400648078e+00  1.559686785785305e+00  1.506345419516756e+00  1.588576985771667e-05 
 4.731669241424912e-05  1.561342287417476e+00  1.561336666432360e+00  1.507995228210719e+00  1.590225263934297e-05 
 4.736669241424912e-05  1.562992174193741e+00  1.562986547080435e+00  1.509645038757000e+00  1.591873316610629e-05 
 4.741669241424912e-05  1.564642060963656e+00  1.564636427727855e+00  1.511294851118529e+00  1.593521576498988e-05 
 4.746669241424912e-05  1.566291947739864e+00  1.566286308375915e+00  1.512944665259146e+00  1.595169629730432e-05 
 4.751669241424912e-05  1.567941834508490e+00  1.567936189022501e+00  1.514594481143189e+00  1.596817931318768e-05 
 4.756669241424912e-05  1.569591721284484e+00  1.569586069670435e+00  1.516244298735933e+00  1.598465990567622e-05 
 4.761669241424913e-05  1.571241608054469e+00  1.571235950317942e+00  1.517894118003236e+00  1.600114246059497e-05 
 4.766669241424913e-05  1.572891494830152e+00  1.572885830965691e+00  1.519543938911641e+00  1.601762314478793e-05 
 4.771669241424913e-05  1.574541381599373e+00  1.574535711612718e+00  1.521193761428312e+00  1.603410593951485e-05 
 4.776669241424913e-05  1.576191268375892e+00  1.576185592261032e+00  1.522843585521184e+00  1.605058633904662e-05 
 4.781669241424913e-05  1.577841155144401e+00  1.577835472907607e+00  1.524493411158665e+00  1.606706935981496e-05 
 4.786669241424913e-05  1.579491041919787e+00  1.579485353555199e+00  1.526143238309933e+00  1.608355011817081e-05 
 4.791669241424913e-05  1.581140928689567e+00  1.581135234202636e+00  1.527793066944765e+00  1.610003270706239e-05 
 4.796669241424913e-05  1.582790815465042e+00  1.582785114850303e+00  1.529442897033482e+00  1.611651342700451e-05 
 4.801669241424914e-05  1.584440702233731e+00  1.584434995497037e+00  1.531092728546945e+00  1.613299636717066e-05 
 4.806669241424914e-05  1.586090589009436e+00  1.586084876144882e+00  1.532742561456777e+00  1.614947699651860e-05 
 4.811669241424914e-05  1.587740475778362e+00  1.587734756791795e+00  1.534392395734969e+00  1.616595984542441e-05 
 4.816669241424914e-05  1.589390362554241e+00  1.589384637439770e+00  1.536042231354268e+00  1.618244040815896e-05 
 4.821669241424914e-05  1.591040249322924e+00  1.591034518086542e+00  1.537692068287739e+00  1.619892332811904e-05 
 4.826669241424914e-05  1.592690136098403e+00  1.592684398734277e+00  1.539341906509170e+00  1.621540400853724e-05 
 4.831669241424914e-05  1.594340022865756e+00  1.594334279380188e+00  1.540991745992659e+00  1.623188735904180e-05 
 4.836669241424914e-05  1.595989909641079e+00  1.595984160027837e+00  1.542641586713092e+00  1.624836807987212e-05 
 4.841669241424915e-05  1.597639796410555e+00  1.597634040675180e+00  1.544291428645665e+00  1.626485071428284e-05 
 4.846669241424915e-05  1.599289683183904e+00  1.599283921321543e+00  1.545941271766095e+00  1.628133207704410e-05 
 4.851669241424915e-05  1.600939569953368e+00  1.600933801968891e+00  1.547591116050683e+00  1.629781470679189e-05 
 4.856669241424915e-05  1.602589456728653e+00  1.602583682616559e+00  1.549240961476120e+00  1.631429541651996e-05 
 4.861669241424915e-05  1.604239343496569e+00  1.604233563262907e+00  1.550890808019463e+00  1.633077854542402e-05 
 4.866669241424915e-05  1.605889230270980e+00  1.605883443910015e+00  1.552540655658486e+00  1.634725953359603e-05 
 4.871669241424915e-05  1.607539117039429e+00  1.607533324556734e+00  1.554190504371219e+00  1.636374247642670e-05 
 4.876669241424915e-05  1.609189003812885e+00  1.609183205203231e+00  1.555840354136163e+00  1.638022376857779e-05 
 4.881669241424916e-05  1.610838890581695e+00  1.610833085850214e+00  1.557490204932280e+00  1.639670657795965e-05 
 4.886669241424916e-05  1.612488777355620e+00  1.612482966497044e+00  1.559140056738943e+00  1.641318770291114e-05 
 4.891669241424916e-05  1.614138664123193e+00  1.614132847143227e+00  1.560789909535865e+00  1.642967091152921e-05 
 4.896669241424916e-05  1.615788550897594e+00  1.615782727790394e+00  1.562439763303297e+00  1.644615186617248e-05 
 4.901669241424916e-05  1.617438437664904e+00  1.617432608436424e+00  1.564089618021699e+00  1.646263515006367e-05 
 4.906669241424916e-05  1.619088324439475e+00  1.619082489083718e+00  1.565739473672176e+00  1.647911603964788e-05 
 4.911669241424916e-05  1.620738211207829e+00  1.620732369730459e+00  1.567389330235977e+00  1.649559896737952e-05 
 4.916669241424916e-05  1.622388097982304e+00  1.622382250377711e+00  1.569039187694824e+00  1.651207987583752e-05 
 4.921669241424916e-05  1.624037984748899e+00  1.624032131023313e+00  1.570689046030738e+00  1.652856337355766e-05 
 4.926669241424917e-05  1.625687871522954e+00  1.625682011670312e+00  1.572338905226307e+00  1.654504440636064e-05 
 4.931669241424917e-05  1.627337758290057e+00  1.627331892316267e+00  1.573988765264133e+00  1.656152772688918e-05 
 4.936669241424917e-05  1.628987645064490e+00  1.628981772963531e+00  1.575638626127496e+00  1.657800862468903e-05 
 4.941669241424917e-05  1.630637531830519e+00  1.630631653608803e+00  1.577288487799732e+00  1.659449228783240e-05 
 4.946669241424917e-05  1.632287418604311e+00  1.632281534255664e+00  1.578938350264841e+00  1.661097338414013e-05 
 4.951669241424917e-05  1.633937305371779e+00  1.633931414901906e+00  1.580588213506841e+00  1.662745656100582e-05 
 4.956669241424917e-05  1.635587192145359e+00  1.635581295548646e+00  1.582238077510185e+00  1.664393771748765e-05 
 4.961669241424917e-05  1.637237078912668e+00  1.637231176194805e+00  1.583887942259610e+00  1.666042093498749e-05 
 4.966669241424918e-05  1.638886965685682e+00  1.638881056841196e+00  1.585537807740239e+00  1.667690226377592e-05 
 4.971669241424918e-05  1.640536852452809e+00  1.640530937487254e+00  1.587187673937368e+00  1.669338553101376e-05 
 4.976669241424918e-05  1.642186739226307e+00  1.642180818133978e+00  1.588837540836703e+00  1.670986669171442e-05 
 4.981669241424918e-05  1.643836625993026e+00  1.643830698779786e+00  1.590487408424075e+00  1.672635008307520e-05 
 4.986669241424918e-05  1.645486512765854e+00  1.645480579426094e+00  1.592137276685837e+00  1.674283145027735e-05 
 4.991669241424918e-05  1.647136399533144e+00  1.647130460072300e+00  1.593787145608437e+00  1.675931464157593e-05 
 4.996669241424918e-05  1.648786286306131e+00  1.648780340718729e+00  1.595437015178665e+00  1.677579594704968e-05 
 5.001669241424918e-05  1.650436173072193e+00  1.650430221364149e+00  1.597086885383456e+00  1.679227953092312e-05 
 5.006669241424919e-05  1.652086059846040e+00  1.652080102011168e+00  1.598736756210313e+00  1.680876053885710e-05 
 5.011669241424919e-05  1.653735946612074e+00  1.653729982656591e+00  1.600386627646611e+00  1.682524412095419e-05 
 5.016669241424919e-05  1.655385833384715e+00  1.655379863302833e+00  1.602036499680209e+00  1.684172551546783e-05 
 5.021669241424919e-05  1.657035720149965e+00  1.657029743947755e+00  1.603686372299026e+00  1.685820934780919e-05 
 5.026669241424919e-05  1.658685606923635e+00  1.658679624594694e+00  1.605336245491542e+00  1.687469039104825e-05 
 5.031669241424919e-05  1.660335493690081e+00  1.660329505240433e+00  1.606986119246095e+00  1.689117381527162e-05 
 5.036669241424919e-05  1.661985380462061e+00  1.661979385886274e+00  1.608635993551522e+00  1.690765540562860e-05 
 5.041669241424919e-05  1.663635267227005e+00  1.663629266531040e+00  1.610285868396736e+00  1.692413931546352e-05 
 5.046669241424920e-05  1.665285154000349e+00  1.665279147177808e+00  1.611935743771114e+00  1.694062044108113e-05 
 5.051669241424920e-05  1.666935040766707e+00  1.666929027823526e+00  1.613585619663909e+00  1.695710387352015e-05 
 5.056669241424920e-05  1.668584927538914e+00  1.668578908469557e+00  1.615235496064823e+00  1.697358536506728e-05 
 5.061669241424920e-05  1.670234814305509e+00  1.670228789115455e+00  1.616885372963597e+00  1.699006870757823e-05 
 5.066669241424920e-05  1.671884701077048e+00  1.671878669761068e+00  1.618535250350306e+00  1.700655040718115e-05 
 5.071669241424920e-05  1.673534587842160e+00  1.673528550406008e+00  1.620185128215153e+00  1.702303422775414e-05 
 5.076669241424920e-05  1.675184474614527e+00  1.675178431052189e+00  1.621835006548702e+00  1.703951564136361e-05 
 5.081669241424920e-05  1.676834361380086e+00  1.676828311697444e+00  1.623484885341410e+00  1.705599930384085e-05 
 5.086669241424920e-05  1.678484248150876e+00  1.678478192342603e+00  1.625134764584219e+00  1.707248122659859e-05 
 5.091669241424921e-05  1.680134134917805e+00  1.680128072988778e+00  1.626784644268071e+00  1.708896442722305e-05 
 5.096669241424921e-05  1.681784021688582e+00  1.681777953633951e+00  1.628434524384166e+00  1.710544634287537e-05 
 5.101669241424921e-05  1.683433908453335e+00  1.683427834278710e+00  1.630084404923778e+00  1.712193025004575e-05 
 5.106669241424921e-05  1.685083795225996e+00  1.685077714925146e+00  1.631734285878554e+00  1.713841153198277e-05 
 5.111669241424921e-05  1.686733681991444e+00  1.686727595570387e+00  1.633384167240120e+00  1.715489519823475e-05 
 5.116669241424921e-05  1.688383568762150e+00  1.688377476215552e+00  1.635034049000431e+00  1.717137711388707e-05 
 5.121669241424921e-05  1.690033455527527e+00  1.690027356860766e+00  1.636683931151408e+00  1.718786079235151e-05 
 5.126669241424921e-05  1.691683342298965e+00  1.691677237506436e+00  1.638333813685363e+00  1.720434245442889e-05 
 5.131669241424922e-05  1.693333229063730e+00  1.693327118151267e+00  1.639983696594494e+00  1.722082632340760e-05 
 5.136669241424922e-05  1.694983115835017e+00  1.694976998796853e+00  1.641633579871451e+00  1.723730802611914e-05 
 5.141669241424922e-05  1.696633002599744e+00  1.696626879441680e+00  1.643283463508756e+00  1.725379189620808e-05 
 5.146669241424922e-05  1.698282889370260e+00  1.698276760086777e+00  1.644933347499293e+00  1.727027384139233e-05 
 5.151669241424922e-05  1.699932776134898e+00  1.699926640731564e+00  1.646583231835901e+00  1.728675773102119e-05 
 5.156669241424922e-05  1.701582662906135e+00  1.701576521377158e+00  1.648233116511834e+00  1.730323942573913e-05 
 5.161669241424922e-05  1.703232549671030e+00  1.703226402022137e+00  1.649883001520225e+00  1.731972321833449e-05 
 5.166669241424922e-05  1.704882436442613e+00  1.704876282667979e+00  1.651532886854539e+00  1.733620478737517e-05 
 5.171669241424923e-05  1.706532323206597e+00  1.706526163312376e+00  1.653182772508090e+00  1.735268887084897e-05 
 5.176669241424923e-05  1.708182209976744e+00  1.708176043957293e+00  1.654832658474602e+00  1.736917090063221e-05 
 5.181669241424923e-05  1.709832096741126e+00  1.709825924601965e+00  1.656482544747769e+00  1.738565484555018e-05 
 5.186669241424923e-05  1.711481983511989e+00  1.711475805247374e+00  1.658132431321601e+00  1.740213662797573e-05 
 5.191669241424923e-05  1.713131870275944e+00  1.713125685891795e+00  1.659782318189917e+00  1.741862069768277e-05 
 5.196669241424923e-05  1.714781757045997e+00  1.714775566536685e+00  1.661432205346967e+00  1.743510273768007e-05 
 5.201669241424923e-05  1.716431643809220e+00  1.716425447180635e+00  1.663082092786811e+00  1.745158704231029e-05 
 5.206669241424923e-05  1.718081530581124e+00  1.718075327826770e+00  1.664731980504079e+00  1.746806845658589e-05 
 5.211669241424924e-05  1.719731417345028e+00  1.719725208471198e+00  1.666381868493092e+00  1.748455252318430e-05 
 5.216669241424924e-05  1.721381304115371e+00  1.721375089116316e+00  1.668031756748549e+00  1.750103444416568e-05 
 5.221669241424924e-05  1.723031190879388e+00  1.723024969760836e+00  1.669681645265009e+00  1.751751846369063e-05 
 5.226669241424924e-05  1.724681077649084e+00  1.724674850405548e+00  1.671331534037344e+00  1.753400058628852e-05 
 5.231669241424924e-05  1.726330964412805e+00  1.726324731049893e+00  1.672981423060303e+00  1.755048469196678e-05 
 5.236669241424924e-05  1.727980851182798e+00  1.727974611694826e+00  1.674631312329084e+00  1.756696670243213e-05 
 5.241669241424924e-05  1.729630737946004e+00  1.729624492338846e+00  1.676281201838665e+00  1.758345096998091e-05 
 5.246669241424924e-05  1.731280624716412e+00  1.731274372984072e+00  1.677931091584357e+00  1.759993283256456e-05 
 5.251669241424925e-05  1.732930511480894e+00  1.732924253628955e+00  1.679580981561352e+00  1.761641666779249e-05 
 5.256669241424925e-05  1.734580398249619e+00  1.734574134273088e+00  1.681230871765197e+00  1.763289907527360e-05 
 5.261669241424925e-05  1.736230285012971e+00  1.736224014917248e+00  1.682880762191231e+00  1.764938327065788e-05 
 5.266669241424925e-05  1.737880171783022e+00  1.737873895562272e+00  1.684530652835165e+00  1.766586523094116e-05 
 5.271669241424925e-05  1.739530058546084e+00  1.739523776206261e+00  1.686180543692597e+00  1.768234951181261e-05 
 5.276669241424925e-05  1.741179945315381e+00  1.741173656850810e+00  1.687830434759320e+00  1.769883170812930e-05 
 5.281669241424925e-05  1.742829832078916e+00  1.742823537495125e+00  1.689480326031006e+00  1.771531582402161e-05 
 5.286669241424925e-05  1.744479718847543e+00  1.744473418139252e+00  1.691130217503713e+00  1.773179823061454e-05 
 5.291669241424925e-05  1.746129605609724e+00  1.746123298782700e+00  1.692780109173357e+00  1.774828277971587e-05 
 5.296669241424926e-05  1.747779492380202e+00  1.747773179428062e+00  1.694430001036287e+00  1.776476456613822e-05 
 5.301669241424926e-05  1.749429379142727e+00  1.749423060071752e+00  1.696079893088383e+00  1.778124899378116e-05 
 5.306669241424926e-05  1.751079265912317e+00  1.751072940716555e+00  1.697729785326052e+00  1.779773105753722e-05 
 5.311669241424926e-05  1.752729152674890e+00  1.752722821360296e+00  1.699379677745491e+00  1.781421545986707e-05 
 5.316669241424926e-05  1.754379039442716e+00  1.754372702003949e+00  1.701029570343195e+00  1.783069809627617e-05 
 5.321669241424926e-05  1.756028926205785e+00  1.756022582648040e+00  1.702679463115524e+00  1.784718232296873e-05 
 5.326669241424926e-05  1.757678812974773e+00  1.757672463292480e+00  1.704329356059195e+00  1.786366456480457e-05 
 5.331669241424926e-05  1.759328699737335e+00  1.759322343936255e+00  1.705979249170591e+00  1.788014894803858e-05 
 5.336669241424927e-05  1.760978586505227e+00  1.760972224579990e+00  1.707629142446522e+00  1.789663154114898e-05 
 5.341669241424927e-05  1.762628473268769e+00  1.762622105224430e+00  1.709279035883706e+00  1.791311559042791e-05 
 5.346669241424927e-05  1.764278360036832e+00  1.764271985868295e+00  1.710928929478988e+00  1.792959811781310e-05 
 5.351669241424927e-05  1.765928246799671e+00  1.765921866512293e+00  1.712578823229101e+00  1.794608238691618e-05 
 5.356669241424927e-05  1.767578133568209e+00  1.767571747156495e+00  1.714228717131172e+00  1.796256474421522e-05 
 5.361669241424927e-05  1.769228020330463e+00  1.769221627800119e+00  1.715878611182055e+00  1.797904919939168e-05 
 5.366669241424927e-05  1.770877907097761e+00  1.770871508443522e+00  1.717528505378840e+00  1.799553195548282e-05 
 5.371669241424927e-05  1.772527793860263e+00  1.772521389087333e+00  1.719178399718576e+00  1.801201631518010e-05 
 5.376669241424928e-05  1.774177680629554e+00  1.774171269732070e+00  1.720828294198612e+00  1.802849840291698e-05 
 5.381669241424928e-05  1.775827567390765e+00  1.775821150375044e+00  1.722478188816002e+00  1.804498318116834e-05 
 5.386669241424928e-05  1.777477454158675e+00  1.777471031018887e+00  1.724128083568212e+00  1.806146571343852e-05 
 5.391669241424928e-05  1.779127340920622e+00  1.779120911662373e+00  1.725777978452378e+00  1.807795023478427e-05 
 5.396669241424928e-05  1.780777227687676e+00  1.780770792305667e+00  1.727427873466073e+00  1.809443304083545e-05 
 5.401669241424928e-05  1.782427114449364e+00  1.782420672948998e+00  1.729077768606617e+00  1.811091763812045e-05 
 5.406669241424928e-05  1.784077001217983e+00  1.784070553593346e+00  1.730727663871657e+00  1.812739991548342e-05 
 5.411669241424928e-05  1.785726887979214e+00  1.785720434236392e+00  1.732377559258545e+00  1.814388465554311e-05 
 5.416669241424929e-05  1.787376774747586e+00  1.787370314880597e+00  1.734027454765058e+00  1.816036700218399e-05 
 5.421669241424929e-05  1.789026661508271e+00  1.789020195523306e+00  1.735677350388621e+00  1.817685191055350e-05 
 5.426669241424929e-05  1.790676548276567e+00  1.790670076167471e+00  1.737327246127125e+00  1.819333427495795e-05 
 5.431669241424929e-05  1.792326435037748e+00  1.792319956810533e+00  1.738977141978183e+00  1.820981900635790e-05 
 5.436669241424929e-05  1.793976321804511e+00  1.793969837453705e+00  1.740627037939761e+00  1.822630186525569e-05 
 5.441669241424929e-05  1.795626208565668e+00  1.795619718096761e+00  1.742276934009515e+00  1.824278659865404e-05 
 5.446669241424929e-05  1.797276095334130e+00  1.797269598741080e+00  1.743926830185534e+00  1.825926888267835e-05 
 5.451669241424929e-05  1.798925982095241e+00  1.798919479384127e+00  1.745576726465442e+00  1.827575361985145e-05 
 5.456669241424929e-05  1.800575868863073e+00  1.800569360028045e+00  1.747226622847420e+00  1.829223610216159e-05 
 5.461669241424930e-05  1.802225755623525e+00  1.802219240670676e+00  1.748876519329327e+00  1.830872104805663e-05 
 5.466669241424930e-05  1.803875642390963e+00  1.803869121314355e+00  1.750526415909318e+00  1.832520364827245e-05 
 5.471669241424930e-05  1.805525529151934e+00  1.805519001957343e+00  1.752176312585300e+00  1.834168841408932e-05 
 5.476669241424930e-05  1.807175415918202e+00  1.807168882600263e+00  1.753826209355540e+00  1.835817139155891e-05 
 5.481669241424930e-05  1.808825302679300e+00  1.808818763243361e+00  1.755476106218080e+00  1.837465610230871e-05 
 5.486669241424930e-05  1.810475189445456e+00  1.810468643886230e+00  1.757126003171290e+00  1.839113910509141e-05 
 5.491669241424930e-05  1.812125076206710e+00  1.812118524529444e+00  1.758775900213286e+00  1.840762375544508e-05 
 5.496669241424930e-05  1.813774962972300e+00  1.813768405171958e+00  1.760425797342407e+00  1.842410693453118e-05 
 5.501669241424931e-05  1.815424849732697e+00  1.815418285814618e+00  1.762075694556828e+00  1.844059186155243e-05 
 5.506669241424931e-05  1.817074736499916e+00  1.817068166458230e+00  1.763725591855049e+00  1.845707448974587e-05 
 5.511669241424931e-05  1.818724623260684e+00  1.818718047101163e+00  1.765375489235198e+00  1.847355927909946e-05 
 5.516669241424931e-05  1.820374510027774e+00  1.820367927744699e+00  1.767025386695936e+00  1.849004194437435e-05 
 5.521669241424931e-05  1.822024396787280e+00  1.822017808386817e+00  1.768675284235517e+00  1.850652714095775e-05 
 5.526669241424931e-05  1.823674283553665e+00  1.823667689029907e+00  1.770325181852564e+00  1.852301002650089e-05 
 5.531669241424931e-05  1.825324170314214e+00  1.825317569672727e+00  1.771975079545413e+00  1.853949487158767e-05 
 5.536669241424931e-05  1.826974057080700e+00  1.826967450315904e+00  1.773624977312777e+00  1.855597771249985e-05 
 5.541669241424932e-05  1.828623943841125e+00  1.828617330958668e+00  1.775274875153001e+00  1.857246258423199e-05 
 5.546669241424932e-05  1.830273830608012e+00  1.830267211602123e+00  1.776924773064852e+00  1.858894528458992e-05 
 5.551669241424932e-05  1.831923717366617e+00  1.831917092243697e+00  1.778574671046724e+00  1.860543075162365e-05 
 5.556669241424932e-05  1.833573604132932e+00  1.833566972886796e+00  1.780224569097449e+00  1.862191362717478e-05 
 5.561669241424932e-05  1.835223490893727e+00  1.835216853529839e+00  1.781874467215515e+00  1.863839835901881e-05 
 5.566669241424932e-05  1.836873377659869e+00  1.836866734172840e+00  1.783524365399842e+00  1.865488128341976e-05 
 5.571669241424932e-05  1.838523264419303e+00  1.838516614815002e+00  1.785174263648963e+00  1.867136645491211e-05 
 5.576669241424932e-05  1.840173151184520e+00  1.840166495457414e+00  1.786824161961752e+00  1.868784967174581e-05 
 5.581669241424933e-05  1.841823037944585e+00  1.841816376100007e+00  1.788474060336870e+00  1.870433462652262e-05 
 5.586669241424933e-05  1.843472924710704e+00  1.843466256743028e+00  1.790123958773260e+00  1.872081753715681e-05 
 5.591669241424933e-05  1.845122811468846e+00  1.845116137384374e+00  1.791773857269489e+00  1.873730311565691e-05 
 5.596669241424933e-05  1.846772698233419e+00  1.846766018026391e+00  1.793423755824629e+00  1.875378652655759e-05 
 5.601669241424933e-05  1.848422584994533e+00  1.848415898669714e+00  1.795073654437441e+00  1.877027111429467e-05 
 5.606669241424933e-05  1.850072471759537e+00  1.850065779312037e+00  1.796723553106917e+00  1.878675437242865e-05 
 5.611669241424933e-05  1.851722358518937e+00  1.851715659954248e+00  1.798373451831850e+00  1.880323951505522e-05 
 5.616669241424933e-05  1.853372245284421e+00  1.853365540596906e+00  1.800023350611336e+00  1.881972260443530e-05 
 5.621669241424933e-05  1.855022132044151e+00  1.855015421239343e+00  1.801673249444130e+00  1.883620763315297e-05 
 5.626669241424934e-05  1.856672018809550e+00  1.856665301881971e+00  1.803323148329374e+00  1.885269073585574e-05 
 5.631669241424934e-05  1.858321905568664e+00  1.858315182524021e+00  1.804973047265866e+00  1.886917595775221e-05 
 5.636669241424934e-05  1.859971792333225e+00  1.859965063166104e+00  1.806622946252813e+00  1.888565933090530e-05 
 5.641669241424934e-05  1.861621679092084e+00  1.861614943808008e+00  1.808272845289165e+00  1.890214462518832e-05 
 5.646669241424934e-05  1.863271565857425e+00  1.863264824450622e+00  1.809922744374125e+00  1.891862773122175e-05 
 5.651669241424934e-05  1.864921452616777e+00  1.864914705092872e+00  1.811572643506521e+00  1.893511285119976e-05 
 5.656669241424934e-05  1.866571339380803e+00  1.866564585734642e+00  1.813222542685603e+00  1.895159637911793e-05 
 5.661669241424934e-05  1.868221226140117e+00  1.868214466376876e+00  1.814872441910357e+00  1.896808150531318e-05 
 5.666669241424935e-05  1.869871112904574e+00  1.869864347018947e+00  1.816522341180167e+00  1.898456488201898e-05 
 5.671669241424935e-05  1.871520999663337e+00  1.871514227660838e+00  1.818172240493922e+00  1.900105017852245e-05 
 5.676669241424935e-05  1.873170886427761e+00  1.873164108302905e+00  1.819822139850915e+00  1.901753355567233e-05 
 5.681669241424935e-05  1.874820773186268e+00  1.874813988944646e+00  1.821472039250230e+00  1.903401892633869e-05 
 5.686669241424935e-05  1.876470659950852e+00  1.876463869586829e+00  1.823121938691218e+00  1.905050224442472e-05 
 5.691669241424935e-05  1.878120546709430e+00  1.878113750228633e+00  1.824771838172911e+00  1.906698758333870e-05 
 5.696669241424935e-05  1.879770433473750e+00  1.879763630870665e+00  1.826421737694726e+00  1.908347097447740e-05 
 5.701669241424935e-05  1.881420320232895e+00  1.881413511512864e+00  1.828071637255734e+00  1.909995611488351e-05 
 5.706669241424936e-05  1.883070206997915e+00  1.883063392155371e+00  1.829721536855414e+00  1.911643926799039e-05 
 5.711669241424936e-05  1.884720093755566e+00  1.884713272796601e+00  1.831371436492804e+00  1.913292489245373e-05 
 5.716669241424936e-05  1.886369980519520e+00  1.886363153438423e+00  1.833021336167348e+00  1.914940838639909e-05 
 5.721669241424936e-05  1.888019867277964e+00  1.888013034080186e+00  1.834671235878198e+00  1.916589374329868e-05 
 5.726669241424936e-05  1.889669754042488e+00  1.889662914722406e+00  1.836321135624861e+00  1.918237703651571e-05 
 5.731669241424936e-05  1.891319640799697e+00  1.891312795363373e+00  1.837971035406408e+00  1.919886279109719e-05 
 5.736669241424936e-05  1.892969527564430e+00  1.892962676005746e+00  1.839620935222457e+00  1.921534600593248e-05 
 5.741669241424936e-05  1.894619414323108e+00  1.894612556647708e+00  1.841270835072195e+00  1.923183126224587e-05 
 5.746669241424937e-05  1.896269301086055e+00  1.896262437288914e+00  1.842920734955107e+00  1.924831505994825e-05 
 5.751669241424937e-05  1.897919187843617e+00  1.897912317930149e+00  1.844570634870390e+00  1.926480067841638e-05 
 5.756669241424937e-05  1.899569074607533e+00  1.899562198572016e+00  1.846220534817681e+00  1.928128414438411e-05 
 5.761669241424937e-05  1.901218961364510e+00  1.901212079212885e+00  1.847870434796169e+00  1.929776994492882e-05 
 5.766669241424937e-05  1.902868848128728e+00  1.902861959854964e+00  1.849520334805510e+00  1.931425330320493e-05 
 5.771669241424937e-05  1.904518734888203e+00  1.904511840497508e+00  1.851170234844914e+00  1.933073826686353e-05 
 5.776669241424937e-05  1.906168621650501e+00  1.906161721138331e+00  1.852820134913956e+00  1.934722225130542e-05 
 5.781669241424937e-05  1.907818508407466e+00  1.907811601779225e+00  1.854470035011975e+00  1.936370803741722e-05 
 5.786669241424938e-05  1.909468395171366e+00  1.909461482421138e+00  1.856119935138589e+00  1.938019147718370e-05 
 5.791669241424938e-05  1.911118281928432e+00  1.911111363062114e+00  1.857769835293050e+00  1.939667722243931e-05 
 5.796669241424938e-05  1.912768168691868e+00  1.912761243703725e+00  1.859419735475076e+00  1.941316081008748e-05 
 5.801669241424938e-05  1.914418055449615e+00  1.914411124345170e+00  1.861069635683978e+00  1.942964632041989e-05 
 5.806669241424938e-05  1.916067942212309e+00  1.916061004986311e+00  1.862719535919455e+00  1.944613014165899e-05 
 5.811669241424938e-05  1.917717828970074e+00  1.917710885627787e+00  1.864369436180833e+00  1.946261563444988e-05 
 5.816669241424938e-05  1.919367715732754e+00  1.919360766268938e+00  1.866019336467756e+00  1.947909945191423e-05 
 5.821669241424938e-05  1.921017602490649e+00  1.921010646910511e+00  1.867669236779654e+00  1.949558489474508e-05 
 5.826669241424938e-05  1.922667489251983e+00  1.922660527550794e+00  1.869319137116213e+00  1.951206914475231e-05 
 5.831669241424939e-05  1.924317376009733e+00  1.924310408192284e+00  1.870969037476788e+00  1.952855462710712e-05 
 5.836669241424939e-05  1.925967262772498e+00  1.925960288833527e+00  1.872618937861106e+00  1.954503839616573e-05 
 5.841669241424939e-05  1.927617149529211e+00  1.927610169474350e+00  1.874268838268651e+00  1.956152421225356e-05 
 5.846669241424939e-05  1.929267036292439e+00  1.929260050115915e+00  1.875918738699157e+00  1.957800781944166e-05 
 5.851669241424939e-05  1.930916923049600e+00  1.930909930757051e+00  1.877568639151903e+00  1.959449347721169e-05 
 5.856669241424939e-05  1.932566809812380e+00  1.932559811398339e+00  1.879218539626786e+00  1.961097722073518e-05 
 5.861669241424939e-05  1.934216696567473e+00  1.934209692038126e+00  1.880868440123125e+00  1.962746355329876e-05 
 5.866669241424939e-05  1.935866583331290e+00  1.935859572680116e+00  1.882518340640944e+00  1.964394694399337e-05 
 5.871669241424940e-05  1.937516470087836e+00  1.937509453320878e+00  1.884168241179593e+00  1.966043278872496e-05 
 5.876669241424940e-05  1.939166356850935e+00  1.939159333962408e+00  1.885818141738837e+00  1.967691640834756e-05 
 5.881669241424940e-05  1.940816243607173e+00  1.940809214602983e+00  1.887468042318066e+00  1.969340234544970e-05 
 5.886669241424940e-05  1.942466130369073e+00  1.942459095243739e+00  1.889117942917099e+00  1.970988635009764e-05 
 5.891669241424940e-05  1.944116017125848e+00  1.944108975884686e+00  1.890767843535442e+00  1.972637210112642e-05 
 5.896669241424940e-05  1.945765903887530e+00  1.945758856525313e+00  1.892417744172942e+00  1.974285616861298e-05 
 5.901669241424940e-05  1.947415790645086e+00  1.947408737166792e+00  1.894067644829127e+00  1.975934165274413e-05 
 5.906669241424940e-05  1.949065677407306e+00  1.949058617807789e+00  1.895717545503845e+00  1.977582553571162e-05 
 5.911669241424941e-05  1.950715564162489e+00  1.950708498447717e+00  1.897367446196427e+00  1.979231179389027e-05 
 5.916669241424941e-05  1.952365450924296e+00  1.952358379088460e+00  1.899017346906840e+00  1.980879580098070e-05 
 5.921669241424941e-05  1.954015337679996e+00  1.954008259728748e+00  1.900667247634656e+00  1.982528187952526e-05 
 5.926669241424941e-05  1.955665224443876e+00  1.955658140370871e+00  1.902317148379780e+00  1.984176519494674e-05 
 5.931669241424941e-05  1.957315111199705e+00  1.957308021011260e+00  1.903967049141551e+00  1.985825122264308e-05 
 5.936669241424941e-05  1.958964997960274e+00  1.958957901651216e+00  1.905616949919935e+00  1.987473562030998e-05 
 5.941669241424941e-05  1.960614884715784e+00  1.960607782291409e+00  1.907266850714473e+00  1.989122174503981e-05 
 5.946669241424941e-05  1.962264771477739e+00  1.962257662932299e+00  1.908916751525110e+00  1.990770567463668e-05 
 5.951669241424942e-05  1.963914658234065e+00  1.963907543573044e+00  1.910566652351362e+00  1.992419152203280e-05 
 5.956669241424942e-05  1.965564544995211e+00  1.965557424213415e+00  1.912216553193105e+00  1.994067570964550e-05 
 5.961669241424942e-05  1.967214431751416e+00  1.967207304854101e+00  1.913866454049897e+00  1.995716158635150e-05 
 5.966669241424942e-05  1.968864318512068e+00  1.968857185494161e+00  1.915516354921680e+00  1.997364592939542e-05 
 5.971669241424942e-05  1.970514205267696e+00  1.970507066134479e+00  1.917166255807989e+00  1.999013198840005e-05 
 5.976669241424942e-05  1.972164092029631e+00  1.972156946775400e+00  1.918816156708776e+00  2.000661589890108e-05 
 5.981669241424942e-05  1.973813978785743e+00  1.973806827416057e+00  1.920466057623631e+00  2.002310178826363e-05 
 5.986669241424942e-05  1.975463865546019e+00  1.975456708055904e+00  1.922115958552489e+00  2.003958623566852e-05 
 5.991669241424942e-05  1.977113752301823e+00  1.977106588696366e+00  1.923765859494884e+00  2.005607221962207e-05 
 5.996669241424943e-05  1.978763639063117e+00  1.978756469336893e+00  1.925415760450793e+00  2.007255632530031e-05 
 6.001669241424943e-05  1.980413525818162e+00  1.980406349976878e+00  1.927065661419794e+00  2.008904254839591e-05 
 6.006669241424943e-05  1.982063412579359e+00  1.982056230617360e+00  1.928715562401851e+00  2.010552667561247e-05 
 6.011669241424943e-05  1.983713299334517e+00  1.983706111257431e+00  1.930365463396576e+00  2.012201285474323e-05 
 6.016669241424943e-05  1.985363186096982e+00  1.985355991898767e+00  1.932015364404064e+00  2.013849655319165e-05 
 6.021669241424943e-05  1.987013072850855e+00  1.987005872538006e+00  1.933665265423679e+00  2.015498314910014e-05 
 6.026669241424943e-05  1.988662959611561e+00  1.988655753178199e+00  1.935315166455510e+00  2.017146741709298e-05 
 6.031669241424943e-05  1.990312846367296e+00  1.990305633818678e+00  1.936965067499204e+00  2.018795339016635e-05 
 6.036669241424944e-05  1.991962733127804e+00  1.991955514458754e+00  1.938614968554696e+00  2.020443771655693e-05 
 6.041669241424944e-05  1.993612619881957e+00  1.993605395098208e+00  1.940264869621557e+00  2.022092420277537e-05 
 6.046669241424944e-05  1.995262506643916e+00  1.995255275739262e+00  1.941914770699952e+00  2.023740803822533e-05 
 6.051669241424944e-05  1.996912393398315e+00  1.996905156378893e+00  1.943564671789394e+00  2.025389443607003e-05 
 6.056669241424944e-05  1.998562280159373e+00  1.998555037019359e+00  1.945214572889968e+00  2.027037856284250e-05 
 6.061669241424944e-05  2.000212166913936e+00  2.000204917659123e+00  1.946864474001223e+00  2.028686489385177e-05 
 6.066669241424944e-05  2.001862053674420e+00  2.001854798299227e+00  1.948514375123215e+00  2.030334920070242e-05 
 6.071669241424944e-05  2.003511940428724e+00  2.003504678938828e+00  1.950164276255521e+00  2.031983561253592e-05 
 6.076669241424945e-05  2.005161827188624e+00  2.005154559578561e+00  1.951814177398144e+00  2.033632010323950e-05 
 6.081669241424945e-05  2.006811713944525e+00  2.006804440219234e+00  1.953464078550831e+00  2.035280597661484e-05 
 6.086669241424945e-05  2.008461600704555e+00  2.008454320859068e+00  1.955113979713610e+00  2.036929041846862e-05 
 6.091669241424945e-05  2.010111487459677e+00  2.010104201499241e+00  1.956763880886089e+00  2.038577654031187e-05 
 6.096669241424945e-05  2.011761374218845e+00  2.011754082138528e+00  1.958413782068228e+00  2.040226125439232e-05 
 6.101669241424945e-05  2.013411260973418e+00  2.013403962778348e+00  1.960063683259710e+00  2.041874755120672e-05 
 6.106669241424945e-05  2.015061147733606e+00  2.015053843418320e+00  1.961713584460708e+00  2.043523192156213e-05 
 6.111669241424945e-05  2.016711034487270e+00  2.016703724057559e+00  1.963363485670741e+00  2.045171850925495e-05 
 6.116669241424945e-05  2.018360921247989e+00  2.018353604697898e+00  1.965013386889938e+00  2.046820269331494e-05 
 6.121669241424945e-05  2.020010808002370e+00  2.020003485337626e+00  1.966663288117967e+00  2.048468903653666e-05 
 6.126669241424945e-05  2.021660694761071e+00  2.021653365976649e+00  1.968313189354787e+00  2.050117387873685e-05 
 6.131669241424945e-05  2.023310581516446e+00  2.023303246617047e+00  1.969963090600148e+00  2.051765988511691e-05 
 6.136669241424945e-05  2.024960468276276e+00  2.024953127256830e+00  1.971612991854138e+00  2.053414434695468e-05 
 6.141669241424945e-05  2.026610355029118e+00  2.026603007895572e+00  1.973262893116363e+00  2.055063117978476e-05 
 6.146669241424946e-05  2.028260241789266e+00  2.028252888535580e+00  1.974912794386906e+00  2.056711552749162e-05 
 6.151669241424946e-05  2.029910128543571e+00  2.029902769175300e+00  1.976562695665435e+00  2.058360187137947e-05 
 6.156669241424946e-05  2.031560015303269e+00  2.031552649815026e+00  1.978212596952096e+00  2.060008635786420e-05 
 6.161669241424946e-05  2.033209902056399e+00  2.033202530453986e+00  1.979862498246406e+00  2.061657308211448e-05 
 6.166669241424946e-05  2.034859788815687e+00  2.034852411093453e+00  1.981512399548589e+00  2.063305769671894e-05 
 6.171669241424946e-05  2.036509675569755e+00  2.036502291733050e+00  1.983162300858342e+00  2.064954410078089e-05 
 6.176669241424946e-05  2.038159562330276e+00  2.038152172373350e+00  1.984812202175763e+00  2.066602829794150e-05 
 6.181669241424946e-05  2.039809449083535e+00  2.039802053012435e+00  1.986462103500419e+00  2.068251495979723e-05 
 6.186669241424947e-05  2.041459335843467e+00  2.041451933652350e+00  1.988112004832465e+00  2.069899934636188e-05 
 6.191669241424947e-05  2.043109222596824e+00  2.043101814291506e+00  1.989761906171529e+00  2.071548597069208e-05 
 6.196669241424947e-05  2.044759109355363e+00  2.044751694930525e+00  1.991411807517772e+00  2.073197080512071e-05 
 6.201669241424947e-05  2.046408996108646e+00  2.046401575569655e+00  1.993061708870893e+00  2.074845744255153e-05 
 6.206669241424947e-05  2.048058882868692e+00  2.048051456209683e+00  1.994711610230977e+00  2.076494177094050e-05 
 6.211669241424947e-05  2.049708769622978e+00  2.049701336849481e+00  1.996361511597671e+00  2.078142807330602e-05 
 6.216669241424947e-05  2.051358656381091e+00  2.051351217488253e+00  1.998011412971100e+00  2.079791302852691e-05 
 6.221669241424947e-05  2.053008543134278e+00  2.053001098127340e+00  1.999661314351002e+00  2.081439968527561e-05 
 6.226669241424948e-05  2.054658429893014e+00  2.054650978766536e+00  2.001311215737512e+00  2.083088442888799e-05 
 6.231669241424948e-05  2.056308316645631e+00  2.056300859405261e+00  2.002961117130238e+00  2.084737126527078e-05 
 6.236669241424948e-05  2.057958203405866e+00  2.057950740045453e+00  2.004611018529420e+00  2.086385550817258e-05 
 6.241669241424948e-05  2.059608090158798e+00  2.059600620684407e+00  2.006260919934679e+00  2.088034223042444e-05 
 6.246669241424948e-05  2.061257976917092e+00  2.061250501323344e+00  2.007910821346148e+00  2.089682709993611e-05 
 6.251669241424948e-05  2.062907863669791e+00  2.062900381962145e+00  2.009560722763558e+00  2.091331389723905e-05 
 6.256669241424948e-05  2.064557750429374e+00  2.064550262601946e+00  2.011210624187111e+00  2.092979833398579e-05 
 6.261669241424948e-05  2.066207637181937e+00  2.066200143240682e+00  2.012860525616340e+00  2.094628516392929e-05 
 6.266669241424948e-05  2.067857523938637e+00  2.067850023878595e+00  2.014510427051333e+00  2.096277054347742e-05 
 6.271669241424949e-05  2.069507410693706e+00  2.069499904518991e+00  2.016160328491965e+00  2.097925654097569e-05 
 6.276669241424949e-05  2.071157297451544e+00  2.071149785157675e+00  2.017810229938322e+00  2.099574153549848e-05 
 6.281669241424949e-05  2.072807184203574e+00  2.072799665796080e+00  2.019460131390108e+00  2.101222852820068e-05 
 6.286669241424949e-05  2.074457070963054e+00  2.074449546435861e+00  2.021110032847524e+00  2.102871297205284e-05 
 6.291669241424949e-05  2.076106957715681e+00  2.076099427074679e+00  2.022759934310156e+00  2.104519975647719e-05 
 6.296669241424949e-05  2.077756844473657e+00  2.077749307713475e+00  2.024409835778222e+00  2.106168469260224e-05 
 6.301669241424949e-05  2.079406731225986e+00  2.079399188352109e+00  2.026059737251430e+00  2.107817156917511e-05 
 6.306669241424949e-05  2.081056617983587e+00  2.081049068990678e+00  2.027709638729903e+00  2.109465661765473e-05 
 6.311669241424950e-05  2.082706504737301e+00  2.082698949630237e+00  2.029359540213380e+00  2.111114303037643e-05 
 6.316669241424950e-05  2.084356391494199e+00  2.084348830268354e+00  2.031009441701981e+00  2.112762830400927e-05 
 6.321669241424950e-05  2.086006278247031e+00  2.085998710907351e+00  2.032659343195491e+00  2.114411499606306e-05 
 6.326669241424950e-05  2.087656165005369e+00  2.087648591546432e+00  2.034309244694049e+00  2.116059978830321e-05 
 6.331669241424950e-05  2.089306051756209e+00  2.089298472184124e+00  2.035959146197260e+00  2.117708713183589e-05 
 6.336669241424950e-05  2.090955938514089e+00  2.090948352822918e+00  2.037609047705385e+00  2.119357206440823e-05 
 6.341669241424950e-05  2.092605825266263e+00  2.092598233461512e+00  2.039258949218102e+00  2.121005895719034e-05 
 6.346669241424950e-05  2.094255712023862e+00  2.094248114100130e+00  2.040908850735585e+00  2.122654397724825e-05 
 6.351669241424951e-05  2.095905598777665e+00  2.095897994739808e+00  2.042558752257611e+00  2.124303032779744e-05 
 6.356669241424951e-05  2.097555485535942e+00  2.097547875378893e+00  2.044208653784313e+00  2.125951511315421e-05 
 6.361669241424951e-05  2.099205372286758e+00  2.099197756016615e+00  2.045858555315299e+00  2.127600244025558e-05 
 6.366669241424951e-05  2.100855259043816e+00  2.100847636654905e+00  2.047508456850805e+00  2.129248762196197e-05 
 6.371669241424951e-05  2.102505145796228e+00  2.102497517293693e+00  2.049158358390581e+00  2.130897441549015e-05 
 6.376669241424951e-05  2.104155032554272e+00  2.104147397932657e+00  2.050808259934815e+00  2.132545925857850e-05 
 6.381669241424951e-05  2.105804919305872e+00  2.105797278570924e+00  2.052458161483216e+00  2.134194631212092e-05 
 6.386669241424951e-05  2.107454806062572e+00  2.107447159209008e+00  2.054108063035949e+00  2.135843159574578e-05 
 6.391669241424952e-05  2.109104692815484e+00  2.109097039848152e+00  2.055757964592698e+00  2.137491820919579e-05 
 6.396669241424952e-05  2.110754579572347e+00  2.110746920486354e+00  2.057407866153616e+00  2.139140343198043e-05 
 6.401669241424952e-05  2.112404466323465e+00  2.112396801124335e+00  2.059057767718479e+00  2.140789062696525e-05 
 6.406669241424952e-05  2.114054353081597e+00  2.114046681763403e+00  2.060707669287555e+00  2.142437541609678e-05 
 6.411669241424952e-05  2.115704239832992e+00  2.115696562401567e+00  2.062357570860467e+00  2.144086251848900e-05 
 6.416669241424952e-05  2.117354126590177e+00  2.117346443040017e+00  2.064007472437402e+00  2.145734761515229e-05 
 6.421669241424952e-05  2.119004013341633e+00  2.118996323678244e+00  2.065657374018042e+00  2.147383468512601e-05 
 6.426669241424952e-05  2.120653900099010e+00  2.120646204316832e+00  2.067307275602656e+00  2.149031971162323e-05 
 6.431669241424953e-05  2.122303786850206e+00  2.122296084954902e+00  2.068957177190947e+00  2.150680685997868e-05 
 6.436669241424953e-05  2.123953673607503e+00  2.123945965593454e+00  2.070607078783090e+00  2.152329190335128e-05 
 6.441669241424953e-05  2.125603560358471e+00  2.125595846231383e+00  2.072256980378808e+00  2.153977912076261e-05 
 6.446669241424953e-05  2.127253447115330e+00  2.127245726869661e+00  2.073906881978357e+00  2.155626429980446e-05 
 6.451669241424953e-05  2.128903333867021e+00  2.128895607508082e+00  2.075556783581332e+00  2.157275127185649e-05 
 6.456669241424953e-05  2.130553220622974e+00  2.130545488145774e+00  2.077206685187942e+00  2.158923674310905e-05 
 6.461669241424953e-05  2.132203107374871e+00  2.132195368784345e+00  2.078856586798036e+00  2.160572363811161e-05 
 6.466669241424953e-05  2.133852994130983e+00  2.133845249422154e+00  2.080506488411700e+00  2.162220905007826e-05 
 6.471669241424953e-05  2.135502880883252e+00  2.135495130060983e+00  2.082156390028700e+00  2.163869581562882e-05 
 6.476669241424954e-05  2.137152767639220e+00  2.137145010698720e+00  2.083806291649277e+00  2.165518126445486e-05 
 6.481669241424954e-05  2.138802654389971e+00  2.138794891336556e+00  2.085456193273110e+00  2.167166852294444e-05 
 6.486669241424954e-05  2.140452541145613e+00  2.140444771974094e+00  2.087106094900288e+00  2.168815407124647e-05 
 6.491669241424954e-05  2.142102427896840e+00  2.142094652612256e+00  2.088755996530632e+00  2.170464116675531e-05 
 6.496669241424954e-05  2.143752314653717e+00  2.143744533250614e+00  2.090405898164475e+00  2.172112630249846e-05 
 6.501669241424954e-05  2.145402201405148e+00  2.145394413888937e+00  2.092055799801434e+00  2.173761331762716e-05 
 6.506669241424954e-05  2.147052088162501e+00  2.147044294527628e+00  2.093705701441723e+00  2.175409828639276e-05 
 6.511669241424954e-05  2.148701974911970e+00  2.148694175164657e+00  2.095355603085007e+00  2.177058594789330e-05 
 6.516669241424955e-05  2.150351861668520e+00  2.150344055802826e+00  2.097005504731648e+00  2.178707117534088e-05 
 6.521669241424955e-05  2.152001748419038e+00  2.151993936440569e+00  2.098655406381334e+00  2.180355847934961e-05 
 6.526669241424955e-05  2.153651635174497e+00  2.153643817078033e+00  2.100305308034168e+00  2.182004405962606e-05 
 6.531669241424955e-05  2.155301521925474e+00  2.155293697716087e+00  2.101955209689843e+00  2.183653120664924e-05 
 6.536669241424955e-05  2.156951408681052e+00  2.156943578353643e+00  2.103605111348633e+00  2.185301673963020e-05 
 6.541669241424955e-05  2.158601295432859e+00  2.158593458992260e+00  2.105255013010391e+00  2.186950360465673e-05 
 6.546669241424955e-05  2.160251182187891e+00  2.160243339629476e+00  2.106904914675206e+00  2.188598930727977e-05 
 6.551669241424955e-05  2.161901068938396e+00  2.161893220267241e+00  2.108554816342807e+00  2.190247659663355e-05 
 6.556669241424956e-05  2.163550955694507e+00  2.163543100905180e+00  2.110204718013450e+00  2.191896193687978e-05 
 6.561669241424956e-05  2.165200842444275e+00  2.165192981542479e+00  2.111854619686742e+00  2.193544945849222e-05 
 6.566669241424956e-05  2.166850729199892e+00  2.166842862180105e+00  2.113504521362876e+00  2.195193495416968e-05 
 6.571669241424956e-05  2.168500615950057e+00  2.168492742817667e+00  2.115154423041706e+00  2.196842234299944e-05 
 6.576669241424956e-05  2.170150502706764e+00  2.170142623456028e+00  2.116804324723600e+00  2.198490747163717e-05 
 6.581669241424956e-05  2.171800389456637e+00  2.171792504093421e+00  2.118454226408149e+00  2.200139494506593e-05 
 6.586669241424956e-05  2.173450276211481e+00  2.173442384730563e+00  2.120104128095539e+00  2.201788068032951e-05 
 6.591669241424956e-05  2.175100162962761e+00  2.175092265368896e+00  2.121754029785484e+00  2.203436768346780e-05 
 6.596669241424957e-05  2.176750049717857e+00  2.176742146006218e+00  2.123403931478123e+00  2.205085332858128e-05 
 6.601669241424957e-05  2.178399936467031e+00  2.178392026643170e+00  2.125053833173316e+00  2.206734101961374e-05 
 6.606669241424957e-05  2.180049823222781e+00  2.180041907280939e+00  2.126703734871332e+00  2.208382644046217e-05 
 6.611669241424957e-05  2.181699709973139e+00  2.181691787918694e+00  2.128353636571802e+00  2.210031373159231e-05 
 6.616669241424957e-05  2.183349596727823e+00  2.183341668555765e+00  2.130003538274978e+00  2.211679949927440e-05 
 6.621669241424957e-05  2.184999483477245e+00  2.184991549192913e+00  2.131653439980584e+00  2.213328709260725e-05 
 6.626669241424957e-05  2.186649370233543e+00  2.186641429831071e+00  2.133303341688905e+00  2.214977231583598e-05 
 6.631669241424957e-05  2.188299256984947e+00  2.188291310469537e+00  2.134953243399595e+00  2.216625924991838e-05 
 6.636669241424957e-05  2.189949143738683e+00  2.189941191106009e+00  2.136603145112788e+00  2.218274531602842e-05 
 6.641669241424958e-05  2.191599030488232e+00  2.191591071743269e+00  2.138253046828341e+00  2.219923285051946e-05 
 6.646669241424958e-05  2.193248917243627e+00  2.193240952380855e+00  2.139902948546449e+00  2.221571835974164e-05 
 6.651669241424958e-05  2.194898803993083e+00  2.194890833018061e+00  2.141552850266867e+00  2.223220592043392e-05 
 6.656669241424958e-05  2.196548690747392e+00  2.196540713654944e+00  2.143202751989832e+00  2.224869178070862e-05 
 6.661669241424958e-05  2.198198577498184e+00  2.198190594293041e+00  2.144852653715023e+00  2.226517889398103e-05 
 6.666669241424958e-05  2.199848464253026e+00  2.199840474930298e+00  2.146502555442722e+00  2.228166456773826e-05 
 6.671669241424958e-05  2.201498351003377e+00  2.201490355568116e+00  2.148152457172781e+00  2.229815181934446e-05 
 6.676669241424958e-05  2.203148237757513e+00  2.203140236204914e+00  2.149802358905293e+00  2.231463772047537e-05 
 6.681669241424959e-05  2.204798124507920e+00  2.204790116842784e+00  2.151452260640023e+00  2.233112494543621e-05 
 6.686669241424959e-05  2.206448011261091e+00  2.206439997478955e+00  2.153102162377137e+00  2.234761116031614e-05 
 6.691669241424959e-05  2.208097898010516e+00  2.208089878116191e+00  2.154752064116261e+00  2.236409870080237e-05 
 6.696669241424959e-05  2.209747784764996e+00  2.209739758753247e+00  2.156401965857750e+00  2.238058447425763e-05 
 6.701669241424959e-05  2.211397671514503e+00  2.211389639390541e+00  2.158051867601295e+00  2.239707198343556e-05 
 6.706669241424959e-05  2.213047558269432e+00  2.213039520027905e+00  2.159701769347203e+00  2.241355760190369e-05 
 6.711669241424959e-05  2.214697445017612e+00  2.214689400664340e+00  2.161351671095294e+00  2.243004554051589e-05 
 6.716669241424959e-05  2.216347331773272e+00  2.216339281302202e+00  2.163001572845688e+00  2.244653090762952e-05 
 6.721669241424960e-05  2.217997218522877e+00  2.217989161939586e+00  2.164651474598144e+00  2.246301837173241e-05 
 6.726669241424960e-05  2.219647105276528e+00  2.219639042576126e+00  2.166301376352893e+00  2.247950440031691e-05 
 6.731669241424960e-05  2.221296992025115e+00  2.221288923212856e+00  2.167951278109502e+00  2.249599218949310e-05 
 6.736669241424960e-05  2.222946878779129e+00  2.222938803849656e+00  2.169601179868322e+00  2.251247808618312e-05 
 6.741669241424960e-05  2.224596765527729e+00  2.224588684486404e+00  2.171251081629117e+00  2.252896586581138e-05 
 6.746669241424960e-05  2.226246652282634e+00  2.226238565123802e+00  2.172900983392210e+00  2.254545146318527e-05 
 6.751669241424960e-05  2.227896539030646e+00  2.227888445760182e+00  2.174550885157160e+00  2.256193942822077e-05 
 6.756669241424960e-05  2.229546425786238e+00  2.229538326398039e+00  2.176200786924366e+00  2.257842479289192e-05 
 6.761669241424961e-05  2.231196312534386e+00  2.231188207034517e+00  2.177850688693395e+00  2.259491270818944e-05 
 6.766669241424961e-05  2.232846199288406e+00  2.232838087671362e+00  2.179500590464562e+00  2.261139857756796e-05 
 6.771669241424961e-05  2.234496086037723e+00  2.234487968308614e+00  2.181150492237726e+00  2.262788610650787e-05 
 6.776669241424961e-05  2.236145972790182e+00  2.236137848944439e+00  2.182800394012859e+00  2.264437248570081e-05 
 6.781669241424961e-05  2.237795859540912e+00  2.237787729582650e+00  2.184450295789817e+00  2.266085953191575e-05 
 6.786669241424961e-05  2.239445746292869e+00  2.239437610218157e+00  2.186100197568891e+00  2.267734607120285e-05 
 6.791669241424961e-05  2.241095633042505e+00  2.241087490855642e+00  2.187750099349999e+00  2.269383347779618e-05 
 6.796669241424961e-05  2.242745519797078e+00  2.242737371492892e+00  2.189400001133155e+00  2.271031914644638e-05 
 6.801669241424961e-05  2.244395406544643e+00  2.244387252129031e+00  2.191049902917910e+00  2.272680722605691e-05 
 6.806669241424962e-05  2.246045293298255e+00  2.246037132765657e+00  2.192699804704724e+00  2.274329320423729e-05 
 6.811669241424962e-05  2.247695180046009e+00  2.247687013401928e+00  2.194349706493346e+00  2.275978121723444e-05 
 6.816669241424962e-05  2.249345066800896e+00  2.249336894039407e+00  2.195999608284076e+00  2.277626676753488e-05 
 6.821669241424962e-05  2.250994953549168e+00  2.250986774676042e+00  2.197649510076510e+00  2.279275459912157e-05 
 6.826669241424962e-05  2.252644840302532e+00  2.252636655312525e+00  2.199299411870982e+00  2.280924064657987e-05 
 6.831669241424962e-05  2.254294727051086e+00  2.254286535949354e+00  2.200949313667238e+00  2.282572837957877e-05 
 6.836669241424962e-05  2.255944613805289e+00  2.255936416586409e+00  2.202599215465290e+00  2.284221414037748e-05 
 6.841669241424962e-05  2.257594500553615e+00  2.257586297223092e+00  2.204249117264938e+00  2.285870194509679e-05 
 6.846669241424963e-05  2.259244387305697e+00  2.259236177858759e+00  2.205899019066606e+00  2.287518839978488e-05 
 6.851669241424963e-05  2.260894274054367e+00  2.260886058495691e+00  2.207548920870022e+00  2.289167607949308e-05 
 6.856669241424963e-05  2.262544160807177e+00  2.262535939131846e+00  2.209198822675239e+00  2.290816228904395e-05 
 6.861669241424963e-05  2.264194047556577e+00  2.264185819769268e+00  2.210848724482133e+00  2.292464972139445e-05 
 6.866669241424963e-05  2.265843934309469e+00  2.265835700405497e+00  2.212498626290891e+00  2.294113589519613e-05 
 6.871669241424963e-05  2.267493821057681e+00  2.267485581042142e+00  2.214148528101339e+00  2.295762371545855e-05 
 6.876669241424963e-05  2.269143707810211e+00  2.269135461678147e+00  2.215798429913790e+00  2.297411000094866e-05 
 6.881669241424963e-05  2.270793594559165e+00  2.270785342315296e+00  2.217448331727806e+00  2.299059756608184e-05 
 6.886669241424964e-05  2.272443481311463e+00  2.272435222951155e+00  2.219098233543500e+00  2.300708392506873e-05 
 6.891669241424964e-05  2.274093368060248e+00  2.274085103588208e+00  2.220748135360724e+00  2.302357153838558e-05 
 6.896669241424964e-05  2.275743254811850e+00  2.275734984223622e+00  2.222398037179844e+00  2.304005811875094e-05 
 6.901669241424964e-05  2.277393141561332e+00  2.277384864861137e+00  2.224047939000563e+00  2.305654549825483e-05 
 6.906669241424964e-05  2.279043028311913e+00  2.279034745495893e+00  2.225697840822980e+00  2.307303240835642e-05 
 6.911669241424964e-05  2.280692915059689e+00  2.280684626132295e+00  2.227347742647047e+00  2.308952034230567e-05 
 6.916669241424964e-05  2.282342801812513e+00  2.282334506768545e+00  2.228997644472873e+00  2.310600650678148e-05 
 6.921669241424964e-05  2.283992688560249e+00  2.283984387404935e+00  2.230647546300136e+00  2.312249444494960e-05 
 6.926669241424965e-05  2.285642575314501e+00  2.285634268042139e+00  2.232297448129298e+00  2.313898013069723e-05 
 6.931669241424965e-05  2.287292462061417e+00  2.287284148677993e+00  2.233947349959947e+00  2.315546833709523e-05 
 6.936669241424965e-05  2.288942348815699e+00  2.288934029315241e+00  2.235597251792376e+00  2.317195399952818e-05 
 6.941669241424965e-05  2.290592235562177e+00  2.290583909950816e+00  2.237247153626192e+00  2.318844234692450e-05 
 6.946669241424965e-05  2.292242122314596e+00  2.292233790586838e+00  2.238897055461792e+00  2.320492861953602e-05 
 6.951669241424965e-05  2.293892009062419e+00  2.293883671223319e+00  2.240546957298857e+00  2.322141651329521e-05 
 6.956669241424965e-05  2.295541895813399e+00  2.295533551858398e+00  2.242196859137605e+00  2.323790325730744e-05 
 6.961669241424965e-05  2.297191782561905e+00  2.297183432495341e+00  2.243846760977795e+00  2.325439091769776e-05 
 6.966669241424966e-05  2.298841669312309e+00  2.298833313130057e+00  2.245496662819538e+00  2.327087784467474e-05 
 6.971669241424966e-05  2.300491556060808e+00  2.300483193767008e+00  2.247146564662720e+00  2.328736549884780e-05 
 6.976669241424966e-05  2.302141442812495e+00  2.302133074402582e+00  2.248796466507502e+00  2.330385199750074e-05 
 6.981669241424966e-05  2.303791329561651e+00  2.303782955039975e+00  2.250446368353905e+00  2.332033942807488e-05 
 6.986669241424966e-05  2.305441216312749e+00  2.305432835675174e+00  2.252096270202004e+00  2.333682611435551e-05 
 6.991669241424966e-05  2.307091103060386e+00  2.307082716311575e+00  2.253746172051532e+00  2.335331403897890e-05 
 6.996669241424966e-05  2.308740989814151e+00  2.308732596948554e+00  2.255396073902725e+00  2.336979983508271e-05 
 7.001669241424966e-05  2.310390876560358e+00  2.310382477584016e+00  2.257045975755172e+00  2.338628823021862e-05 
 7.006669241424966e-05  2.312040763311675e+00  2.312032358219385e+00  2.258695877609306e+00  2.340277482923571e-05 
 7.011669241424967e-05  2.313690650058059e+00  2.313682238854983e+00  2.260345779464822e+00  2.341926315509370e-05 
 7.016669241424967e-05  2.315340536810057e+00  2.315332119490812e+00  2.261995681321932e+00  2.343574952385056e-05 
 7.021669241424967e-05  2.316990423557351e+00  2.316982000127025e+00  2.263645583180272e+00  2.345223754151063e-05 
 7.026669241424967e-05  2.318640310308027e+00  2.318631880761994e+00  2.265295485040010e+00  2.346872434036786e-05 
 7.031669241424967e-05  2.320290197055968e+00  2.320281761398638e+00  2.266945386901059e+00  2.348521214131242e-05 
 7.036669241424967e-05  2.321940083809426e+00  2.321931642035461e+00  2.268595288763841e+00  2.350169801157912e-05 
 7.041669241424967e-05  2.323589970555506e+00  2.323581522670886e+00  2.270245190627895e+00  2.351818642114794e-05 
 7.046669241424967e-05  2.325239857305962e+00  2.325231403305738e+00  2.271895092493552e+00  2.353467327729269e-05 
 7.051669241424968e-05  2.326889744054006e+00  2.326881283942478e+00  2.273544994360694e+00  2.355116102805515e-05 
 7.056669241424968e-05  2.328539630804575e+00  2.328531164577407e+00  2.275194896229414e+00  2.356764784512005e-05 
 7.061669241424968e-05  2.330189517551628e+00  2.330181045213507e+00  2.276844798099429e+00  2.358413591451652e-05 
 7.066669241424968e-05  2.331839404302496e+00  2.331830925848654e+00  2.278494699970801e+00  2.360062262300161e-05 
 7.071669241424968e-05  2.333489291049173e+00  2.333480806484507e+00  2.280144601843427e+00  2.361711081363444e-05 
 7.076669241424968e-05  2.335139177801629e+00  2.335130687120713e+00  2.281794503717697e+00  2.363359699254314e-05 
 7.081669241424968e-05  2.336789064548446e+00  2.336780567756674e+00  2.283444405593265e+00  2.365008512944118e-05 
 7.086669241424968e-05  2.338438951300281e+00  2.338430448392486e+00  2.285094307470447e+00  2.366657150374913e-05 
 7.091669241424969e-05  2.340088838045227e+00  2.340080329027217e+00  2.286744209348720e+00  2.368306025548868e-05 
 7.096669241424969e-05  2.341738724797699e+00  2.341730209663461e+00  2.288394111228330e+00  2.369954641197088e-05 
 7.101669241424969e-05  2.343388611543832e+00  2.343380090298992e+00  2.290044013109131e+00  2.371603476403014e-05 
 7.106669241424969e-05  2.345038498295212e+00  2.345029970934525e+00  2.291693914991503e+00  2.373252127489552e-05 
 7.111669241424969e-05  2.346688385041684e+00  2.346679851570291e+00  2.293343816875117e+00  2.374900950816092e-05 
 7.116669241424969e-05  2.348338271792474e+00  2.348329732205447e+00  2.294993718760209e+00  2.376549620798626e-05 
 7.121669241424969e-05  2.349988158538301e+00  2.349979612840795e+00  2.296643620646480e+00  2.378198464819724e-05 
 7.126669241424969e-05  2.351638045289747e+00  2.351629493476396e+00  2.298293522534192e+00  2.379847112442366e-05 
 7.131669241424970e-05  2.353287932036489e+00  2.353279374112362e+00  2.299943424423045e+00  2.381495925577058e-05 
 7.136669241424970e-05  2.354937818785709e+00  2.354929254746504e+00  2.301593326313238e+00  2.383144646163558e-05 
 7.141669241424970e-05  2.356587705532935e+00  2.356579135382802e+00  2.303243228204675e+00  2.384793442511678e-05 
 7.146669241424970e-05  2.358237592283759e+00  2.358229016018016e+00  2.304893130097738e+00  2.386442109541019e-05 
 7.151669241424970e-05  2.359887479030783e+00  2.359878896654187e+00  2.306543031992033e+00  2.388090912106388e-05 
 7.156669241424970e-05  2.361537365781075e+00  2.361528777289065e+00  2.308192933887504e+00  2.389739595877894e-05 
 7.161669241424970e-05  2.363187252526329e+00  2.363178657924069e+00  2.309842835783954e+00  2.391388456574539e-05 
 7.166669241424970e-05  2.364837139277217e+00  2.364828538559359e+00  2.311492737681947e+00  2.393037119695896e-05 
 7.171669241424970e-05  2.366487026023603e+00  2.366478419195123e+00  2.313142639581273e+00  2.394685942422915e-05 
 7.176669241424971e-05  2.368136912776220e+00  2.368128299831560e+00  2.314792541482101e+00  2.396334548123536e-05 
 7.181669241424971e-05  2.369786799520597e+00  2.369778180466017e+00  2.316442443383971e+00  2.397983436131669e-05 
 7.186669241424971e-05  2.371436686272132e+00  2.371428061101748e+00  2.318092345287165e+00  2.399632077004155e-05 
 7.191669241424971e-05  2.373086573015953e+00  2.373077941735850e+00  2.319742247191234e+00  2.401280982953492e-05 
 7.196669241424971e-05  2.374736459767173e+00  2.374727822371388e+00  2.321392149096840e+00  2.402929633107444e-05 
 7.201669241424971e-05  2.376386346514127e+00  2.376377703007561e+00  2.323042051003762e+00  2.404578435361950e-05 
 7.206669241424971e-05  2.378036233264399e+00  2.378027583642485e+00  2.324691952912093e+00  2.406227116335693e-05 
 7.211669241424971e-05  2.379686120008902e+00  2.379677464277059e+00  2.326341854821362e+00  2.407875998481849e-05 
 7.216669241424972e-05  2.381336006760540e+00  2.381327344912894e+00  2.327991756732037e+00  2.409524633803220e-05 
 7.221669241424972e-05  2.382985893505695e+00  2.382977225547903e+00  2.329641658643705e+00  2.411173494144595e-05 
 7.226669241424972e-05  2.384635780255863e+00  2.384627106182784e+00  2.331291560556652e+00  2.412822176983512e-05 
 7.231669241424972e-05  2.386285667000472e+00  2.386276986817443e+00  2.332941462470866e+00  2.414471054822002e-05 
 7.236669241424972e-05  2.387935553750577e+00  2.387926867452289e+00  2.334591364386348e+00  2.416119739348458e-05 
 7.241669241424972e-05  2.389585440496488e+00  2.389576748087824e+00  2.336241266302864e+00  2.417768573310933e-05 
 7.246669241424972e-05  2.391235327247237e+00  2.391226628723106e+00  2.337891168220838e+00  2.419417235899383e-05 
 7.251669241424972e-05  2.392885213993430e+00  2.392876509358840e+00  2.339541070139807e+00  2.421066059914261e-05 
 7.256669241424973e-05  2.394535100742730e+00  2.394526389993177e+00  2.341190972060073e+00  2.422714769798210e-05 
 7.261669241424973e-05  2.396184987488081e+00  2.396176270628359e+00  2.342840873981304e+00  2.424363621168983e-05 
 7.266669241424973e-05  2.397834874237534e+00  2.397826151262813e+00  2.344490775903696e+00  2.426012325235365e-05 
 7.271669241424973e-05  2.399484760982893e+00  2.399476031898008e+00  2.346140677827271e+00  2.427661175806777e-05 
 7.276669241424973e-05  2.401134647733667e+00  2.401125912533344e+00  2.347790579752279e+00  2.429309835686282e-05 
 7.281669241424973e-05  2.402784534478423e+00  2.402775793168161e+00  2.349440481678372e+00  2.430958705175895e-05 
 7.286669241424973e-05  2.404434421228240e+00  2.404425673802873e+00  2.351090383605866e+00  2.432607396141645e-05 
 7.291669241424973e-05  2.406084307973535e+00  2.406075554438049e+00  2.352740285534247e+00  2.434256247512418e-05 
 7.296669241424974e-05  2.407734194724011e+00  2.407725435073214e+00  2.354390187463935e+00  2.435904915829618e-05 
 7.301669241424974e-05  2.409384081467780e+00  2.409375315707392e+00  2.356040089394443e+00  2.437553817116018e-05 
 7.306669241424974e-05  2.411033968218391e+00  2.411025196342653e+00  2.357689991326229e+00  2.439202480415010e-05 
 7.311669241424974e-05  2.412683854963454e+00  2.412675076977705e+00  2.359339893259092e+00  2.440851338180668e-05 
 7.316669241424974e-05  2.414333741712587e+00  2.414324957612000e+00  2.360989795193221e+00  2.442500049618931e-05 
 7.321669241424974e-05  2.415983628457860e+00  2.415974838247195e+00  2.362639697128325e+00  2.444148899968298e-05 
 7.326669241424974e-05  2.417633515207174e+00  2.417624718881624e+00  2.364289599064588e+00  2.445797604834040e-05 
 7.331669241424974e-05  2.419283401952505e+00  2.419274599516863e+00  2.365939501001971e+00  2.447446452829735e-05 
 7.336669241424975e-05  2.420933288701823e+00  2.420924480151307e+00  2.367589402940633e+00  2.449095156940525e-05 
 7.341669241424975e-05  2.422583175448194e+00  2.422574360787247e+00  2.369239304880153e+00  2.450743969719945e-05 
 7.346669241424975e-05  2.424233062196654e+00  2.424224241421136e+00  2.370889206820847e+00  2.452392701586312e-05 
 7.351669241424975e-05  2.425882948940499e+00  2.425874122055419e+00  2.372539108762643e+00  2.454041597143960e-05 
 7.356669241424975e-05  2.427532835691197e+00  2.427524002690796e+00  2.374189010705697e+00  2.455690254492156e-05 
 7.361669241424975e-05  2.429182722434943e+00  2.429173883325022e+00  2.375838912649494e+00  2.457339152803159e-05 
 7.366669241424975e-05  2.430832609184462e+00  2.430823763959633e+00  2.377488814594432e+00  2.458987848476254e-05 
 7.371669241424975e-05  2.432482495928380e+00  2.432473644593985e+00  2.379138716540290e+00  2.460636740436781e-05 
 7.376669241424975e-05  2.434132382677967e+00  2.434123525228643e+00  2.380788618487522e+00  2.462285433534159e-05 
 7.381669241424976e-05  2.435782269421950e+00  2.435773405863050e+00  2.382438520435744e+00  2.463934322830151e-05 
 7.386669241424976e-05  2.437432156171801e+00  2.437423286497907e+00  2.384088422385170e+00  2.465583005846705e-05 
 7.391669241424976e-05  2.439082042916971e+00  2.439073167133107e+00  2.385738324335612e+00  2.467231855396711e-05 
 7.396669241424976e-05  2.440731929665946e+00  2.440723047767387e+00  2.387388226287269e+00  2.468880567279062e-05 
 7.401669241424976e-05  2.442381816409507e+00  2.442372928401532e+00  2.389038128239742e+00  2.470529469498050e-05 
 7.406669241424976e-05  2.444031703159065e+00  2.444022809036210e+00  2.390688030193316e+00  2.472178161307569e-05 
 7.411669241424976e-05  2.445681589903495e+00  2.445672689670940e+00  2.392337932147749e+00  2.473827034261077e-05 
 7.416669241424976e-05  2.447331476650517e+00  2.447322570303959e+00  2.393987834103475e+00  2.475475809115278e-05 
 7.421669241424977e-05  2.448981363395474e+00  2.448972450939048e+00  2.395637736060264e+00  2.477124663816720e-05 
 7.426669241424977e-05  2.450631250145251e+00  2.450622331573897e+00  2.397287638018131e+00  2.478773347232953e-05 
 7.431669241424977e-05  2.452281136888608e+00  2.452272212207934e+00  2.398937539976753e+00  2.480422254514558e-05 
 7.436669241424977e-05  2.453931023638789e+00  2.453922092843063e+00  2.400587441936549e+00  2.482070923675528e-05 
 7.441669241424977e-05  2.455580910381377e+00  2.455571973476600e+00  2.402237343897139e+00  2.483719856048172e-05 
 7.446669241424977e-05  2.457230797131150e+00  2.457221854111468e+00  2.403887245858975e+00  2.485368538087728e-05 
 7.451669241424977e-05  2.458880683876277e+00  2.458871734746706e+00  2.405537147821857e+00  2.487017385372881e-05 
 7.456669241424977e-05  2.460530570623034e+00  2.460521615379589e+00  2.407187049785745e+00  2.488666166710784e-05 
 7.461669241424978e-05  2.462180457368318e+00  2.462171496014932e+00  2.408836951750311e+00  2.490315008533640e-05 
 7.466669241424978e-05  2.463830344117639e+00  2.463821376649521e+00  2.410486853716164e+00  2.491963704562006e-05 
 7.471669241424978e-05  2.465480230860019e+00  2.465471257282957e+00  2.412136755683026e+00  2.493612641641996e-05 
 7.476669241424978e-05  2.467130117608437e+00  2.467121137916962e+00  2.413786657651098e+00  2.495261366802616e-05 
 7.481669241424978e-05  2.468780004353938e+00  2.468771018552467e+00  2.415436559620025e+00  2.496910200321002e-05 
 7.486669241424978e-05  2.470429891100844e+00  2.470420899185482e+00  2.417086461589842e+00  2.498558975086385e-05 
 7.491669241424978e-05  2.472079777846385e+00  2.472070779821028e+00  2.418736363560568e+00  2.500207806339916e-05 
 7.496669241424978e-05  2.473729664593892e+00  2.473720660454455e+00  2.420386265532533e+00  2.501856560543970e-05 
 7.501669241424979e-05  2.475379551336425e+00  2.475370541088013e+00  2.422036167505320e+00  2.503505491007031e-05 
 7.506669241424979e-05  2.477029438085572e+00  2.477020421722538e+00  2.423686069479202e+00  2.505154190277249e-05 
 7.511669241424979e-05  2.478679324829105e+00  2.478670302356775e+00  2.425335971453732e+00  2.506803086811894e-05 
 7.516669241424979e-05  2.480329211577435e+00  2.480320182990767e+00  2.426985873429397e+00  2.508451812683056e-05 
 7.521669241424979e-05  2.481979098321183e+00  2.481970063625155e+00  2.428635775405864e+00  2.510100701490550e-05 
 7.526669241424979e-05  2.483628985069880e+00  2.483619944259400e+00  2.430285677383419e+00  2.511749414571942e-05 
 7.531669241424979e-05  2.485278871812050e+00  2.485269824892755e+00  2.431935579361879e+00  2.513398355160237e-05 
 7.536669241424979e-05  2.486928758561207e+00  2.486919705527319e+00  2.433585481341528e+00  2.515047052165600e-05 
 7.541669241424979e-05  2.488578645303776e+00  2.488569586160943e+00  2.435235383322000e+00  2.516695979253583e-05 
 7.546669241424980e-05  2.490228532053810e+00  2.490219466796093e+00  2.436885285303715e+00  2.518344646815831e-05 
 7.551669241424980e-05  2.491878418796712e+00  2.491869347429951e+00  2.438535187286211e+00  2.519993562179859e-05 
 7.556669241424980e-05  2.493528305544459e+00  2.493519228063600e+00  2.440185089269764e+00  2.521642304704366e-05 
 7.561669241424980e-05  2.495178192288038e+00  2.495169108697918e+00  2.441834991254093e+00  2.523291197020163e-05 
 7.566669241424980e-05  2.496828079036182e+00  2.496818989331838e+00  2.443484893239446e+00  2.524939925999950e-05 
 7.571669241424980e-05  2.498477965779977e+00  2.498468869966303e+00  2.445134795225584e+00  2.526588810766231e-05 
 7.576669241424980e-05  2.500127852526114e+00  2.500118750598914e+00  2.446784697212697e+00  2.528237605204768e-05 
 7.581669241424980e-05  2.501777739269365e+00  2.501768631233031e+00  2.448434599200604e+00  2.529886507290527e-05 
 7.586669241424981e-05  2.503427626018607e+00  2.503418511867699e+00  2.450084501189663e+00  2.531535198700367e-05 
 7.591669241424981e-05  2.505077512761981e+00  2.505068392501910e+00  2.451734403179505e+00  2.533184096212008e-05 
 7.596669241424981e-05  2.506727399508501e+00  2.506718273134791e+00  2.453384305170411e+00  2.534832876972596e-05 
 7.601669241424981e-05  2.508377286252416e+00  2.508368153769361e+00  2.455034207161956e+00  2.536481756232171e-05 
 7.606669241424981e-05  2.510027172998897e+00  2.510018034402234e+00  2.456684109154386e+00  2.538130537481257e-05 
 7.611669241424981e-05  2.511677059742675e+00  2.511667915036726e+00  2.458334011147776e+00  2.539779420426773e-05 
 7.616669241424981e-05  2.513326946490334e+00  2.513317795670382e+00  2.459983913142224e+00  2.541428162551599e-05 
 7.621669241424981e-05  2.514976833234892e+00  2.514967676305399e+00  2.461633815137554e+00  2.543077019207034e-05 
 7.626669241424982e-05  2.516626719980786e+00  2.516617556937909e+00  2.463283717133894e+00  2.544725818708186e-05 
 7.631669241424982e-05  2.518276606725401e+00  2.518267437572970e+00  2.464933619130904e+00  2.546374672876721e-05 
 7.636669241424982e-05  2.519926493470832e+00  2.519917318205182e+00  2.466583521128833e+00  2.548023487343681e-05 
 7.641669241424982e-05  2.521576380214312e+00  2.521567198839501e+00  2.468233423127510e+00  2.549672378371619e-05 
 7.646669241424982e-05  2.523226266962160e+00  2.523217079473318e+00  2.469883325127320e+00  2.551321112636067e-05 
 7.651669241424982e-05  2.524876153705495e+00  2.524866960107551e+00  2.471533227128049e+00  2.552970007882855e-05 
 7.656669241424982e-05  2.526526040452959e+00  2.526516840741125e+00  2.473183129129738e+00  2.554618754359755e-05 
 7.661669241424982e-05  2.528175927195685e+00  2.528166721374963e+00  2.474833031132178e+00  2.556267669190876e-05 
 7.666669241424983e-05  2.529825813942765e+00  2.529816602008298e+00  2.476482933135761e+00  2.557916427524959e-05 
 7.671669241424983e-05  2.531475700685996e+00  2.531466482642481e+00  2.478132835140047e+00  2.559565325036600e-05 
 7.676669241424983e-05  2.533125587432416e+00  2.533116363275391e+00  2.479782737145363e+00  2.561214104642556e-05 
 7.681669241424983e-05  2.534775474175028e+00  2.534766243909174e+00  2.481432639151266e+00  2.562863022004985e-05 
 7.686669241424983e-05  2.536425360922463e+00  2.536416124542761e+00  2.483082541158162e+00  2.564511767638116e-05 
 7.691669241424983e-05  2.538075247665001e+00  2.538066005176504e+00  2.484732443165886e+00  2.566160686998948e-05 
 7.696669241424983e-05  2.539725134413550e+00  2.539715885810844e+00  2.486382345174602e+00  2.567809395017722e-05 
 7.701669241424983e-05  2.541375021155120e+00  2.541365766443952e+00  2.488032247183991e+00  2.569458346130932e-05 
 7.706669241424983e-05  2.543024907900963e+00  2.543015647076517e+00  2.489682149194393e+00  2.571107142834323e-05 
 7.711669241424984e-05  2.544674794644409e+00  2.544665527710877e+00  2.491332051205510e+00  2.572756031064500e-05 
 7.716669241424984e-05  2.546324681389971e+00  2.546315408343262e+00  2.492981953217457e+00  2.574404836738493e-05 
 7.721669241424984e-05  2.547974568134667e+00  2.547965288978455e+00  2.494631855230132e+00  2.576053683179876e-05 
 7.726669241424984e-05  2.549624454881947e+00  2.549615169611990e+00  2.496281757243878e+00  2.577702431477542e-05 
 7.731669241424984e-05  2.551274341622575e+00  2.551265050244502e+00  2.497931659258438e+00  2.579351411856230e-05 
 7.736669241424984e-05  2.552924228369715e+00  2.552914930877956e+00  2.499581561273992e+00  2.581000164150700e-05 
 7.741669241424984e-05  2.554574115112762e+00  2.554564811512078e+00  2.501231463290119e+00  2.582649064016014e-05 
 7.746669241424984e-05  2.556224001858233e+00  2.556214692144435e+00  2.502881365307212e+00  2.584297871066684e-05 
 7.751669241424985e-05  2.557873888601278e+00  2.557864572778565e+00  2.504531267324908e+00  2.585946770265864e-05 
 7.756669241424985e-05  2.559523775347796e+00  2.559514453411627e+00  2.506181169343572e+00  2.587595542189077e-05 
 7.761669241424985e-05  2.561173662089518e+00  2.561164334044892e+00  2.507831071363031e+00  2.589244484642546e-05 
 7.766669241424985e-05  2.562823548836692e+00  2.562814214678395e+00  2.509480973383461e+00  2.590893234494525e-05 
 7.771669241424985e-05  2.564473435578819e+00  2.564464095311936e+00  2.511130875404421e+00  2.592542162959184e-05 
 7.776669241424985e-05  2.566123322326145e+00  2.566113975945551e+00  2.512780777426363e+00  2.594190907082413e-05 
 7.781669241424985e-05  2.567773209067461e+00  2.567763856578564e+00  2.514430679449082e+00  2.595839861970380e-05 
 7.786669241424985e-05  2.569423095813891e+00  2.569413737211601e+00  2.516080581472778e+00  2.597488634914998e-05 
 7.791669241424986e-05  2.571072982556739e+00  2.571063617845632e+00  2.517730483497053e+00  2.599137538821525e-05 
 7.796669241424986e-05  2.572722869303246e+00  2.572713498478735e+00  2.519380385522315e+00  2.600786308435474e-05 
 7.801669241424986e-05  2.574372756044604e+00  2.574363379111794e+00  2.521030287548363e+00  2.602435260969767e-05 
 7.806669241424986e-05  2.576022642791282e+00  2.576013259745007e+00  2.522680189575380e+00  2.604084024943783e-05 
 7.811669241424986e-05  2.577672529532740e+00  2.577663140378142e+00  2.524330091602934e+00  2.605732973481275e-05 
 7.816669241424986e-05  2.579322416278508e+00  2.579313021010775e+00  2.525979993631221e+00  2.607381766543134e-05 
 7.821669241424986e-05  2.580972303020940e+00  2.580962901644564e+00  2.527629895660112e+00  2.609030682306842e-05 
 7.826669241424986e-05  2.582622189767712e+00  2.582612782277864e+00  2.529279797690010e+00  2.610679441928784e-05 
 7.831669241424987e-05  2.584272076510060e+00  2.584262662911599e+00  2.530929699720798e+00  2.612328360401437e-05 
 7.836669241424987e-05  2.585921963256360e+00  2.585912543544602e+00  2.532579601752630e+00  2.613977134811549e-05 
 7.841669241424987e-05  2.587571849997540e+00  2.587562424177583e+00  2.534229503785062e+00  2.615626090854148e-05 
 7.846669241424987e-05  2.589221736742510e+00  2.589212304809714e+00  2.535879405818238e+00  2.617274908829412e-05 
 7.851669241424987e-05  2.590871623484963e+00  2.590862185443539e+00  2.537529307852053e+00  2.618923822550310e-05 
 7.856669241424987e-05  2.592521510231342e+00  2.592512066076614e+00  2.539179209886956e+00  2.620572593318891e-05 
 7.861669241424987e-05  2.594171396973113e+00  2.594161946709998e+00  2.540829111922283e+00  2.622221528977795e-05 
 7.866669241424987e-05  2.595821283718466e+00  2.595811827342405e+00  2.542479013958428e+00  2.623870333141884e-05 
 7.871669241424988e-05  2.597471170460268e+00  2.597461707975821e+00  2.544128915995278e+00  2.625519267157658e-05 
 7.876669241424988e-05  2.599121057207126e+00  2.599111588609226e+00  2.545778818033007e+00  2.627168021406121e-05 
 7.881669241424988e-05  2.600770943947133e+00  2.600761469241467e+00  2.547428720071389e+00  2.628817014086080e-05 
 7.886669241424988e-05  2.602420830693174e+00  2.602411349874343e+00  2.549078622110710e+00  2.630465794624624e-05 
 7.891669241424988e-05  2.604070717433963e+00  2.604061230507113e+00  2.550728524150503e+00  2.632114760836866e-05 
 7.896669241424988e-05  2.605720604181081e+00  2.605711111140712e+00  2.552378426191259e+00  2.633763505137729e-05 
 7.901669241424988e-05  2.607370490921959e+00  2.607360991773543e+00  2.554028328232712e+00  2.635412468285757e-05 
 7.906669241424988e-05  2.609020377668370e+00  2.609010872406688e+00  2.555678230275109e+00  2.637061235235170e-05 
 7.911669241424988e-05  2.610670264408229e+00  2.610660753038860e+00  2.557328132317998e+00  2.638710231245799e-05 
 7.916669241424989e-05  2.612320151153652e+00  2.612310633671356e+00  2.558978034361864e+00  2.640359030613726e-05 
 7.921669241424989e-05  2.613970037897431e+00  2.613960514306123e+00  2.560627936406385e+00  2.642007896772668e-05 
 7.926669241424989e-05  2.615619924641539e+00  2.615610394937763e+00  2.562277838451548e+00  2.643656739039611e-05 
 7.931669241424989e-05  2.617269811382077e+00  2.617260275570396e+00  2.563927740497321e+00  2.645305711691147e-05 
 7.936669241424989e-05  2.618919698129384e+00  2.618910156204165e+00  2.565577642544200e+00  2.646954447421090e-05 
 7.941669241424989e-05  2.620569584869129e+00  2.620560036836283e+00  2.567227544591581e+00  2.648603445874209e-05 
 7.946669241424989e-05  2.622219471613509e+00  2.622209917468122e+00  2.568877446639738e+00  2.650252278015919e-05 
 7.951669241424989e-05  2.623869358355829e+00  2.623859798101952e+00  2.570527348688602e+00  2.651901190671002e-05 
 7.956669241424990e-05  2.625519245101456e+00  2.625509678734629e+00  2.572177250738254e+00  2.653549980979508e-05 
 7.961669241424990e-05  2.627169131843708e+00  2.627159559368415e+00  2.573827152788630e+00  2.655198895766220e-05 
 7.966669241424990e-05  2.628819018589260e+00  2.628809440001058e+00  2.575477054839844e+00  2.656847687673448e-05 
 7.971669241424990e-05  2.630468905330930e+00  2.630459320634468e+00  2.577126956891493e+00  2.658496621111906e-05 
 7.976669241424990e-05  2.632118792074629e+00  2.632109201265896e+00  2.578776858944166e+00  2.660145473992581e-05 
 7.981669241424990e-05  2.633768678815827e+00  2.633759081899005e+00  2.580426760997517e+00  2.661794422263618e-05 
 7.986669241424990e-05  2.635418565560444e+00  2.635408962531047e+00  2.582076663051749e+00  2.663443244324503e-05 
 7.991669241424990e-05  2.637068452300711e+00  2.637058843163548e+00  2.583726565106420e+00  2.665092222971243e-05 
 7.996669241424991e-05  2.638718339046082e+00  2.638708723796100e+00  2.585376467161733e+00  2.666741019585817e-05 
 8.001669241424991e-05  2.640368225786986e+00  2.640358604429036e+00  2.587026369217525e+00  2.668389976383367e-05 
 8.006669241424991e-05  2.642018112533546e+00  2.642008485062372e+00  2.588676271274263e+00  2.670038733607227e-05 
 8.011669241424991e-05  2.643667999272365e+00  2.643658365693937e+00  2.590326173331702e+00  2.671687759016561e-05 
 8.016669241424991e-05  2.645317886018694e+00  2.645308246327139e+00  2.591976075390140e+00  2.673336522812942e-05 
 8.021669241424991e-05  2.646967772759189e+00  2.646958126959820e+00  2.593625977449052e+00  2.674985492489080e-05 
 8.026669241424991e-05  2.648617659503778e+00  2.648608007591877e+00  2.595275879508879e+00  2.676634313306515e-05 
 8.031669241424991e-05  2.650267546245085e+00  2.650257888225104e+00  2.596925781569172e+00  2.678283255626757e-05 
 8.036669241424992e-05  2.651917432989699e+00  2.651907768857194e+00  2.598575683630070e+00  2.679932074845470e-05 
 8.041669241424992e-05  2.653567319730404e+00  2.653557649490030e+00  2.600225585691502e+00  2.681581036616821e-05 
 8.046669241424992e-05  2.655217206474509e+00  2.655207530121793e+00  2.601875487753863e+00  2.683229872266836e-05 
 8.051669241424992e-05  2.656867093215187e+00  2.656857410754617e+00  2.603525389816764e+00  2.684878834349048e-05 
 8.056669241424992e-05  2.658516979962244e+00  2.658507291388335e+00  2.605175291880658e+00  2.686527572210618e-05 
 8.061669241424992e-05  2.660166866700868e+00  2.660157172019817e+00  2.606825193945234e+00  2.688176601483529e-05 
 8.066669241424992e-05  2.661816753445961e+00  2.661807052652250e+00  2.608475096010506e+00  2.689825403515989e-05 
 8.071669241424992e-05  2.663466640187908e+00  2.663456933285930e+00  2.610124998076346e+00  2.691474322788003e-05 
 8.076669241424992e-05  2.665116526931642e+00  2.665106813917477e+00  2.611774900143097e+00  2.693123169096158e-05 
 8.081669241424993e-05  2.666766413670865e+00  2.666756694549366e+00  2.613424802210280e+00  2.694772177807738e-05 
 8.086669241424993e-05  2.668416300417022e+00  2.668406575182521e+00  2.615074704278373e+00  2.696420943646928e-05 
 8.091669241424993e-05  2.670066187156158e+00  2.670056455814358e+00  2.616724606346886e+00  2.698069954934225e-05 
 8.096669241424993e-05  2.671716073900976e+00  2.671706336446637e+00  2.618374508416045e+00  2.699718764471794e-05 
 8.101669241424993e-05  2.673365960641421e+00  2.673356217079359e+00  2.620024410485701e+00  2.701367731572215e-05 
 8.106669241424993e-05  2.675015847386321e+00  2.675006097711702e+00  2.621674312556290e+00  2.703016537867931e-05 
 8.111669241424993e-05  2.676665734126669e+00  2.676655978344360e+00  2.623324214627599e+00  2.704665507943750e-05 
 8.116669241424993e-05  2.678315620871479e+00  2.678305858976649e+00  2.624974116699772e+00  2.706314316904003e-05 
 8.121669241424994e-05  2.679965507609633e+00  2.679955739607873e+00  2.626624018772247e+00  2.707963358789047e-05 
 8.126669241424994e-05  2.681615394355648e+00  2.681605620240970e+00  2.628273920845589e+00  2.709612127115136e-05 
 8.131669241424994e-05  2.683265281095909e+00  2.683255500873589e+00  2.629923822919339e+00  2.711261099144948e-05 
 8.136669241424994e-05  2.684915167839957e+00  2.684905381505397e+00  2.631573724993872e+00  2.712909931997200e-05 
 8.141669241424994e-05  2.686565054579722e+00  2.686555262137697e+00  2.633223627069031e+00  2.714558919969814e-05 
 8.146669241424994e-05  2.688214941323883e+00  2.688205142769588e+00  2.634873529144969e+00  2.716207748558810e-05 
 8.151669241424994e-05  2.689864828063237e+00  2.689855023401630e+00  2.636523431221492e+00  2.717856749365601e-05 
 8.156669241424994e-05  2.691514714809043e+00  2.691504904034610e+00  2.638173333298854e+00  2.719505523420442e-05 
 8.161669241424995e-05  2.693164601550727e+00  2.693154784668199e+00  2.639823235376527e+00  2.721154446866893e-05 
 8.166669241424995e-05  2.694814488293367e+00  2.694804665299108e+00  2.641473137454769e+00  2.722803324483338e-05 
 8.171669241424995e-05  2.696464375035109e+00  2.696454545932738e+00  2.643123039533582e+00  2.724452245576116e-05 
 8.176669241424995e-05  2.698114261778142e+00  2.698104426563914e+00  2.644772941613270e+00  2.726101110003111e-05 
 8.181669241424995e-05  2.699764148518495e+00  2.699754307196629e+00  2.646422843693439e+00  2.727750076659442e-05 
 8.186669241424995e-05  2.701414035259467e+00  2.701404187826460e+00  2.648072745774396e+00  2.729399008454771e-05 
 8.191669241424995e-05  2.703063922001316e+00  2.703054068460173e+00  2.649722647856149e+00  2.731047924973430e-05 
 8.196669241424995e-05  2.704713808744273e+00  2.704703949091322e+00  2.651372549938631e+00  2.732696791043555e-05 
 8.201669241424996e-05  2.706363695482996e+00  2.706353829722976e+00  2.653022452021396e+00  2.734345810235640e-05 
 8.206669241424996e-05  2.708013582227524e+00  2.708003710355172e+00  2.654672354104938e+00  2.735994623903239e-05 
 8.211669241424996e-05  2.709663468968095e+00  2.709653590988065e+00  2.656322256189051e+00  2.737643581100471e-05 
 8.216669241424996e-05  2.711313355711961e+00  2.711303471619829e+00  2.657972158273842e+00  2.739292416439622e-05 
 8.221669241424996e-05  2.712963242451403e+00  2.712953352251972e+00  2.659622060359133e+00  2.740941411073574e-05 
 8.226669241424996e-05  2.714613129196146e+00  2.714603232884330e+00  2.661271962445272e+00  2.742590216525523e-05 
 8.231669241424996e-05  2.716263015933960e+00  2.716253113515407e+00  2.662921864531718e+00  2.744239264538997e-05 
 8.236669241424996e-05  2.717912902678348e+00  2.717902994147544e+00  2.664571766619031e+00  2.745888080959948e-05 
 8.241669241424997e-05  2.719562789419111e+00  2.719552874780578e+00  2.666221668706981e+00  2.747537031051751e-05 
 8.246669241424997e-05  2.721212676162248e+00  2.721202755411892e+00  2.667871570795619e+00  2.749185888595364e-05 
 8.251669241424997e-05  2.722862562901346e+00  2.722852636043836e+00  2.669521472884761e+00  2.750834892999278e-05 
 8.256669241424997e-05  2.724512449645204e+00  2.724502516675634e+00  2.671171374974563e+00  2.752483726295620e-05 
 8.261669241424997e-05  2.726162336385238e+00  2.726152397308208e+00  2.672821277064799e+00  2.754132699169200e-05 
 8.266669241424997e-05  2.727812223127180e+00  2.727802277938753e+00  2.674471179155755e+00  2.755781595259756e-05 
 8.271669241424997e-05  2.729462109867932e+00  2.729452158571804e+00  2.676121081247123e+00  2.757430543974884e-05 
 8.276669241424997e-05  2.731111996610362e+00  2.731102039202681e+00  2.677770983339182e+00  2.759079423545320e-05 
 8.281669241424997e-05  2.732761883350965e+00  2.732751919835643e+00  2.679420885431820e+00  2.760728376568113e-05 
 8.286669241424998e-05  2.734411770093537e+00  2.734401800466621e+00  2.681070787525290e+00  2.762377251164752e-05 
 8.291669241424998e-05  2.736061656832368e+00  2.736051681098417e+00  2.682720689619106e+00  2.764026262318822e-05 
 8.296669241424998e-05  2.737711543575916e+00  2.737701561730048e+00  2.684370591713449e+00  2.765675104274903e-05 
 8.301669241424998e-05  2.739361430315108e+00  2.739351442362092e+00  2.686020493808388e+00  2.767324102950066e-05 
 8.306669241424998e-05  2.741011317058581e+00  2.741001322993687e+00  2.687670395904306e+00  2.768972946593687e-05 
 8.311669241424998e-05  2.742661203798211e+00  2.742651203626031e+00  2.689320298000675e+00  2.770621930303043e-05 
 8.316669241424998e-05  2.744311090541562e+00  2.744301084257556e+00  2.690970200097547e+00  2.772270777454968e-05 
 8.321669241424998e-05  2.745960977279524e+00  2.745950964888799e+00  2.692620102194684e+00  2.773919816098160e-05 
 8.326669241424999e-05  2.747610864024015e+00  2.747600845521090e+00  2.694270004292882e+00  2.775568624925186e-05 
 8.331669241424999e-05  2.749260750763696e+00  2.749250726153477e+00  2.695919906391588e+00  2.777217606147644e-05 
 8.336669241424999e-05  2.750910637505725e+00  2.750900606784147e+00  2.697569808490836e+00  2.778866496109769e-05 
 8.341669241424999e-05  2.752560524245835e+00  2.752550487416826e+00  2.699219710590456e+00  2.780515462588465e-05 
 8.346669241424999e-05  2.754210410988423e+00  2.754200368047869e+00  2.700869612690731e+00  2.782164333898842e-05 
 8.351669241424999e-05  2.755860297727906e+00  2.755850248680143e+00  2.702519514791549e+00  2.783813320583597e-05 
 8.356669241424999e-05  2.757510184470486e+00  2.757500129311200e+00  2.704169416893236e+00  2.785462191094615e-05 
 8.361669241424999e-05  2.759160071207776e+00  2.759150009942032e+00  2.705819318995212e+00  2.787111249943866e-05 
 8.366669241425000e-05  2.760809957952850e+00  2.760799890574742e+00  2.707469221097940e+00  2.788760037676653e-05 
 8.371669241425000e-05  2.762459844691806e+00  2.762449771206679e+00  2.709119123201114e+00  2.790409041192389e-05 
 8.376669241425000e-05  2.764109731433984e+00  2.764099651837483e+00  2.710769025304843e+00  2.792057924271132e-05 
 8.381669241425000e-05  2.765759618174239e+00  2.765749532470291e+00  2.712418927409249e+00  2.793706883999671e-05 
 8.386669241425000e-05  2.767409504915355e+00  2.767399413100405e+00  2.714068829514559e+00  2.795355801672963e-05 
 8.391669241425000e-05  2.769059391654515e+00  2.769049293732490e+00  2.715718731620027e+00  2.797004797461548e-05 
 8.396669241425000e-05  2.770709278399034e+00  2.770699174364863e+00  2.717368633726037e+00  2.798653602202952e-05 
 8.401669241425000e-05  2.772359165136018e+00  2.772349054995521e+00  2.719018535832554e+00  2.800302669267855e-05 
 8.406669241425001e-05  2.774009051880551e+00  2.773998935627909e+00  2.720668437940042e+00  2.801951473076672e-05 
 8.411669241425001e-05  2.775658938619038e+00  2.775648816259577e+00  2.722318340047891e+00  2.803600489781858e-05 
 8.416669241425001e-05  2.777308825361752e+00  2.777298696890763e+00  2.723968242156186e+00  2.805249353498309e-05 
 8.421669241425001e-05  2.778958712099895e+00  2.778948577522205e+00  2.725618144264911e+00  2.806898381350134e-05 
 8.426669241425001e-05  2.780608598842066e+00  2.780598458153053e+00  2.727268046374469e+00  2.808547262030794e-05 
 8.431669241425001e-05  2.782258485581039e+00  2.782248338785045e+00  2.728917948484372e+00  2.810196262260270e-05 
 8.436669241425001e-05  2.783908372323943e+00  2.783898219416390e+00  2.730567850594953e+00  2.811845118160752e-05 
 8.441669241425001e-05  2.785558259063151e+00  2.785548100048547e+00  2.732217752705938e+00  2.813494110218987e-05 
 8.446669241425001e-05  2.787208145804966e+00  2.787197980679181e+00  2.733867654817589e+00  2.815143001557789e-05 
 8.451669241425002e-05  2.788858032542461e+00  2.788847861310216e+00  2.735517556929704e+00  2.816792049438035e-05 
 8.456669241425002e-05  2.790507919284674e+00  2.790497741941116e+00  2.737167459042646e+00  2.818440927454161e-05 
 8.461669241425002e-05  2.792157806024777e+00  2.792147622573878e+00  2.738817361155916e+00  2.820089888914648e-05 
 8.466669241425002e-05  2.793807692766670e+00  2.793797503204580e+00  2.740467263269753e+00  2.821738776967190e-05 
 8.471669241425002e-05  2.795457579505630e+00  2.795447383836596e+00  2.742117165383989e+00  2.823387775597944e-05 
 8.476669241425002e-05  2.797107466246020e+00  2.797097264466315e+00  2.743767067498870e+00  2.825036712855570e-05 
 8.481669241425002e-05  2.798757352985481e+00  2.798747145098664e+00  2.745416969614265e+00  2.826685694522116e-05 
 8.486669241425002e-05  2.800407239729111e+00  2.800397025730541e+00  2.747066871730445e+00  2.828334523954882e-05 
 8.491669241425003e-05  2.802057126466473e+00  2.802046906361505e+00  2.748716773847063e+00  2.829983574854936e-05 
 8.496669241425003e-05  2.803707013208557e+00  2.803696786992361e+00  2.750366675964230e+00  2.831632455269143e-05 
 8.501669241425003e-05  2.805356899946066e+00  2.805346667623442e+00  2.752016578081643e+00  2.833281500307220e-05 
 8.506669241425003e-05  2.807006786688690e+00  2.806996548254662e+00  2.753666480199661e+00  2.834930362469359e-05 
 8.511669241425003e-05  2.808656673425903e+00  2.808646428885547e+00  2.755316382318227e+00  2.836579417188581e-05 
 8.516669241425003e-05  2.810306560169171e+00  2.810296309517202e+00  2.756966284437788e+00  2.838228257501531e-05 
 8.521669241425003e-05  2.811956446907249e+00  2.811946190148680e+00  2.758616186557716e+00  2.839877282644412e-05 
 8.526669241425003e-05  2.813606333648825e+00  2.813596070779220e+00  2.760266088678292e+00  2.841526178601741e-05 
 8.531669241425004e-05  2.815256220387661e+00  2.815245951411200e+00  2.761915990799014e+00  2.843175178564764e-05 
 8.536669241425004e-05  2.816906107129627e+00  2.816895832042014e+00  2.763565892920191e+00  2.844824060844145e-05 
 8.541669241425004e-05  2.818555993866720e+00  2.818545712672845e+00  2.765215795041811e+00  2.846473118094676e-05 
 8.546669241425004e-05  2.820205880610504e+00  2.820195593304865e+00  2.766865697164269e+00  2.848121940066742e-05 
 8.551669241425004e-05  2.821855767346825e+00  2.821845473935200e+00  2.768515599287159e+00  2.849771022230678e-05 
 8.556669241425004e-05  2.823505654089607e+00  2.823495354566565e+00  2.770165501410597e+00  2.851419876710074e-05 
 8.561669241425004e-05  2.825155540828650e+00  2.825145235198702e+00  2.771815403534310e+00  2.853068868679490e-05 
 8.566669241425004e-05  2.826805427571105e+00  2.826795115829867e+00  2.773465305658833e+00  2.854717733239712e-05 
 8.571669241425005e-05  2.828455314308467e+00  2.828444996460901e+00  2.775115207783848e+00  2.856366780320600e-05 
 8.576669241425005e-05  2.830105201050441e+00  2.830094877091753e+00  2.776765109909458e+00  2.858015660468353e-05 
 8.581669241425005e-05  2.831755087786544e+00  2.831744757721959e+00  2.778415012035286e+00  2.859664748805128e-05 
 8.586669241425005e-05  2.833404974530996e+00  2.833394638354453e+00  2.780064914162064e+00  2.861313546751968e-05 
 8.591669241425005e-05  2.835054861266525e+00  2.835044518984294e+00  2.781714816289026e+00  2.862962653562853e-05 
 8.596669241425005e-05  2.836704748007482e+00  2.836694399614492e+00  2.783364718416580e+00  2.864611565995893e-05 
 8.601669241425005e-05  2.838354634746440e+00  2.838344280246596e+00  2.785014620544487e+00  2.866260559519621e-05 
 8.606669241425005e-05  2.840004521487895e+00  2.839994160877140e+00  2.786664522672912e+00  2.867909454944044e-05 
 8.611669241425005e-05  2.841654408225241e+00  2.841644041508192e+00  2.788314424801929e+00  2.869558500870298e-05 
 8.616669241425006e-05  2.843304294966578e+00  2.843293922138651e+00  2.789964326931583e+00  2.871207400469159e-05 
 8.621669241425006e-05  2.844954181704503e+00  2.844943802770097e+00  2.791614229061546e+00  2.872856426633445e-05 
 8.626669241425006e-05  2.846604068447643e+00  2.846593683401761e+00  2.793264131192136e+00  2.874505265880582e-05 
 8.631669241425006e-05  2.848253955184505e+00  2.848243564032508e+00  2.794914033322978e+00  2.876154327039097e-05 
 8.636669241425006e-05  2.849903841924627e+00  2.849893444662193e+00  2.796563935454617e+00  2.877803265273718e-05 
 8.641669241425006e-05  2.851553728663672e+00  2.851543325294394e+00  2.798213837586532e+00  2.879452253512785e-05 
 8.646669241425006e-05  2.853203615404131e+00  2.853193205924301e+00  2.799863739718956e+00  2.881101180645176e-05 
 8.651669241425006e-05  2.854853502141362e+00  2.854843086555301e+00  2.801513641851940e+00  2.882750228836287e-05 
 8.656669241425007e-05  2.856503388883908e+00  2.856492967186598e+00  2.803163543985494e+00  2.884399086379899e-05 
 8.661669241425007e-05  2.858153275620781e+00  2.858142847817381e+00  2.804813446119200e+00  2.886048145540013e-05 
 8.666669241425007e-05  2.859803162363436e+00  2.859792728448761e+00  2.806463348253717e+00  2.887696998953596e-05 
 8.671669241425007e-05  2.861453049099521e+00  2.861442609079019e+00  2.808113250388689e+00  2.889346084137337e-05 
 8.676669241425007e-05  2.863102935842217e+00  2.863092489710431e+00  2.809763152524495e+00  2.890994935774564e-05 
 8.681669241425007e-05  2.864752822577503e+00  2.864742370340182e+00  2.811413054660311e+00  2.892644046582253e-05 
 8.686669241425007e-05  2.866402709319227e+00  2.866392250970958e+00  2.813062956796509e+00  2.894292929749813e-05 
 8.691669241425007e-05  2.868052596058229e+00  2.868042131603167e+00  2.814712858933177e+00  2.895941917589198e-05 
 8.696669241425008e-05  2.869702482797861e+00  2.869692012232570e+00  2.816362761070453e+00  2.897590869501768e-05 
 8.701669241425008e-05  2.871352369534756e+00  2.871341892863392e+00  2.818012663208076e+00  2.899239926485845e-05 
 8.706669241425008e-05  2.873002256275718e+00  2.872991773493687e+00  2.819662565346329e+00  2.900888833900675e-05 
 8.711669241425008e-05  2.874652143014155e+00  2.874641654125535e+00  2.821312467484929e+00  2.902537839414813e-05 
 8.716669241425008e-05  2.876302029755768e+00  2.876291534756263e+00  2.822962369624373e+00  2.904186725246907e-05 
 8.721669241425008e-05  2.877951916491782e+00  2.877941415386520e+00  2.824612271764282e+00  2.905835810253013e-05 
 8.726669241425008e-05  2.879601803233809e+00  2.879591296017535e+00  2.826262173904735e+00  2.907484681607800e-05 
 8.731669241425008e-05  2.881251689970660e+00  2.881241176648345e+00  2.827912076045266e+00  2.909133738902739e-05 
 8.736669241425009e-05  2.882901576711327e+00  2.882891057278471e+00  2.829561978186455e+00  2.910782654622038e-05 
 8.741669241425009e-05  2.884551463448277e+00  2.884540937909357e+00  2.831211880328098e+00  2.912431708097810e-05 
 8.746669241425009e-05  2.886201350189306e+00  2.886190818539724e+00  2.832861782470427e+00  2.914080611826699e-05 
 8.751669241425009e-05  2.887851236925210e+00  2.887840699169931e+00  2.834511684612982e+00  2.915729699186480e-05 
 8.756669241425009e-05  2.889501123667375e+00  2.889490579801053e+00  2.836161586756153e+00  2.917378565078969e-05 
 8.761669241425009e-05  2.891151010403569e+00  2.891140460431460e+00  2.837811488899576e+00  2.919027642402330e-05 
 8.766669241425009e-05  2.892800897145078e+00  2.892790341062168e+00  2.839461391043491e+00  2.920676528856150e-05 
 8.771669241425009e-05  2.894450783881823e+00  2.894440221692933e+00  2.841111293187802e+00  2.922325588149491e-05 
 8.776669241425010e-05  2.896100670623888e+00  2.896090102324014e+00  2.842761195332852e+00  2.923974456084791e-05 
 8.781669241425010e-05  2.897750557360842e+00  2.897739982954932e+00  2.844411097478193e+00  2.925623507739798e-05 
 8.786669241425010e-05  2.899400444101277e+00  2.899389863584946e+00  2.846060999624128e+00  2.927272428876984e-05 
 8.791669241425010e-05  2.901050330837959e+00  2.901039744215690e+00  2.847710901770380e+00  2.928921489191730e-05 
 8.796669241425010e-05  2.902700217578282e+00  2.902689624845635e+00  2.849360803917127e+00  2.930570413703995e-05 
 8.801669241425010e-05  2.904350104316247e+00  2.904339505477235e+00  2.851010706064350e+00  2.932219431208540e-05 
 8.806669241425010e-05  2.905999991056772e+00  2.905989386107317e+00  2.852660608212226e+00  2.933868348926240e-05 
 8.811669241425010e-05  2.907649877794102e+00  2.907639266738505e+00  2.854310510360167e+00  2.935517386725664e-05 
 8.816669241425010e-05  2.909299764533240e+00  2.909289147367682e+00  2.855960412508614e+00  2.937166349784872e-05 
 8.821669241425011e-05  2.910949651271879e+00  2.910939027999741e+00  2.857610314657618e+00  2.938815343841508e-05 
 8.826669241425011e-05  2.912599538012587e+00  2.912588908629970e+00  2.859260216807110e+00  2.940464254542599e-05 
 8.831669241425011e-05  2.914249424747991e+00  2.914238789259894e+00  2.860910118956649e+00  2.942113355180644e-05 
 8.836669241425011e-05  2.915899311489626e+00  2.915888669890748e+00  2.862560021106847e+00  2.943762234529037e-05 
 8.841669241425011e-05  2.917549198225418e+00  2.917538550520933e+00  2.864209923257323e+00  2.945411322155268e-05 
 8.846669241425011e-05  2.919199084965620e+00  2.919188431150843e+00  2.865859825408611e+00  2.947060248532709e-05 
 8.851669241425011e-05  2.920848971701436e+00  2.920838311781058e+00  2.867509727560324e+00  2.948709334649038e-05 
 8.856669241425011e-05  2.922498858444202e+00  2.922488192412661e+00  2.869159629712530e+00  2.950358176249847e-05 
 8.861669241425012e-05  2.924148745179912e+00  2.924138073042816e+00  2.870809531864983e+00  2.952007265519210e-05 
 8.866669241425012e-05  2.925798631918843e+00  2.925787953671905e+00  2.872459434017913e+00  2.953656232708448e-05 
 8.871669241425012e-05  2.927448518656861e+00  2.927437834303579e+00  2.874109336171099e+00  2.955305245772102e-05 
 8.876669241425012e-05  2.929098405396349e+00  2.929087714933040e+00  2.875759238324924e+00  2.956954194576048e-05 
 8.881669241425012e-05  2.930748292133246e+00  2.930737595563990e+00  2.877409140479100e+00  2.958603243744154e-05 
 8.886669241425012e-05  2.932398178873957e+00  2.932387476194264e+00  2.879059042633869e+00  2.960252151958345e-05 
 8.891669241425012e-05  2.934048065609938e+00  2.934037356824613e+00  2.880708944788795e+00  2.961901231013655e-05 
 8.896669241425012e-05  2.935697952350901e+00  2.935687237455070e+00  2.882358846944436e+00  2.963550129901973e-05 
 8.901669241425013e-05  2.937347839086777e+00  2.937337118085352e+00  2.884008749100402e+00  2.965199212287953e-05 
 8.906669241425013e-05  2.938997725827319e+00  2.938986998715532e+00  2.885658651256919e+00  2.966848124987445e-05 
 8.911669241425013e-05  2.940647612563854e+00  2.940636879346262e+00  2.887308553413575e+00  2.968497184946919e-05 
 8.916669241425013e-05  2.942297499303865e+00  2.942286759976102e+00  2.888958455570678e+00  2.970146114699437e-05 
 8.921669241425013e-05  2.943947386039606e+00  2.943936640606313e+00  2.890608357728069e+00  2.971795200504904e-05 
 8.926669241425013e-05  2.945597272780757e+00  2.945586521236912e+00  2.892258259886265e+00  2.973444092243385e-05 
 8.931669241425013e-05  2.947247159516086e+00  2.947236401866857e+00  2.893908162044891e+00  2.975093191371527e-05 
 8.936669241425013e-05  2.948897046257103e+00  2.948886282497382e+00  2.895558064203866e+00  2.976742086662723e-05 
 8.941669241425014e-05  2.950546932993459e+00  2.950536163128007e+00  2.897207966363076e+00  2.978391151818041e-05 
 8.946669241425014e-05  2.952196819732493e+00  2.952186043757228e+00  2.898857868523075e+00  2.980040112257123e-05 
 8.951669241425014e-05  2.953846706468380e+00  2.953835924387556e+00  2.900507770683438e+00  2.981689192156205e-05 
 8.956669241425014e-05  2.955496593208716e+00  2.955485805017640e+00  2.902157672844372e+00  2.983338109474223e-05 
 8.961669241425014e-05  2.957146479944128e+00  2.957135685647660e+00  2.903807575005529e+00  2.984987204561154e-05 
 8.966669241425014e-05  2.958796366684126e+00  2.958785566277538e+00  2.905457477167087e+00  2.986636132315271e-05 
 8.971669241425014e-05  2.960446253419978e+00  2.960435446907851e+00  2.907107379328916e+00  2.988285212702849e-05 
 8.976669241425014e-05  2.962096140158610e+00  2.962085327536828e+00  2.908757281491208e+00  2.989934185354384e-05 
 8.981669241425014e-05  2.963746026895044e+00  2.963735208167533e+00  2.910407183653622e+00  2.991583246024401e-05 
 8.986669241425015e-05  2.965395913634165e+00  2.965385088796845e+00  2.912057085816631e+00  2.993232202067001e-05 
 8.991669241425015e-05  2.967045800370151e+00  2.967034969427259e+00  2.913706987979896e+00  2.994881277125509e-05 
 8.996669241425015e-05  2.968695687111724e+00  2.968684850058200e+00  2.915356890143962e+00  2.996530151633328e-05 
 9.001669241425015e-05  2.970345573848186e+00  2.970334730688942e+00  2.917006792308350e+00  2.998179210393762e-05 
 9.006669241425015e-05  2.971995460586378e+00  2.971984611317649e+00  2.918656694473185e+00  2.999828196678835e-05 
 9.011669241425015e-05  2.973645347322309e+00  2.973634491948043e+00  2.920306596638411e+00  3.001477272536704e-05 
 9.016669241425015e-05  2.975295234063628e+00  2.975284372578830e+00  2.921956498804272e+00  3.003126154816085e-05 
 9.021669241425015e-05  2.976945120797748e+00  2.976934253208036e+00  2.923606400970250e+00  3.004775290093090e-05 
 9.026669241425016e-05  2.978595007538360e+00  2.978584133838358e+00  2.925256303136619e+00  3.006424195465110e-05 
 9.031669241425016e-05  2.980244894274048e+00  2.980234014468606e+00  2.926906205303257e+00  3.008073278606041e-05 
 9.036669241425016e-05  2.981894781013853e+00  2.981883895098413e+00  2.928556107470690e+00  3.009722209824054e-05 
 9.041669241425016e-05  2.983544667750671e+00  2.983533775729406e+00  2.930206009638199e+00  3.011371255528265e-05 
 9.046669241425016e-05  2.985194554489253e+00  2.985183656358414e+00  2.931855911806221e+00  3.013020226714306e-05 
 9.051669241425016e-05  2.986844441224380e+00  2.986833536988301e+00  2.933505813974628e+00  3.014669327707623e-05 
 9.056669241425016e-05  2.988494327964321e+00  2.988483417618208e+00  2.935155716143359e+00  3.016318253907427e-05 
 9.061669241425016e-05  2.990144214700043e+00  2.990133298248493e+00  2.936805618312314e+00  3.017967334916730e-05 
 9.066669241425017e-05  2.991794101438212e+00  2.991783178877240e+00  2.938455520481876e+00  3.019616319025767e-05 
 9.071669241425017e-05  2.993443988175189e+00  2.993433059508364e+00  2.940105422651765e+00  3.021265358068640e-05 
 9.076669241425017e-05  2.995093874914179e+00  2.995082940137660e+00  2.941755324822097e+00  3.022914314688556e-05 
 9.081669241425017e-05  2.996743761648901e+00  2.996732820767300e+00  2.943405226992674e+00  3.024563427805508e-05 
 9.086669241425017e-05  2.998393648389095e+00  2.998382701397395e+00  2.945055129163785e+00  3.026212344501802e-05 
 9.091669241425017e-05  3.000043535125149e+00  3.000032582027926e+00  2.946705031334982e+00  3.027861413032199e-05 
 9.096669241425017e-05  3.001693421864995e+00  3.001682462657805e+00  2.948354933506722e+00  3.029510340564269e-05 
 9.101669241425017e-05  3.003343308599681e+00  3.003332343287429e+00  2.950004835678888e+00  3.031159454302948e-05 
 9.106669241425018e-05  3.004993195340183e+00  3.004982223917749e+00  2.951654737851694e+00  3.032808359674969e-05 
 9.111669241425018e-05  3.006643082076178e+00  3.006632104548250e+00  2.953304640024643e+00  3.034457429626450e-05 
 9.116669241425018e-05  3.008292968813170e+00  3.008281985176253e+00  2.954954542198188e+00  3.036106450861345e-05 
 9.121669241425018e-05  3.009942855548630e+00  3.009931865806404e+00  2.956604444371953e+00  3.037755538043489e-05 
 9.126669241425018e-05  3.011592742288201e+00  3.011581746436132e+00  2.958254346546093e+00  3.039404473169485e-05 
 9.131669241425018e-05  3.013242629023545e+00  3.013231627066208e+00  2.959904248720460e+00  3.041053564037568e-05 
 9.136669241425018e-05  3.014892515762105e+00  3.014881507695272e+00  2.961554150895504e+00  3.042702532292621e-05 
 9.141669241425018e-05  3.016542402498061e+00  3.016531388325763e+00  2.963204053070890e+00  3.044351602377329e-05 
 9.146669241425018e-05  3.018192289238331e+00  3.018181268955957e+00  2.964853955246740e+00  3.046000514055417e-05 
 9.151669241425019e-05  3.019842175972883e+00  3.019831149585532e+00  2.966503857422852e+00  3.047649629836905e-05 
 9.156669241425019e-05  3.021492062711205e+00  3.021481030214451e+00  2.968153759599439e+00  3.049298605330612e-05 
 9.161669241425019e-05  3.023141949447133e+00  3.023130910844937e+00  2.969803661776062e+00  3.050947675459729e-05 
 9.166669241425019e-05  3.024791836185425e+00  3.024780791473847e+00  2.971453563953480e+00  3.052596651486342e-05 
 9.171669241425019e-05  3.026441722920502e+00  3.026430672103778e+00  2.973103466131253e+00  3.054245749193400e-05 
 9.176669241425019e-05  3.028091609660216e+00  3.028080552733634e+00  2.974753368309524e+00  3.055894677924511e-05 
 9.181669241425019e-05  3.029741496394197e+00  3.029730433362841e+00  2.976403270487842e+00  3.057543811691612e-05 
 9.186669241425019e-05  3.031391383133110e+00  3.031380313992174e+00  2.978053172666660e+00  3.059192766623989e-05 
 9.191669241425020e-05  3.033041269868655e+00  3.033030194622423e+00  2.979703074845841e+00  3.060841848255017e-05 
 9.196669241425020e-05  3.034691156608063e+00  3.034680075252094e+00  2.981352977025566e+00  3.062490786089958e-05 
 9.201669241425020e-05  3.036341043342685e+00  3.036329955881741e+00  2.983002879205354e+00  3.064139897919052e-05 
 9.206669241425020e-05  3.037990930081504e+00  3.037979836511025e+00  2.984652781385717e+00  3.065788855071875e-05 
 9.211669241425020e-05  3.039640816815935e+00  3.039629717140561e+00  2.986302683566449e+00  3.067437972274448e-05 
 9.216669241425020e-05  3.041290703553792e+00  3.041279597769215e+00  2.987952585747359e+00  3.069086961046422e-05 
 9.221669241425020e-05  3.042940590290817e+00  3.042929478400456e+00  2.989602487928402e+00  3.070735992761822e-05 
 9.226669241425020e-05  3.044590477029902e+00  3.044579359029937e+00  2.991252390109935e+00  3.072384940277909e-05 
 9.231669241425021e-05  3.046240363763640e+00  3.046229239659021e+00  2.992902292291826e+00  3.074034079862578e-05 
 9.236669241425021e-05  3.047890250503591e+00  3.047879120289081e+00  2.994552194474315e+00  3.075682998246413e-05 
 9.241669241425021e-05  3.049540137237600e+00  3.049529000918346e+00  2.996202096656829e+00  3.077332128860480e-05 
 9.246669241425021e-05  3.051190023975924e+00  3.051178881547337e+00  2.997851998839824e+00  3.078981100668246e-05 
 9.251669241425021e-05  3.052839910711408e+00  3.052828762177585e+00  2.999501901023228e+00  3.080630181944004e-05 
 9.256669241425021e-05  3.054489797447445e+00  3.054478642805074e+00  3.001151803207057e+00  3.082279228936072e-05 
 9.261669241425021e-05  3.056139684183254e+00  3.056128523435538e+00  3.002801705390924e+00  3.083928299198416e-05 
 9.266669241425021e-05  3.057789570922965e+00  3.057778404065468e+00  3.004451607575633e+00  3.085577224199179e-05 
 9.271669241425022e-05  3.059439457656809e+00  3.059428284694636e+00  3.006101509760603e+00  3.087226359209731e-05 
 9.276669241425022e-05  3.061089344396386e+00  3.061078165324487e+00  3.007751411946056e+00  3.088875288118478e-05 
 9.281669241425022e-05  3.062739231131272e+00  3.062728045954355e+00  3.009401314131815e+00  3.090524388134799e-05 
 9.286669241425022e-05  3.064389117869503e+00  3.064377926583311e+00  3.011051216317960e+00  3.092173361718922e-05 
 9.291669241425022e-05  3.066039004604878e+00  3.066027807213513e+00  3.012701118504405e+00  3.093822444993080e-05 
 9.296669241425022e-05  3.067688891342152e+00  3.067677687841851e+00  3.014351020691182e+00  3.095471449441403e-05 
 9.301669241425022e-05  3.069338778078054e+00  3.069327568472404e+00  3.016000922878188e+00  3.097120514951993e-05 
 9.306669241425022e-05  3.070988664814517e+00  3.070977449100216e+00  3.017650825065802e+00  3.098769545956851e-05 
 9.311669241425023e-05  3.072638551549834e+00  3.072627329730380e+00  3.019300727253646e+00  3.100418630652094e-05 
 9.316669241425023e-05  3.074288438287556e+00  3.074277210359032e+00  3.020950629442027e+00  3.102067619690521e-05 
 9.321669241425023e-05  3.075938325023281e+00  3.075927090989477e+00  3.022600531630554e+00  3.103716690219318e-05 
 9.326669241425023e-05  3.077588211759716e+00  3.077576971617284e+00  3.024250433819291e+00  3.105365721668266e-05 
 9.331669241425023e-05  3.079238098495459e+00  3.079226852247743e+00  3.025900336008140e+00  3.107014791175657e-05 
 9.336669241425023e-05  3.080887985232617e+00  3.080876732876048e+00  3.027550238197441e+00  3.108663797888836e-05 
 9.341669241425023e-05  3.082537871965297e+00  3.082526613504483e+00  3.029200140387091e+00  3.110312968515343e-05 
 9.346669241425023e-05  3.084187758705013e+00  3.084176494134479e+00  3.030850042577599e+00  3.111961890496299e-05 
 9.351669241425023e-05  3.085837645440792e+00  3.085826374764979e+00  3.032499944768087e+00  3.113610957960880e-05 
 9.356669241425024e-05  3.087487532177887e+00  3.087476255393244e+00  3.034149846958907e+00  3.115259966494824e-05 
 9.361669241425024e-05  3.089137418913006e+00  3.089126136023309e+00  3.035799749149975e+00  3.116909055497733e-05 
 9.366669241425024e-05  3.090787305649639e+00  3.090776016651288e+00  3.037449651341377e+00  3.118558078597802e-05 
 9.371669241425024e-05  3.092437192385704e+00  3.092425897281975e+00  3.039099553532996e+00  3.120207136203604e-05 
 9.376669241425024e-05  3.094087079123367e+00  3.094075777910645e+00  3.040749455725164e+00  3.121856124842351e-05 
 9.381669241425024e-05  3.095736965858093e+00  3.095725658540458e+00  3.042399357917777e+00  3.123505225880078e-05 
 9.386669241425024e-05  3.097386852595404e+00  3.097375539168900e+00  3.044049260110873e+00  3.125154225976327e-05 
 9.391669241425024e-05  3.099036739328430e+00  3.099025419797595e+00  3.045699162303916e+00  3.126803382924885e-05 
 9.396669241425025e-05  3.100686626068716e+00  3.100675300428005e+00  3.047349064497466e+00  3.128452284477737e-05 
 9.401669241425025e-05  3.102336512800905e+00  3.102325181056156e+00  3.048998966691227e+00  3.130101468826602e-05 
 9.406669241425025e-05  3.103986399538633e+00  3.103975061684887e+00  3.050648868885360e+00  3.131750454134678e-05 
 9.411669241425025e-05  3.105636286274199e+00  3.105624942315275e+00  3.052298771079708e+00  3.133399526484242e-05 
 9.416669241425025e-05  3.107286173011035e+00  3.107274822943422e+00  3.053948673274630e+00  3.135048541235433e-05 
 9.421669241425025e-05  3.108936059745432e+00  3.108924703573044e+00  3.055598575469623e+00  3.136697651599034e-05 
 9.426669241425025e-05  3.110585946483408e+00  3.110574584201950e+00  3.057248477665070e+00  3.138346628336191e-05 
 9.431669241425025e-05  3.112235833217437e+00  3.112224464831327e+00  3.058898379860840e+00  3.139995750956653e-05 
 9.436669241425026e-05  3.113885719955847e+00  3.113874345460537e+00  3.060548282057050e+00  3.141644712550367e-05 
 9.441669241425026e-05  3.115535606690692e+00  3.115524226090458e+00  3.062198184253502e+00  3.143293807903751e-05 
 9.446669241425026e-05  3.117185493427157e+00  3.117174106718385e+00  3.063848086450581e+00  3.144942833490720e-05 
 9.451669241425026e-05  3.118835380161752e+00  3.118823987348156e+00  3.065497988647821e+00  3.146591936349212e-05 
 9.456669241425026e-05  3.120485266898201e+00  3.120473867976077e+00  3.067147890845515e+00  3.148240962380271e-05 
 9.461669241425026e-05  3.122135153632548e+00  3.122123748605689e+00  3.068797793043525e+00  3.149890072877098e-05 
 9.466669241425026e-05  3.123785040369737e+00  3.123773629234113e+00  3.070447695241956e+00  3.151539073905933e-05 
 9.471669241425026e-05  3.125434927105619e+00  3.125423509864737e+00  3.072097597440362e+00  3.153188133554545e-05 
 9.476669241425027e-05  3.127084813842877e+00  3.127073390493206e+00  3.073747499639067e+00  3.154837132451752e-05 
 9.481669241425027e-05  3.128734700576739e+00  3.128723271122508e+00  3.075397401838242e+00  3.156486258136431e-05 
 9.486669241425027e-05  3.130384587315030e+00  3.130373151751674e+00  3.077047304037936e+00  3.158135222128226e-05 
 9.491669241425027e-05  3.132034474047188e+00  3.132023032379856e+00  3.078697206237569e+00  3.159784403812554e-05 
 9.496669241425027e-05  3.133684360783310e+00  3.133672913007596e+00  3.080347108437616e+00  3.161433438991850e-05 
 9.501669241425027e-05  3.135334247518696e+00  3.135322793637910e+00  3.081997010637922e+00  3.163082514050357e-05 
 9.506669241425027e-05  3.136984134255646e+00  3.136972674266205e+00  3.083646912838759e+00  3.164731521518486e-05 
 9.511669241425027e-05  3.138634020989784e+00  3.138622554895698e+00  3.085296815039707e+00  3.166380637388793e-05 
 9.516669241425027e-05  3.140283907727101e+00  3.140272435524244e+00  3.086946717241156e+00  3.168029632466833e-05 
 9.521669241425028e-05  3.141933794461001e+00  3.141922316153586e+00  3.088596619442839e+00  3.169678755797838e-05 
 9.526669241425028e-05  3.143583681199317e+00  3.143572196782800e+00  3.090246521644905e+00  3.171327717435961e-05 
 9.531669241425028e-05  3.145233567930679e+00  3.145222077410474e+00  3.091896423847055e+00  3.172976924122510e-05 
 9.536669241425028e-05  3.146883454668876e+00  3.146871958039620e+00  3.093546326049815e+00  3.174625889091303e-05 
 9.541669241425028e-05  3.148533341403068e+00  3.148521838669166e+00  3.095196228252595e+00  3.176275002208255e-05 
 9.546669241425028e-05  3.150183228139320e+00  3.150171719297026e+00  3.096846130455757e+00  3.177924031392347e-05 
 9.551669241425028e-05  3.151833114873070e+00  3.151821599926293e+00  3.098496032659152e+00  3.179573158231656e-05 
 9.556669241425028e-05  3.153483001609086e+00  3.153471480554006e+00  3.100145934863139e+00  3.181222194920856e-05 
 9.561669241425029e-05  3.155132888342624e+00  3.155121361183135e+00  3.101795837067538e+00  3.182871328643547e-05 
 9.566669241425029e-05  3.156782775080014e+00  3.156771241811769e+00  3.103445739272382e+00  3.184520319236288e-05 
 9.571669241425029e-05  3.158432661815189e+00  3.158421122441976e+00  3.105095641477174e+00  3.186169398868914e-05 
 9.576669241425029e-05  3.160082548551443e+00  3.160071003069865e+00  3.106745543682217e+00  3.187818426809556e-05 
 9.581669241425029e-05  3.161732435285546e+00  3.161720883699377e+00  3.108395445887692e+00  3.189467541036733e-05 
 9.586669241425029e-05  3.163382322020564e+00  3.163370764326462e+00  3.110045348093561e+00  3.191116609300675e-05 
 9.591669241425029e-05  3.165032208754971e+00  3.165020644956175e+00  3.111695250299433e+00  3.192765713269390e-05 
 9.596669241425029e-05  3.166682095492651e+00  3.166670525585023e+00  3.113345152505933e+00  3.194414693426032e-05 
 9.601669241425030e-05  3.168331982226569e+00  3.168320406214416e+00  3.114995054712535e+00  3.196063813293142e-05 
 9.606669241425030e-05  3.169981868964836e+00  3.169970286843663e+00  3.116644956919668e+00  3.197712773554587e-05 
 9.611669241425030e-05  3.171631755697113e+00  3.171620167471984e+00  3.118294859127022e+00  3.199361946934446e-05 
 9.616669241425030e-05  3.173281642434054e+00  3.173270048100354e+00  3.119944761334676e+00  3.201010951027497e-05 
 9.621669241425030e-05  3.174931529167105e+00  3.174919928729195e+00  3.121594663542421e+00  3.202660098428137e-05 
 9.626669241425030e-05  3.176581415904355e+00  3.176569809357771e+00  3.123244565750651e+00  3.204309092129502e-05 
 9.631669241425030e-05  3.178231302637754e+00  3.178219689986844e+00  3.124894467959115e+00  3.205958227850596e-05 
 9.636669241425030e-05  3.179881189373512e+00  3.179869570614451e+00  3.126544370167855e+00  3.207607269957684e-05 
 9.641669241425031e-05  3.181531076107589e+00  3.181519451243974e+00  3.128194272376697e+00  3.209256383074636e-05 
 9.646669241425031e-05  3.183180962844226e+00  3.183169331872176e+00  3.129844174585955e+00  3.210905395560974e-05 
 9.651669241425031e-05  3.184830849578442e+00  3.184819212501791e+00  3.131494076795476e+00  3.212554503837355e-05 
 9.656669241425031e-05  3.186480736315625e+00  3.186469093130354e+00  3.133143979005608e+00  3.214203498338078e-05 
 9.661669241425031e-05  3.188130623048579e+00  3.188118973759155e+00  3.134793881215776e+00  3.215852647337440e-05 
 9.666669241425031e-05  3.189780509784856e+00  3.189768854387123e+00  3.136443783426369e+00  3.217501671547733e-05 
 9.671669241425031e-05  3.191430396518184e+00  3.191418735016166e+00  3.138093685637151e+00  3.219150808245822e-05 
 9.676669241425031e-05  3.193080283252579e+00  3.193068615642904e+00  3.139743587848460e+00  3.220799894140107e-05 
 9.681669241425032e-05  3.194730169986925e+00  3.194718496272630e+00  3.141393490060160e+00  3.222448996510100e-05 
 9.686669241425032e-05  3.196380056723500e+00  3.196368376900812e+00  3.143043392272158e+00  3.224098010195478e-05 
 9.691669241425032e-05  3.198029943457825e+00  3.198018257530528e+00  3.144693294484319e+00  3.225747112876335e-05 
 9.696669241425032e-05  3.199679830195413e+00  3.199668138159384e+00  3.146343196697027e+00  3.227396092899751e-05 
 9.701669241425032e-05  3.201329716928687e+00  3.201318018788409e+00  3.147993098909621e+00  3.229045230175156e-05 
 9.706669241425032e-05  3.202979603664255e+00  3.202967899415948e+00  3.149643001122471e+00  3.230694276145821e-05 
 9.711669241425032e-05  3.204629490396682e+00  3.204617780044410e+00  3.151292903335432e+00  3.232343441354438e-05 
 9.716669241425032e-05  3.206279377135321e+00  3.206267660673987e+00  3.152942805548918e+00  3.233992385317811e-05 
 9.721669241425032e-05  3.207929263867116e+00  3.207917541302045e+00  3.154592707762535e+00  3.235641570865715e-05 
 9.726669241425033e-05  3.209579150604901e+00  3.209567421931053e+00  3.156242609976745e+00  3.237290543028752e-05 
 9.731669241425033e-05  3.211229037336923e+00  3.211217302559268e+00  3.157892512191215e+00  3.238939720805093e-05 
 9.736669241425033e-05  3.212878924072607e+00  3.212867183186902e+00  3.159542414405971e+00  3.240588761757549e-05 
 9.741669241425033e-05  3.214528810804128e+00  3.214517063814788e+00  3.161192316620786e+00  3.242237955787556e-05 
 9.746669241425033e-05  3.216178697539906e+00  3.216166944442486e+00  3.162842218836101e+00  3.243886993498161e-05 
 9.751669241425033e-05  3.217828584273377e+00  3.217816825071675e+00  3.164492121051349e+00  3.245536122291462e-05 
 9.756669241425033e-05  3.219478471009634e+00  3.219466705699696e+00  3.166142023266813e+00  3.247185143881629e-05 
 9.761669241425033e-05  3.221128357742043e+00  3.221116586328179e+00  3.167791925482601e+00  3.248834307891206e-05 
 9.766669241425034e-05  3.222778244478781e+00  3.222766466956531e+00  3.169441827699087e+00  3.250483312961253e-05 
 9.771669241425034e-05  3.224428131211030e+00  3.224416347584917e+00  3.171091729915639e+00  3.252132481811403e-05 
 9.776669241425034e-05  3.226078017950172e+00  3.226066228214857e+00  3.172741632132742e+00  3.253781407256256e-05 
 9.781669241425034e-05  3.227727904682626e+00  3.227716108843382e+00  3.174391534350048e+00  3.255430569267430e-05 
 9.786669241425034e-05  3.229377791418928e+00  3.229365989471462e+00  3.176041436567588e+00  3.257079587660154e-05 
 9.791669241425034e-05  3.231027678151481e+00  3.231015870100060e+00  3.177691338785117e+00  3.258728746029798e-05 
 9.796669241425034e-05  3.232677564886838e+00  3.232665750727512e+00  3.179341241002930e+00  3.260377795819630e-05 
 9.801669241425034e-05  3.234327451619410e+00  3.234315631356131e+00  3.180991143220851e+00  3.262026952857005e-05 
 9.806669241425035e-05  3.235977338355819e+00  3.235965511984294e+00  3.182641045439254e+00  3.263675967297336e-05 
 9.811669241425035e-05  3.237627225086995e+00  3.237615392611988e+00  3.184290947657782e+00  3.265325170564397e-05 
 9.816669241425035e-05  3.239277111824371e+00  3.239265273240794e+00  3.185940849876858e+00  3.266974152586216e-05 
 9.821669241425035e-05  3.240926998556946e+00  3.240915153869423e+00  3.187590752096230e+00  3.268623309135093e-05 
 9.826669241425035e-05  3.242576885292450e+00  3.242565034496997e+00  3.189240654315902e+00  3.270272352796494e-05 
 9.831669241425035e-05  3.244226772027354e+00  3.244214915127166e+00  3.190890556535684e+00  3.271921432162666e-05 
 9.836669241425035e-05  3.245876658762383e+00  3.245864795754439e+00  3.192540458756107e+00  3.273570491056326e-05 
 9.841669241425035e-05  3.247526545493001e+00  3.247514676381786e+00  3.194190360976611e+00  3.275219711420822e-05 
 9.846669241425036e-05  3.249176432228920e+00  3.249164557009645e+00  3.195840263197292e+00  3.276868740960187e-05 
 9.851669241425036e-05  3.250826318963886e+00  3.250814437639868e+00  3.197490165418220e+00  3.278517817395371e-05 
 9.856669241425036e-05  3.252476205698798e+00  3.252464318267080e+00  3.199140067639596e+00  3.280166879442063e-05 
 9.861669241425036e-05  3.254126092431411e+00  3.254114198895750e+00  3.200789969860966e+00  3.281816033281997e-05 
 9.866669241425036e-05  3.255775979167773e+00  3.255764079523920e+00  3.202439872082642e+00  3.283465047411466e-05 
 9.871669241425036e-05  3.257425865898458e+00  3.257413960151320e+00  3.204089774304286e+00  3.285114264800565e-05 
 9.876669241425036e-05  3.259075752632821e+00  3.259063840778178e+00  3.205739676526630e+00  3.286763344433191e-05 
 9.881669241425036e-05  3.260725639364966e+00  3.260713721406553e+00  3.207389578749090e+00  3.288412512972478e-05 
 9.886669241425036e-05  3.262375526103397e+00  3.262363602036106e+00  3.209039480972041e+00  3.290061457912846e-05 
 9.891669241425037e-05  3.264025412834562e+00  3.264013482663842e+00  3.210689383195088e+00  3.291710658470965e-05 
 9.896669241425037e-05  3.265675299571302e+00  3.265663363292280e+00  3.212339285418342e+00  3.293359658922484e-05 
 9.901669241425037e-05  3.267325186302842e+00  3.267313243920261e+00  3.213989187641817e+00  3.295008847312558e-05 
 9.906669241425037e-05  3.268975073041230e+00  3.268963124549799e+00  3.215639089865945e+00  3.296657792697016e-05 
 9.911669241425037e-05  3.270624959770767e+00  3.270613005176467e+00  3.217288992089952e+00  3.298307046812293e-05 
 9.916669241425037e-05  3.272274846507186e+00  3.272262885804707e+00  3.218938894314306e+00  3.299956056856138e-05 
 9.921669241425037e-05  3.273924733238825e+00  3.273912766432773e+00  3.220588796538664e+00  3.301605241116184e-05 
 9.926669241425037e-05  3.275574619974758e+00  3.275562647060694e+00  3.222238698763430e+00  3.303254267058426e-05 
 9.931669241425038e-05  3.277224506706894e+00  3.277212527689098e+00  3.223888600988609e+00  3.304903434443080e-05 
 9.936669241425038e-05  3.278874393441838e+00  3.278862408316377e+00  3.225538503214127e+00  3.306552492448562e-05 
 9.941669241425038e-05  3.280524280174349e+00  3.280512288945025e+00  3.227188405439501e+00  3.308201647398718e-05 
 9.946669241425038e-05  3.282174166909541e+00  3.282162169572474e+00  3.228838307665363e+00  3.309850697055322e-05 
 9.951669241425038e-05  3.283824053641026e+00  3.283812050200459e+00  3.230488209891397e+00  3.311499885045715e-05 
 9.956669241425038e-05  3.285473940378406e+00  3.285461930829357e+00  3.232138112118002e+00  3.313148862226960e-05 
 9.961669241425038e-05  3.287123827109973e+00  3.287111811457398e+00  3.233788014344813e+00  3.314798047419593e-05 
 9.966669241425038e-05  3.288773713846607e+00  3.288761692085806e+00  3.235437916571855e+00  3.316447049025744e-05 
 9.971669241425039e-05  3.290423600577714e+00  3.290411572713553e+00  3.237087818798836e+00  3.318096248917728e-05 
 9.976669241425039e-05  3.292073487313997e+00  3.292061453341736e+00  3.238737721026466e+00  3.319745261581702e-05 
 9.981669241425039e-05  3.293723374046064e+00  3.293711333970121e+00  3.240387623254414e+00  3.321394429676899e-05 
 9.986669241425039e-05  3.295373260781079e+00  3.295361214597477e+00  3.242037525482599e+00  3.323043483774396e-05 
 9.991669241425039e-05  3.297023147513484e+00  3.297011095226084e+00  3.243687427710832e+00  3.324692640589727e-05 
 9.995834620712519e-05  3.298397628321605e+00  3.298385570945285e+00  3.245061921424780e+00  3.326066373719852e-05 
 9.999999999999999e-05  3.299772109123989e+00  3.299760046663674e+00  3.246436415138674e+00  3.327440312997381e-05 
 1.000001154270231e-04  3.299772648064609e+00  3.299760730245470e+00  3.246440161504197e+00  3.318190387849901e-05 
 1.000003462810694e-04  3.299772870735115e+00  3.299760986104064e+00  3.246447642101477e+00  3.314223515137477e-05 
 1.000004570635416e-04  3.299772796927863e+00  3.299760867784943e+00  3.246451228288894e+00  3.315280373499428e-05 
 1.000005604262713e-04  3.299772840899111e+00  3.299760921659503e+00  3.246454574571342e+00  3.314513214847404e-05 
 1.000006491963515e-04  3.299772830998065e+00  3.299760905654920e+00  3.246457447330420e+00  3.314667433423630e-05 
 1.000007304219232e-04  3.299772839521951e+00  3.299760912475917e+00  3.246460075722686e+00  3.314480923204088e-05 
 1.000008928730665e-04  3.299772840724191e+00  3.299760912697146e+00  3.246465331162925e+00  3.314461938940082e-05 
 1.000010607206726e-04  3.299772844817313e+00  3.299760914456010e+00  3.246470759800768e+00  3.314358375458821e-05 
 1.000013964158848e-04  3.299772845439980e+00  3.299760915037997e+00  3.246481613032289e+00  3.314355591411152e-05 
 1.000017786556619e-04  3.299772847701719e+00  3.299760915655785e+00  3.246493965433677e+00  3.314293364427494e-05 
 1.000024089953879e-04  3.299772847252417e+00  3.299760915868141e+00  3.246514323858126e+00  3.314313839425963e-05 
 1.000032867982573e-04  3.299772848953853e+00  3.299760916227307e+00  3.246542654104853e+00  3.314263559763547e-05 
 1.000049070763730e-04  3.299772848579058e+00  3.299760916565909e+00  3.246594893361179e+00  3.314280287260891e-05 
 1.000079301434333e-04  3.299772850753302e+00  3.299760917210441e+00  3.246692200931331e+00  3.314216861715984e-05 
 1.000139762775539e-04  3.299772851734446e+00  3.299760918311850e+00  3.246886261194963e+00  3.314197829985322e-05 
 1.000260685457950e-04  3.299772856794908e+00  3.299760920558643e+00  3.247272252408491e+00  3.314058723276653e-05 
 1.000502530822773e-04  3.299772863683485e+00  3.299760924936304e+00  3.248035820258161e+00  3.313885008424800e-05 
 1.000986221552419e-04  3.299772880263502e+00  3.299760933569023e+00  3.249529897922739e+00  3.313444318820313e-05 
 1.001486221552419e-04  3.299772894798174e+00  3.299760942185569e+00  3.251029048442279e+00  3.313070436560946e-05 
 1.001986221552419e-04  3.299772910962418e+00  3.299760950587359e+00  3.252483493094483e+00  3.312640652529298e-05 
 1.002486221552419e-04  3.299772924584750e+00  3.299760958698487e+00  3.253894565782433e+00  3.312290638377444e-05 
 1.002986221552419e-04  3.299772939860409e+00  3.299760966607628e+00  3.255263559422569e+00  3.311884113074130e-05 
 1.003486221552419e-04  3.299772952621372e+00  3.299760974241295e+00  3.256591729355025e+00  3.311556652037262e-05 
 1.003986221552419e-04  3.299772967059859e+00  3.299760981686235e+00  3.257880292673291e+00  3.311172043602323e-05 
 1.004486221552419e-04  3.299772979009338e+00  3.299760988869980e+00  3.259130430820135e+00  3.310865836586274e-05 
 1.004986221552419e-04  3.299772992658901e+00  3.299760995877386e+00  3.260343289482033e+00  3.310501887092610e-05 
 1.005486221552419e-04  3.299773003849264e+00  3.299761002640721e+00  3.261519980583689e+00  3.310215531752467e-05 
 1.005986221552419e-04  3.299773016756332e+00  3.299761009236367e+00  3.262661582570280e+00  3.309871024129187e-05 
 1.006486221552419e-04  3.299773027227109e+00  3.299761015600639e+00  3.263769141959651e+00  3.309603521930361e-05 
 1.006986221552419e-04  3.299773039436633e+00  3.299761021809596e+00  3.264843673887096e+00  3.309277269704321e-05 
 1.007486221552419e-04  3.299773049233144e+00  3.299761027800242e+00  3.265886163325224e+00  3.309027413789971e-05 
 1.007986221552419e-04  3.299773060783747e+00  3.299761033643694e+00  3.266897565804978e+00  3.308718420691433e-05 
 1.008486221552419e-04  3.299773069946148e+00  3.299761039283003e+00  3.267878808384530e+00  3.308485157593136e-05 
 1.008986221552419e-04  3.299773080877796e+00  3.299761044783270e+00  3.268830790482450e+00  3.308192367444730e-05 
 1.009486221552419e-04  3.299773089442890e+00  3.299761050091577e+00  3.269754384654799e+00  3.307974737663335e-05 
 1.009986221552419e-04  3.299773099790399e+00  3.299761055267798e+00  3.270650437497370e+00  3.307697249496869e-05 
 1.010486221552419e-04  3.299773107792482e+00  3.299761060264021e+00  3.271519770274105e+00  3.307494361256831e-05 
 1.010986221552419e-04  3.299773117592410e+00  3.299761065136720e+00  3.272363179856601e+00  3.307231201539941e-05 
 1.011486221552419e-04  3.299773125064985e+00  3.299761069839457e+00  3.273181439235708e+00  3.307042175766667e-05 
 1.011986221552419e-04  3.299773134348563e+00  3.299761074425858e+00  3.273975298477768e+00  3.306792533059543e-05 
 1.012486221552419e-04  3.299773141322545e+00  3.299761078852212e+00  3.274745485140357e+00  3.306616562532075e-05 
 1.012986221552419e-04  3.299773150120210e+00  3.299761083169209e+00  3.275492705231502e+00  3.306379638584359e-05 
 1.013486221552419e-04  3.299773156626601e+00  3.299761087336552e+00  3.276217643548234e+00  3.306215899783665e-05 
 1.013986221552419e-04  3.299773164965484e+00  3.299761091399045e+00  3.276920964627110e+00  3.305990993866996e-05 
 1.014486221552419e-04  3.299773171028727e+00  3.299761095320568e+00  3.277603313019343e+00  3.305838869553478e-05 
 1.014986221552419e-04  3.299773178937214e+00  3.299761099144469e+00  3.278265314226270e+00  3.305625227249102e-05 
 1.015486221552419e-04  3.299773184586858e+00  3.299761102836930e+00  3.278907574918819e+00  3.305483919483268e-05 
 1.015986221552419e-04  3.299773192090072e+00  3.299761106436161e+00  3.279530683855421e+00  3.305280883805605e-05 
 1.016486221552419e-04  3.299773197347795e+00  3.299761109911278e+00  3.280135212054292e+00  3.305149844181690e-05 
 1.016986221552419e-04  3.299773204468900e+00  3.299761113298610e+00  3.280721713689339e+00  3.304956813078997e-05 
 1.017486221552419e-04  3.299773209360160e+00  3.299761116570753e+00  3.281290726221044e+00  3.304835358543385e-05 
 1.017986221552419e-04  3.299773216120418e+00  3.299761119757864e+00  3.281842771270709e+00  3.304651782943763e-05 
 1.018486221552419e-04  3.299773220664719e+00  3.299761122837603e+00  3.282378354713931e+00  3.304539418070529e-05 
 1.018986221552419e-04  3.299773227086720e+00  3.299761125837184e+00  3.282897967531144e+00  3.304364695877825e-05 
 1.019486221552419e-04  3.299773231306695e+00  3.299761128737300e+00  3.283402085869600e+00  3.304260812886475e-05 
 1.019986221552419e-04  3.299773237408360e+00  3.299761131559095e+00  3.283891171869701e+00  3.304094487576982e-05 
 1.020486221552419e-04  3.299773241322659e+00  3.299761134289869e+00  3.284365673696688e+00  3.303998601699731e-05 
 1.020986221552419e-04  3.299773247125741e+00  3.299761136946259e+00  3.284826026344811e+00  3.303840083167704e-05 
 1.021486221552419e-04  3.299773250750833e+00  3.299761139516639e+00  3.285272651642139e+00  3.303751774917889e-05 
 1.021986221552419e-04  3.299773256271221e+00  3.299761142016270e+00  3.285705959031867e+00  3.303600657798696e-05 
 1.022486221552419e-04  3.299773259625804e+00  3.299761144436802e+00  3.286126345552420e+00  3.303519425844003e-05 
 1.022986221552419e-04  3.299773264879137e+00  3.299761146788241e+00  3.286534196597724e+00  3.303375307481956e-05 
 1.023486221552419e-04  3.299773267978030e+00  3.299761149067019e+00  3.286929885873114e+00  3.303300771770840e-05 
 1.023986221552419e-04  3.299773272981258e+00  3.299761151279818e+00  3.287313776135101e+00  3.303163198573220e-05 
 1.024486221552419e-04  3.299773275840426e+00  3.299761153425767e+00  3.287686219126894e+00  3.303094935666616e-05 
 1.024986221552419e-04  3.299773280607493e+00  3.299761155507597e+00  3.288047556298822e+00  3.302963546899756e-05 
 1.025486221552419e-04  3.299773283240600e+00  3.299761157528237e+00  3.288398118723049e+00  3.302901202680930e-05 
 1.025986221552419e-04  3.299773287785194e+00  3.299761159486673e+00  3.288738227794366e+00  3.302775640764197e-05 
 1.026486221552419e-04  3.299773290206171e+00  3.299761161389792e+00  3.289068195127732e+00  3.302718846195014e-05 
 1.026986221552419e-04  3.299773294541060e+00  3.299761163231882e+00  3.289388323241782e+00  3.302598778949679e-05 
 1.027486221552419e-04  3.299773296761890e+00  3.299761165024051e+00  3.289698905438035e+00  3.302547224677594e-05 
 1.027986221552419e-04  3.299773300901129e+00  3.299761166757800e+00  3.290000226467325e+00  3.302432270719843e-05 
 1.028486221552419e-04  3.299773302933818e+00  3.299761168445694e+00  3.290292562393168e+00  3.302385641086244e-05 
 1.028986221552419e-04  3.299773306885768e+00  3.299761170075403e+00  3.290576181243182e+00  3.302275603196059e-05 
 1.029486221552419e-04  3.299773308741805e+00  3.299761171665429e+00  3.290851342855925e+00  3.302233594932424e-05 
 1.029986221552419e-04  3.299773312520957e+00  3.299761173199525e+00  3.291118299517778e+00  3.302128068500124e-05 
 1.030486221552419e-04  3.299773314209493e+00  3.299761174696605e+00  3.291377295796429e+00  3.302090451479426e-05 
 1.030986221552419e-04  3.299773317822629e+00  3.299761176138481e+00  3.291628569161860e+00  3.301989282628100e-05 
 1.031486221552419e-04  3.299773319356230e+00  3.299761177549875e+00  3.291872349806812e+00  3.301955708950849e-05 
 1.031986221552419e-04  3.299773322815255e+00  3.299761178906394e+00  3.292108861255602e+00  3.301858569409751e-05 
 1.032486221552419e-04  3.299773324201053e+00  3.299761180235807e+00  3.292338320171885e+00  3.301828867879557e-05 
 1.032986221552419e-04  3.299773327513474e+00  3.299761181510963e+00  3.292560936953715e+00  3.301735572108215e-05 
 1.033486221552419e-04  3.299773328760900e+00  3.299761182763712e+00  3.292776915529537e+00  3.301709490171544e-05 
 1.033986221552419e-04  3.299773331935608e+00  3.299761183962489e+00  3.292986453941698e+00  3.301619802047726e-05 
 1.034486221552419e-04  3.299773333051920e+00  3.299761185142482e+00  3.293189744132409e+00  3.301597156961866e-05 
 1.034986221552419e-04  3.299773336097490e+00  3.299761186269684e+00  3.293386972515381e+00  3.301510848712215e-05 
 1.035486221552419e-04  3.299773337090748e+00  3.299761187381427e+00  3.293578319750168e+00  3.301491427047893e-05 
 1.035986221552419e-04  3.299773340014493e+00  3.299761188441106e+00  3.293763961304047e+00  3.301408307758457e-05 
 1.036486221552419e-04  3.299773340893019e+00  3.299761189489304e+00  3.293944067217256e+00  3.301391885117394e-05 
 1.036986221552419e-04  3.299773343701882e+00  3.299761190485286e+00  3.294118802654312e+00  3.301311774532362e-05 
 1.037486221552419e-04  3.299773344471708e+00  3.299761191473218e+00  3.294288327659639e+00  3.301298197526146e-05 
 1.037986221552419e-04  3.299773347172532e+00  3.299761192409309e+00  3.294452797700360e+00  3.301220915744978e-05 
 1.038486221552419e-04  3.299773347841144e+00  3.299761193341221e+00  3.294612363412735e+00  3.301209982002154e-05 
 1.038986221552419e-04  3.299773350439462e+00  3.299761194220419e+00  3.294767171135836e+00  3.301135388870296e-05 
 1.039486221552419e-04  3.299773351010979e+00  3.299761195098379e+00  3.294917362650589e+00  3.301127004021907e-05 
 1.039986221552419e-04  3.299773353513111e+00  3.299761195924239e+00  3.295063075703713e+00  3.301054931007503e-05 
 1.040486221552419e-04  3.299773353995677e+00  3.299761196753026e+00  3.295204443740989e+00  3.301048864926520e-05 
 1.040986221552419e-04  3.299773356407715e+00  3.299761197528983e+00  3.295341596423126e+00  3.300979148915604e-05 
 1.041486221552419e-04  3.299773356806095e+00  3.299761198311158e+00  3.295474659350151e+00  3.300975281609123e-05 
 1.041986221552420e-04  3.299773359132681e+00  3.299761199039725e+00  3.295603754570449e+00  3.300907805317733e-05 
 1.042486221552420e-04  3.299773359450072e+00  3.299761199776869e+00  3.295729000299533e+00  3.300906065331798e-05 
 1.042986221552420e-04  3.299773361696880e+00  3.299761200461275e+00  3.295850511421559e+00  3.300840674794205e-05 
 1.043486221552420e-04  3.299773361939331e+00  3.299761201156874e+00  3.295968399201331e+00  3.300840895373320e-05 
 1.043986221552420e-04  3.299773364109187e+00  3.299761201798491e+00  3.296082771779047e+00  3.300777529305213e-05 
 1.044486221552420e-04  3.299773364281635e+00  3.299761202455324e+00  3.296193733877140e+00  3.300779578021972e-05 
 1.044986221552420e-04  3.299773366381313e+00  3.299761203058165e+00  3.296301387288440e+00  3.300718042667228e-05 
 1.045486221552420e-04  3.299773366486493e+00  3.299761203677601e+00  3.296405830577337e+00  3.300721857526781e-05 
 1.045986221552420e-04  3.299773368518861e+00  3.299761204243119e+00  3.296507159562286e+00  3.300662086538471e-05 
 1.046486221552420e-04  3.299773368561408e+00  3.299761204827782e+00  3.296605467011466e+00  3.300667542396476e-05 
 1.046986221552420e-04  3.299773370530387e+00  3.299761205358170e+00  3.296700843119543e+00  3.300609432257405e-05 
 1.047486221552420e-04  3.299773370516470e+00  3.299761205911738e+00  3.296793375198910e+00  3.300616350767634e-05 
 1.047986221552420e-04  3.299773372425506e+00  3.299761206408895e+00  3.296883148151465e+00  3.300559812393510e-05 
 1.048486221552420e-04  3.299773372355183e+00  3.299761206931031e+00  3.296970244154473e+00  3.300568215760425e-05 
 1.048986221552420e-04  3.299773374208179e+00  3.299761207397153e+00  3.297054743127206e+00  3.300513144479418e-05 
 1.049486221552420e-04  3.299773374087320e+00  3.299761207891383e+00  3.297136722413505e+00  3.300522861373401e-05 
 1.049986221552420e-04  3.299773375886182e+00  3.299761208327403e+00  3.297216257243007e+00  3.300469215840805e-05 
 1.050486221552420e-04  3.299773375716290e+00  3.299761208794382e+00  3.297293420410433e+00  3.300480218151009e-05 
 1.050986221552420e-04  3.299773377466011e+00  3.299761209203278e+00  3.297368282731533e+00  3.300427854259877e-05 
 1.051486221552420e-04  3.299773377250513e+00  3.299761209644955e+00  3.297440912718475e+00  3.300440048994021e-05 
 1.051986221552420e-04  3.299773378953089e+00  3.299761210027737e+00  3.297511377032421e+00  3.300388920514664e-05 
 1.052486221552420e-04  3.299773378693885e+00  3.299761210445076e+00  3.297579740155093e+00  3.300402263707917e-05 
 1.052986221552420e-04  3.299773380351989e+00  3.299761210803237e+00  3.297646064836778e+00  3.300352300474242e-05 
 1.053486221552420e-04  3.299773380053286e+00  3.299761211198729e+00  3.297710411765265e+00  3.300366671245520e-05 
 1.053986221552420e-04  3.299773381669007e+00  3.299761211533377e+00  3.297772840010291e+00  3.300317821787584e-05 
 1.054486221552420e-04  3.299773381332403e+00  3.299761211907827e+00  3.297833406688617e+00  3.300333183632754e-05 
 1.054986221552420e-04  3.299773382908937e+00  3.299761212220817e+00  3.297892167405255e+00  3.300285359043900e-05 
 1.055486221552420e-04  3.299773382536552e+00  3.299761212575380e+00  3.297949175915879e+00  3.300301657784079e-05 
 1.055986221552420e-04  3.299773384075460e+00  3.299761212867505e+00  3.298004484564236e+00  3.300254821826625e-05 
 1.056486221552420e-04  3.299773383669920e+00  3.299761213203679e+00  3.298058143942459e+00  3.300271985608177e-05 
 1.056986221552420e-04  3.299773385172942e+00  3.299761213475870e+00  3.298110203324993e+00  3.300226095205472e-05 
 1.057486221552420e-04  3.299773384736315e+00  3.299761213794796e+00  3.298160710326256e+00  3.300244070071560e-05 
 1.057986221552420e-04  3.299773386206675e+00  3.299761214048984e+00  3.298209711331089e+00  3.300199031920459e-05 
 1.058486221552420e-04  3.299773385740455e+00  3.299761214351450e+00  3.298257251151034e+00  3.300217781366948e-05 
 1.058986221552420e-04  3.299773387179666e+00  3.299761214588424e+00  3.298303373451666e+00  3.300173558874501e-05 
 1.059486221552420e-04  3.299773386685822e+00  3.299761214875538e+00  3.298348120406193e+00  3.300193030099185e-05 
 1.059986221552420e-04  3.299773388094998e+00  3.299761215095855e+00  3.298391533120962e+00  3.300149598263169e-05 
 1.060486221552420e-04  3.299773387575115e+00  3.299761215368474e+00  3.298433651286030e+00  3.300169750942747e-05 
 1.060986221552420e-04  3.299773388956771e+00  3.299761215573622e+00  3.298474513597603e+00  3.300127037998347e-05 
 1.061486221552420e-04  3.299773388413167e+00  3.299761215833108e+00  3.298514157408618e+00  3.300147806407616e-05 
 1.061986221552420e-04  3.299773389767942e+00  3.299761216023341e+00  3.298552619147826e+00  3.300105802274005e-05 
 1.062486221552420e-04  3.299773389201316e+00  3.299761216269999e+00  3.298589933968201e+00  3.300127173356741e-05 
 1.062986221552420e-04  3.299773390530979e+00  3.299761216446328e+00  3.298626136163953e+00  3.300085829805831e-05 
 1.063486221552420e-04  3.299773389943445e+00  3.299761216681406e+00  3.298661258817386e+00  3.300107743210313e-05 
 1.063986221552420e-04  3.299773391249899e+00  3.299761216844946e+00  3.298695334213370e+00  3.300067006818172e-05 
 1.064486221552420e-04  3.299773390641884e+00  3.299761217068573e+00  3.298728393485122e+00  3.300089458059097e-05 
 1.064986221552420e-04  3.299773391925914e+00  3.299761217219710e+00  3.298760467026540e+00  3.300049311417429e-05 
 1.065486221552420e-04  3.299773391299327e+00  3.299761217433007e+00  3.298791584135895e+00  3.300072246271504e-05 
 1.065986221552420e-04  3.299773392562541e+00  3.299761217572679e+00  3.298821773427292e+00  3.300032644704933e-05 
 1.066486221552420e-04  3.299773391917833e+00  3.299761217775823e+00  3.298851062472556e+00  3.300056056022322e-05 
 1.066986221552420e-04  3.299773393161427e+00  3.299761217904694e+00  3.298879478209591e+00  3.300016968089333e-05 
 1.067486221552420e-04  3.299773392500732e+00  3.299761218098974e+00  3.298907046585303e+00  3.300040793075823e-05 
 1.067986221552420e-04  3.299773393724864e+00  3.299761218217031e+00  3.298933792961116e+00  3.300002221174496e-05 
 1.068486221552420e-04  3.299773393048728e+00  3.299761218402703e+00  3.298959741753164e+00  3.300026448550220e-05 
 1.068986221552420e-04  3.299773394255541e+00  3.299761218511253e+00  3.298984916838459e+00  3.299988329086982e-05 
 1.069486221552420e-04  3.299773393565089e+00  3.299761218688940e+00  3.299009341193905e+00  3.300012929009145e-05 
 1.069986221552420e-04  3.299773394754872e+00  3.299761218788090e+00  3.299033037299246e+00  3.299975258298054e-05 
 1.070486221552420e-04  3.299773394051028e+00  3.299761218958305e+00  3.299056026775753e+00  3.300000206386159e-05 
 1.070986221552420e-04  3.299773395224515e+00  3.299761219048428e+00  3.299078330787978e+00  3.299962967107736e-05 
 1.071486221552420e-04  3.299773394508257e+00  3.299761219211735e+00  3.299099969681719e+00  3.299988236583203e-05 
 1.071986221552420e-04  3.299773395667041e+00  3.299761219293790e+00  3.299120963383203e+00  3.299951382285718e-05 
 1.072486221552420e-04  3.299773394938460e+00  3.299761219450150e+00  3.299141331037650e+00  3.299976976212762e-05 
 1.072986221552420e-04  3.299773396083042e+00  3.299761219524402e+00  3.299161091406712e+00  3.299940495039031e-05 
 1.073486221552420e-04  3.299773395344076e+00  3.299761219675017e+00  3.299180262504854e+00  3.299966354309378e-05 
 1.073986221552420e-04  3.299773396475114e+00  3.299761219741806e+00  3.299198861996863e+00  3.299930230449827e-05 
 1.074486221552420e-04  3.299773395725406e+00  3.299761219886356e+00  3.299216906833776e+00  3.299956372160913e-05 
 1.074986221552420e-04  3.299773396843790e+00  3.299761219946204e+00  3.299234413647860e+00  3.299920580790954e-05 
 1.075486221552420e-04  3.299773396084621e+00  3.299761220085463e+00  3.299251398388626e+00  3.299946967061968e-05 
 1.075986221552420e-04  3.299773397190728e+00  3.299761220138556e+00  3.299267876717127e+00  3.299911499965951e-05 
 1.076486221552420e-04  3.299773396422563e+00  3.299761220272755e+00  3.299283863640606e+00  3.299938120316388e-05 
 1.076986221552420e-04  3.299773397517134e+00  3.299761220319515e+00  3.299299373904901e+00  3.299902957554707e-05 
 1.077486221552420e-04  3.299773396740889e+00  3.299761220449191e+00  3.299314421630180e+00  3.299929785738895e-05 
 1.077986221552420e-04  3.299773397824554e+00  3.299761220489968e+00  3.299329020702064e+00  3.299894910702614e-05 
 1.078486221552420e-04  3.299773397040651e+00  3.299761220615352e+00  3.299343184405521e+00  3.299921936151229e-05 
 1.078986221552420e-04  3.299773398114076e+00  3.299761220650534e+00  3.299356925815387e+00  3.299887330588281e-05 
 1.079486221552420e-04  3.299773397322404e+00  3.299761220771476e+00  3.299370257430883e+00  3.299914561383747e-05 
 1.079986221552420e-04  3.299773398386390e+00  3.299761220801530e+00  3.299383191564754e+00  3.299880202689992e-05 
 1.080486221552420e-04  3.299773397588285e+00  3.299761220918867e+00  3.299395739976441e+00  3.299907597754057e-05 
 1.080986221552420e-04  3.299773398642730e+00  3.299761220943684e+00  3.299407914260057e+00  3.299873492191152e-05 
 1.081486221552420e-04  3.299773397838277e+00  3.299761221057422e+00  3.299419725478699e+00  3.299901051923497e-05 
 1.081986221552420e-04  3.299773398883868e+00  3.299761221077395e+00  3.299431184551226e+00  3.299867180750877e-05 
 1.082486221552420e-04  3.299773398073752e+00  3.299761221187940e+00  3.299442301885564e+00  3.299894885300714e-05 
 1.082986221552421e-04  3.299773399110922e+00  3.299761221203317e+00  3.299453087764329e+00  3.299861237016469e-05 
 1.083486221552421e-04  3.299773398295495e+00  3.299761221310850e+00  3.299463551978307e+00  3.299889077857284e-05 
 1.083986221552421e-04  3.299773399324566e+00  3.299761221321804e+00  3.299473704212005e+00  3.299855644378991e-05 
 1.084486221552421e-04  3.299773398504252e+00  3.299761221426559e+00  3.299483553675589e+00  3.299883610364145e-05 
 1.084986221552421e-04  3.299773399525497e+00  3.299761221433227e+00  3.299493109489248e+00  3.299850385696600e-05 
 1.085486221552421e-04  3.299773398700484e+00  3.299761221535287e+00  3.299502380317078e+00  3.299878473140153e-05 
 1.085986221552421e-04  3.299773399715296e+00  3.299761221538551e+00  3.299511374749167e+00  3.299845413718202e-05 
 1.086486221552421e-04  3.299773398885812e+00  3.299761221638032e+00  3.299520100935203e+00  3.299873617379903e-05 
 1.086986221552421e-04  3.299773399893049e+00  3.299761221637109e+00  3.299528566966128e+00  3.299840763038349e-05 
 1.087486221552421e-04  3.299773399059812e+00  3.299761221734451e+00  3.299536780506732e+00  3.299869061069008e-05 
 1.087986221552421e-04  3.299773400060542e+00  3.299761221730003e+00  3.299544749178255e+00  3.299836379300522e-05 
 1.088486221552421e-04  3.299773399223578e+00  3.299761221825187e+00  3.299552480190356e+00  3.299864773210040e-05 
 1.088986221552421e-04  3.299773400218080e+00  3.299761221817372e+00  3.299559980721643e+00  3.299832256731559e-05 
 1.089486221552421e-04  3.299773399377719e+00  3.299761221910580e+00  3.299567257552726e+00  3.299860737771381e-05 
 1.089986221552421e-04  3.299773400366271e+00  3.299761221899562e+00  3.299574317445778e+00  3.299828378855751e-05 
 1.090486221552421e-04  3.299773399522906e+00  3.299761221991012e+00  3.299581166777936e+00  3.299856936412144e-05 
 1.090986221552421e-04  3.299773400505897e+00  3.299761221977006e+00  3.299587811919386e+00  3.299824724889724e-05 
 1.091486221552421e-04  3.299773399659640e+00  3.299761222066767e+00  3.299594258866839e+00  3.299853355765245e-05 
 1.091986221552421e-04  3.299773400637164e+00  3.299761222049816e+00  3.299600513622323e+00  3.299821289904086e-05 
 1.092486221552421e-04  3.299773399788643e+00  3.299761222138265e+00  3.299606581824815e+00  3.299849975624624e-05 
 1.092986221552421e-04  3.299773400761021e+00  3.299761222118557e+00  3.299612469128453e+00  3.299818046542942e-05 
 1.093486221552421e-04  3.299773399909999e+00  3.299761222205512e+00  3.299618180836395e+00  3.299846796345555e-05 
 1.093986221552421e-04  3.299773400877075e+00  3.299761222182912e+00  3.299623722275940e+00  3.299815011193186e-05 
 1.094486221552421e-04  3.299773400023800e+00  3.299761222268511e+00  3.299629098432304e+00  3.299843818594169e-05 
 1.094986221552421e-04  3.299773400986105e+00  3.299761222243364e+00  3.299634314325634e+00  3.299812160540132e-05 
 1.095486221552421e-04  3.299773400131070e+00  3.299761222327909e+00  3.299639374643425e+00  3.299841010529270e-05 
 1.095986221552421e-04  3.299773401089110e+00  3.299761222300523e+00  3.299644284115721e+00  3.299809464696577e-05 
 1.096486221552421e-04  3.299773400232441e+00  3.299761222384071e+00  3.299649047149758e+00  3.299838354609335e-05 
 1.096986221552421e-04  3.299773401185977e+00  3.299761222354270e+00  3.299653668203219e+00  3.299806930057405e-05 
 1.097486221552421e-04  3.299773400327841e+00  3.299761222436920e+00  3.299658151418240e+00  3.299835855097620e-05 
 1.097986221552421e-04  3.299773401277390e+00  3.299761222405028e+00  3.299662500996412e+00  3.299804536150105e-05 
 1.098486221552421e-04  3.299773400417595e+00  3.299761222486634e+00  3.299666720831418e+00  3.299833503867292e-05 
 1.098986221552421e-04  3.299773401363020e+00  3.299761222452539e+00  3.299670814882940e+00  3.299802296297351e-05 
 1.099486221552421e-04  3.299773400501997e+00  3.299761222533360e+00  3.299674786810753e+00  3.299831293857335e-05 
 1.099986221552421e-04  3.299773401443592e+00  3.299761222497249e+00  3.299678640347099e+00  3.299800188738774e-05 
 1.100486221552421e-04  3.299773400581667e+00  3.299761222577480e+00  3.299682378931718e+00  3.299829206504816e-05 
 1.100986221552421e-04  3.299773401519705e+00  3.299761222539519e+00  3.299686006082872e+00  3.299798195888440e-05 
 1.101486221552421e-04  3.299773400656757e+00  3.299761222619074e+00  3.299689525032609e+00  3.299827238301434e-05 
 1.101986221552421e-04  3.299773401591193e+00  3.299761222579213e+00  3.299692939098052e+00  3.299796324940595e-05 
 1.102486221552421e-04  3.299773400727369e+00  3.299761222658165e+00  3.299696251315949e+00  3.299825388447825e-05 
 1.102986221552421e-04  3.299773401658433e+00  3.299761222616555e+00  3.299699464813865e+00  3.299794565148278e-05 
 1.103486221552421e-04  3.299773400793932e+00  3.299761222695022e+00  3.299702582445156e+00  3.299823643932178e-05 
 1.103986221552421e-04  3.299773401721498e+00  3.299761222651557e+00  3.299705607158910e+00  3.299792916289447e-05 
 1.104486221552421e-04  3.299773400856582e+00  3.299761222729699e+00  3.299708541635256e+00  3.299822002445228e-05 
 1.104986221552421e-04  3.299773401781257e+00  3.299761222684773e+00  3.299711388655103e+00  3.299791350963796e-05 
 1.105486221552421e-04  3.299773400915860e+00  3.299761222762551e+00  3.299714150735866e+00  3.299820446667495e-05 
 1.105986221552421e-04  3.299773401837268e+00  3.299761222715896e+00  3.299716830500867e+00  3.299789884892084e-05 
 1.106486221552421e-04  3.299773400971438e+00  3.299761222793309e+00  3.299719430314403e+00  3.299818990099292e-05 
 1.106986221552421e-04  3.299773401890014e+00  3.299761222745210e+00  3.299721952650571e+00  3.299788504218727e-05 
 1.107486221552421e-04  3.299773401023957e+00  3.299761222822389e+00  3.299724399729532e+00  3.299817612490151e-05 
 1.107986221552421e-04  3.299773401939226e+00  3.299761222772524e+00  3.299726773885276e+00  3.299787218846915e-05 
 1.108486221552421e-04  3.299773401072891e+00  3.299761222849419e+00  3.299729077202345e+00  3.299816332625044e-05 
 1.108986221552421e-04  3.299773401985438e+00  3.299761222798168e+00  3.299731311882990e+00  3.299786012434165e-05 
 1.109486221552421e-04  3.299773401119047e+00  3.299761222874921e+00  3.299733479884114e+00  3.299815124746800e-05 
 1.109986221552421e-04  3.299773402029204e+00  3.299761222822494e+00  3.299735583284007e+00  3.299784867749815e-05 
 1.110486221552421e-04  3.299773401162838e+00  3.299761222899142e+00  3.299737623918734e+00  3.299813976776190e-05 
 1.110986221552421e-04  3.299773402070351e+00  3.299761222845364e+00  3.299739603749754e+00  3.299783791854883e-05 
 1.111486221552421e-04  3.299773401204016e+00  3.299761222921910e+00  3.299741524500560e+00  3.299812897417362e-05 
 1.111986221552421e-04  3.299773402109042e+00  3.299761222866873e+00  3.299743388022108e+00  3.299782780219661e-05 
 1.112486221552421e-04  3.299773401242958e+00  3.299761222943453e+00  3.299745195931497e+00  3.299811875701315e-05 
 1.112986221552421e-04  3.299773402145474e+00  3.299761222887137e+00  3.299746949976732e+00  3.299781827337441e-05 
 1.113486221552421e-04  3.299773401279658e+00  3.299761222963750e+00  3.299748651674099e+00  3.299810912738270e-05 
 1.113986221552421e-04  3.299773402179771e+00  3.299761222906229e+00  3.299750302674300e+00  3.299780929833146e-05 
 1.114486221552421e-04  3.299773401314109e+00  3.299761222982781e+00  3.299751904399791e+00  3.299810009771678e-05 
 1.114986221552421e-04  3.299773402212010e+00  3.299761222924167e+00  3.299753458408995e+00  3.299780086863006e-05 
 1.115486221552421e-04  3.299773401346583e+00  3.299761223000727e+00  3.299754966035459e+00  3.299809158008570e-05 
 1.115986221552421e-04  3.299773402242165e+00  3.299761222940940e+00  3.299756428751478e+00  3.299779299270790e-05 
 1.116486221552421e-04  3.299773401377307e+00  3.299761223017711e+00  3.299757847806785e+00  3.299808351364928e-05 
 1.116986221552421e-04  3.299773402270540e+00  3.299761222956733e+00  3.299759224592539e+00  3.299778557863852e-05 
 1.117486221552421e-04  3.299773401406065e+00  3.299761223033583e+00  3.299760560280184e+00  3.299807597567901e-05 
 1.117986221552421e-04  3.299773402297264e+00  3.299761222971615e+00  3.299761856184209e+00  3.299777859444750e-05 
 1.118486221552421e-04  3.299773401433329e+00  3.299761223048638e+00  3.299763113401699e+00  3.299806882006955e-05 
 1.118986221552421e-04  3.299773402322331e+00  3.299761222985570e+00  3.299764333175430e+00  3.299777204990480e-05 
 1.119486221552421e-04  3.299773401458798e+00  3.299761223062675e+00  3.299765516533136e+00  3.299806214896143e-05 
 1.119986221552421e-04  3.299773402345881e+00  3.299761222998690e+00  3.299766664649202e+00  3.299776590015741e-05 
 1.120486221552421e-04  3.299773401483036e+00  3.299761223076047e+00  3.299767778485702e+00  3.299805578782758e-05 
 1.120986221552421e-04  3.299773402368198e+00  3.299761223011143e+00  3.299768859153779e+00  3.299776006171655e-05 
 1.121486221552421e-04  3.299773401505860e+00  3.299761223088646e+00  3.299769907553953e+00  3.299804979217914e-05 
 1.121986221552421e-04  3.299773402389231e+00  3.299761223022897e+00  3.299770924736932e+00  3.299775455323398e-05 
 1.122486221552421e-04  3.299773401527463e+00  3.299761223100568e+00  3.299771911544611e+00  3.299804411316630e-05 
 1.122986221552421e-04  3.299773402408722e+00  3.299761223033758e+00  3.299772868971391e+00  3.299774947196522e-05 
 1.123486221552421e-04  3.299773401547691e+00  3.299761223111708e+00  3.299773797804784e+00  3.299803880674432e-05 
 1.123986221552422e-04  3.299773402427002e+00  3.299761223043945e+00  3.299774698986179e+00  3.299774470910844e-05 
 1.124486221552422e-04  3.299773401566734e+00  3.299761223122194e+00  3.299775573251621e+00  3.299803380896435e-05 
 1.124986221552422e-04  3.299773402444245e+00  3.299761223053574e+00  3.299776421491873e+00  3.299774020915247e-05 
 1.125486221552422e-04  3.299773401584641e+00  3.299761223132041e+00  3.299777244394775e+00  3.299802911272094e-05 
 1.125986221552422e-04  3.299773402460514e+00  3.299761223062669e+00  3.299778042804234e+00  3.299773596055098e-05 
 1.126486221552422e-04  3.299773401601711e+00  3.299761223141441e+00  3.299778817362419e+00  3.299802462564355e-05 
 1.126986221552422e-04  3.299773402475727e+00  3.299761223071175e+00  3.299779568868404e+00  3.299773199172571e-05 
 1.127486221552422e-04  3.299773401617682e+00  3.299761223150221e+00  3.299780297921320e+00  3.299802043210913e-05 
 1.127986221552422e-04  3.299773402489958e+00  3.299761223079127e+00  3.299781005279062e+00  3.299772828624533e-05 
 1.128486221552422e-04  3.299773401632777e+00  3.299761223158519e+00  3.299781691500791e+00  3.299801646550431e-05 
 1.128986221552422e-04  3.299773402503289e+00  3.299761223086579e+00  3.299782357304576e+00  3.299772481746451e-05 
 1.129486221552422e-04  3.299773401646998e+00  3.299761223166321e+00  3.299783003211099e+00  3.299801273337857e-05 
 1.129986221552422e-04  3.299773402515863e+00  3.299761223093617e+00  3.299783629901678e+00  3.299772154275066e-05 
 1.130486221552422e-04  3.299773401660353e+00  3.299761223173639e+00  3.299784237861182e+00  3.299800923040288e-05 
 1.130986221552422e-04  3.299773402527527e+00  3.299761223100141e+00  3.299784827735953e+00  3.299771851406224e-05 
 1.131486221552422e-04  3.299773401672982e+00  3.299761223180562e+00  3.299785399977975e+00  3.299800591261238e-05 
 1.131986221552422e-04  3.299773402538535e+00  3.299761223106318e+00  3.299785955200362e+00  3.299771564835456e-05 
 1.132486221552422e-04  3.299773401684921e+00  3.299761223187103e+00  3.299786493822806e+00  3.299800277512210e-05 
 1.132986221552422e-04  3.299773402549034e+00  3.299761223112212e+00  3.299787016428251e+00  3.299771291365320e-05 
 1.133486221552422e-04  3.299773401696312e+00  3.299761223193347e+00  3.299787523406588e+00  3.299799977574357e-05 
 1.133986221552422e-04  3.299773402558853e+00  3.299761223117744e+00  3.299788015311342e+00  3.299771034992619e-05 
 1.134486221552422e-04  3.299773401707059e+00  3.299761223199235e+00  3.299788492504593e+00  3.299799694289850e-05 
 1.134986221552422e-04  3.299773402568030e+00  3.299761223122908e+00  3.299788955512423e+00  3.299770796205850e-05 
 1.135486221552422e-04  3.299773401717209e+00  3.299761223204793e+00  3.299789404670428e+00  3.299799426681691e-05 
 1.135986221552422e-04  3.299773402576646e+00  3.299761223127768e+00  3.299789840478994e+00  3.299770571718754e-05 
 1.136486221552422e-04  3.299773401726884e+00  3.299761223210087e+00  3.299790263248998e+00  3.299799171285986e-05 
 1.136986221552422e-04  3.299773402584640e+00  3.299761223132269e+00  3.299790673456160e+00  3.299770364373502e-05 
 1.137486221552422e-04  3.299773401735863e+00  3.299761223214984e+00  3.299791071387932e+00  3.299798934941708e-05 
 1.137986221552422e-04  3.299773402592161e+00  3.299761223136518e+00  3.299791457497544e+00  3.299770168929840e-05 
 1.138486221552422e-04  3.299773401744387e+00  3.299761223219631e+00  3.299791832050421e+00  3.299798710321385e-05 
 1.138986221552422e-04  3.299773402599250e+00  3.299761223140531e+00  3.299792195478177e+00  3.299769984588408e-05 
 1.139486221552422e-04  3.299773401752490e+00  3.299761223224053e+00  3.299792548025525e+00  3.299798496092750e-05 
 1.139986221552422e-04  3.299773402605827e+00  3.299761223144253e+00  3.299792890104137e+00  3.299769814146969e-05 
 1.140486221552422e-04  3.299773401760066e+00  3.299761223228169e+00  3.299793221939213e+00  3.299798296607876e-05 
 1.140986221552422e-04  3.299773402611977e+00  3.299761223147733e+00  3.299793543922861e+00  3.299769655163032e-05 
 1.141486221552422e-04  3.299773401767268e+00  3.299761223232079e+00  3.299793856262013e+00  3.299798106582103e-05 
 1.141986221552422e-04  3.299773402617737e+00  3.299761223151004e+00  3.299794159330879e+00  3.299769506037875e-05 
 1.142486221552422e-04  3.299773401774041e+00  3.299761223235751e+00  3.299794453319501e+00  3.299797927880605e-05 
 1.142986221552422e-04  3.299773402623178e+00  3.299761223154108e+00  3.299794738585240e+00  3.299769364773097e-05 
 1.143486221552422e-04  3.299773401780517e+00  3.299761223239262e+00  3.299795015301510e+00  3.299797756684213e-05 
 1.143986221552422e-04  3.299773402628305e+00  3.299761223157044e+00  3.299795283809871e+00  3.299769231413107e-05 
 1.144486221552422e-04  3.299773401786703e+00  3.299761223242616e+00  3.299795544268518e+00  3.299797592726477e-05 
 1.144986221552422e-04  3.299773402633059e+00  3.299761223159759e+00  3.299795797003954e+00  3.299769108578031e-05 
 1.145486221552422e-04  3.299773401792499e+00  3.299761223245749e+00  3.299796042160011e+00  3.299797439249246e-05 
 1.145986221552422e-04  3.299773402637514e+00  3.299761223162319e+00  3.299796280048962e+00  3.299768993114836e-05 
 1.146486221552422e-04  3.299773401797943e+00  3.299761223248676e+00  3.299796510801265e+00  3.299797295630795e-05 
 1.146986221552422e-04  3.299773402641504e+00  3.299761223164597e+00  3.299796734716004e+00  3.299768891285180e-05 
 1.147486221552422e-04  3.299773401803115e+00  3.299761223251461e+00  3.299796951910727e+00  3.299797158584864e-05 
 1.147986221552422e-04  3.299773402645338e+00  3.299761223166812e+00  3.299797162671895e+00  3.299768792208877e-05 
 1.148486221552422e-04  3.299773401807950e+00  3.299761223254048e+00  3.299797367105466e+00  3.299797031086852e-05 
 1.148986221552422e-04  3.299773402648886e+00  3.299761223168857e+00  3.299797565486347e+00  3.299768701259407e-05 
 1.149486221552422e-04  3.299773401812588e+00  3.299761223256531e+00  3.299797757908624e+00  3.299796908251776e-05 
 1.149986221552422e-04  3.299773402652190e+00  3.299761223170771e+00  3.299797944636025e+00  3.299768616571594e-05 
 1.150486221552422e-04  3.299773401817046e+00  3.299761223258920e+00  3.299798125752559e+00  3.299796789768775e-05 
 1.150986221552422e-04  3.299773402655298e+00  3.299761223172581e+00  3.299798301511508e+00  3.299768536768763e-05 
 1.151486221552422e-04  3.299773401821261e+00  3.299761223261170e+00  3.299798471986830e+00  3.299796677813884e-05 
 1.151986221552422e-04  3.299773402658183e+00  3.299761223174263e+00  3.299798637421850e+00  3.299768463005545e-05 
 1.152486221552422e-04  3.299773401825266e+00  3.299761223263305e+00  3.299798797881022e+00  3.299796571276883e-05 
 1.152986221552422e-04  3.299773402660889e+00  3.299761223175854e+00  3.299798953598374e+00  3.299768393549993e-05 
 1.153486221552422e-04  3.299773401829093e+00  3.299761223265347e+00  3.299799104629576e+00  3.299796469003138e-05 
 1.153986221552422e-04  3.299773402663416e+00  3.299761223177343e+00  3.299799251199840e+00  3.299768328979421e-05 
 1.154486221552422e-04  3.299773401832711e+00  3.299761223267259e+00  3.299799393356979e+00  3.299796372946641e-05 
 1.154986221552422e-04  3.299773402665724e+00  3.299761223178710e+00  3.299799531318008e+00  3.299768270182009e-05 
 1.155486221552422e-04  3.299773401836158e+00  3.299761223269090e+00  3.299799665122425e+00  3.299796280576085e-05 
 1.155986221552422e-04  3.299773402667890e+00  3.299761223180003e+00  3.299799794979884e+00  3.299768214937311e-05 
 1.156486221552422e-04  3.299773401839433e+00  3.299761223270819e+00  3.299799920922598e+00  3.299796193090510e-05 
 1.156986221552422e-04  3.299773402669884e+00  3.299761223181201e+00  3.299800043152465e+00  3.299768164177914e-05 
 1.157486221552422e-04  3.299773401842437e+00  3.299761223272386e+00  3.299800161694839e+00  3.299796113420906e-05 
 1.157986221552422e-04  3.299773402671664e+00  3.299761223182267e+00  3.299800276745025e+00  3.299768119857811e-05 
 1.158486221552422e-04  3.299773401845455e+00  3.299761223273972e+00  3.299800388322121e+00  3.299796032463443e-05 
 1.158986221552422e-04  3.299773402673364e+00  3.299761223183302e+00  3.299800496614790e+00  3.299768076869976e-05 
 1.159486221552422e-04  3.299773401848259e+00  3.299761223275444e+00  3.299800601635734e+00  3.299795957012686e-05 
 1.159986221552422e-04  3.299773402674925e+00  3.299761223184254e+00  3.299800703567716e+00  3.299768037878943e-05 
 1.160486221552422e-04  3.299773401850953e+00  3.299761223276844e+00  3.299800802417666e+00  3.299795884937007e-05 
 1.160986221552422e-04  3.299773402676366e+00  3.299761223185151e+00  3.299800898362282e+00  3.299768001508037e-05 
 1.161486221552422e-04  3.299773401853499e+00  3.299761223278157e+00  3.299800991403574e+00  3.299795816902540e-05 
 1.161986221552422e-04  3.299773402677710e+00  3.299761223185992e+00  3.299801081713105e+00  3.299767967757256e-05 
 1.162486221552422e-04  3.299773401855994e+00  3.299761223279458e+00  3.299801169287557e+00  3.299795749312162e-05 
 1.162986221552422e-04  3.299773402678936e+00  3.299761223186765e+00  3.299801254293114e+00  3.299767937292736e-05 
 1.163486221552422e-04  3.299773401858326e+00  3.299761223280658e+00  3.299801336721467e+00  3.299795686606765e-05 
 1.163986221552422e-04  3.299773402680050e+00  3.299761223187481e+00  3.299801416734314e+00  3.299767909537161e-05 
 1.164486221552422e-04  3.299773401860541e+00  3.299761223281791e+00  3.299801494318843e+00  3.299795626965584e-05 
 1.164986221552423e-04  3.299773402681059e+00  3.299761223188130e+00  3.299801569632110e+00  3.299767884979027e-05 
 1.165486221552423e-04  3.299773401862712e+00  3.299761223282907e+00  3.299801642657470e+00  3.299795568079355e-05 
 1.165986221552423e-04  3.299773402681984e+00  3.299761223188742e+00  3.299801713547483e+00  3.299767862197251e-05 
 1.166486221552423e-04  3.299773401864771e+00  3.299761223283957e+00  3.299801782281444e+00  3.299795512301750e-05 
 1.166986221552423e-04  3.299773402682820e+00  3.299761223189299e+00  3.299801849008162e+00  3.299767842080010e-05 
 1.167486221552423e-04  3.299773401866733e+00  3.299761223284951e+00  3.299801913702938e+00  3.299795459144271e-05 
 1.167986221552423e-04  3.299773402683558e+00  3.299761223189800e+00  3.299801976510767e+00  3.299767824627304e-05 
 1.168486221552423e-04  3.299773401868603e+00  3.299761223285892e+00  3.299802037403770e+00  3.299795408473692e-05 
 1.168986221552423e-04  3.299773402684218e+00  3.299761223190262e+00  3.299802096523054e+00  3.299767809039773e-05 
 1.169486221552423e-04  3.299773401870382e+00  3.299761223286781e+00  3.299802153837510e+00  3.299795360201195e-05 
 1.169986221552423e-04  3.299773402684810e+00  3.299761223190688e+00  3.299802209485154e+00  3.299767795228598e-05 
 1.170486221552423e-04  3.299773401872101e+00  3.299761223287637e+00  3.299802263431288e+00  3.299795313483010e-05 
 1.170986221552423e-04  3.299773402685347e+00  3.299761223191086e+00  3.299802315810807e+00  3.299767782705282e-05 
 1.171486221552423e-04  3.299773401873766e+00  3.299761223288465e+00  3.299802366586533e+00  3.299795268097093e-05 
 1.171986221552423e-04  3.299773402685676e+00  3.299761223191351e+00  3.299802415889933e+00  3.299767776798896e-05 
 1.172486221552423e-04  3.299773401875215e+00  3.299761223289158e+00  3.299802463681127e+00  3.299795229239287e-05 
 1.172986221552423e-04  3.299773402686099e+00  3.299761223191690e+00  3.299802510089162e+00  3.299767767117751e-05 
 1.173486221552423e-04  3.299773401876749e+00  3.299761223289907e+00  3.299802555071546e+00  3.299795187450492e-05 
 1.173986221552423e-04  3.299773402686442e+00  3.299761223191972e+00  3.299802598754626e+00  3.299767760189959e-05 
 1.174486221552423e-04  3.299773401878242e+00  3.299761223290639e+00  3.299802641093519e+00  3.299795146416649e-05 
 1.174986221552423e-04  3.299773402686741e+00  3.299761223192239e+00  3.299802682211709e+00  3.299767754017119e-05 
 1.175486221552423e-04  3.299773401879668e+00  3.299761223291332e+00  3.299802722062046e+00  3.299795107247981e-05 
 1.175986221552423e-04  3.299773402686993e+00  3.299761223192480e+00  3.299802760765997e+00  3.299767749087729e-05 
 1.176486221552423e-04  3.299773401881036e+00  3.299761223291991e+00  3.299802798273907e+00  3.299795069589216e-05 
 1.176986221552423e-04  3.299773402687187e+00  3.299761223192686e+00  3.299802834704989e+00  3.299767745801469e-05 
 1.177486221552423e-04  3.299773401882359e+00  3.299761223292619e+00  3.299802870008019e+00  3.299795033440354e-05 
 1.177986221552423e-04  3.299773402687341e+00  3.299761223192871e+00  3.299802904300110e+00  3.299767743625432e-05 
 1.178486221552423e-04  3.299773401883618e+00  3.299761223293222e+00  3.299802937528086e+00  3.299794998446124e-05 
 1.178986221552423e-04  3.299773402687416e+00  3.299761223193012e+00  3.299802969806999e+00  3.299767743581023e-05 
 1.179486221552423e-04  3.299773401884854e+00  3.299761223293805e+00  3.299803001081595e+00  3.299794964384481e-05 
 1.179986221552423e-04  3.299773402687483e+00  3.299761223193148e+00  3.299803031465112e+00  3.299767743758659e-05 
 1.180486221552423e-04  3.299773401886046e+00  3.299761223294363e+00  3.299803060901392e+00  3.299794931388653e-05 
 1.180986221552423e-04  3.299773402687548e+00  3.299761223193289e+00  3.299803089501530e+00  3.299767743669841e-05 
 1.181486221552423e-04  3.299773401887197e+00  3.299761223294902e+00  3.299803117207022e+00  3.299794899325412e-05 
 1.181986221552423e-04  3.299773402687551e+00  3.299761223193399e+00  3.299803144128008e+00  3.299767745090926e-05 
 1.182486221552423e-04  3.299773401888316e+00  3.299761223295414e+00  3.299803170204938e+00  3.299794868505621e-05 
 1.182986221552423e-04  3.299773402687518e+00  3.299761223193479e+00  3.299803195545601e+00  3.299767747977506e-05 
 1.183486221552423e-04  3.299773401889408e+00  3.299761223295917e+00  3.299803220089112e+00  3.299794837996692e-05 
 1.183986221552423e-04  3.299773402687473e+00  3.299761223193559e+00  3.299803243942156e+00  3.299767750908495e-05 
 1.184486221552423e-04  3.299773401890459e+00  3.299761223296402e+00  3.299803267042521e+00  3.299794808420351e-05 
 1.184986221552423e-04  3.299773402687387e+00  3.299761223193618e+00  3.299803289495483e+00  3.299767754772071e-05 
 1.185486221552423e-04  3.299773401891491e+00  3.299761223296871e+00  3.299803311237700e+00  3.299794779510143e-05 
 1.185986221552423e-04  3.299773402687244e+00  3.299761223193638e+00  3.299803332373076e+00  3.299767760722866e-05 
 1.186486221552423e-04  3.299773401892489e+00  3.299761223297319e+00  3.299803352837074e+00  3.299794751621341e-05 
 1.186986221552423e-04  3.299773402687076e+00  3.299761223193649e+00  3.299803372731957e+00  3.299767767028933e-05 
 1.187486221552423e-04  3.299773401893443e+00  3.299761223297735e+00  3.299803391992230e+00  3.299794725198032e-05 
 1.187986221552423e-04  3.299773402686951e+00  3.299761223193689e+00  3.299803410719386e+00  3.299767771869506e-05 
 1.188486221552423e-04  3.299773401894382e+00  3.299761223298155e+00  3.299803428846865e+00  3.299794698463862e-05 
 1.188986221552423e-04  3.299773402686728e+00  3.299761223193668e+00  3.299803446475290e+00  3.299767779774294e-05 
 1.189486221552423e-04  3.299773401895288e+00  3.299761223298550e+00  3.299803463536879e+00  3.299794672973141e-05 
 1.189986221552423e-04  3.299773402686555e+00  3.299761223193680e+00  3.299803480130622e+00  3.299767786035951e-05 
 1.190486221552423e-04  3.299773401896183e+00  3.299761223298935e+00  3.299803496188479e+00  3.299794647970919e-05 
 1.190986221552423e-04  3.299773402686336e+00  3.299761223193673e+00  3.299803511808734e+00  3.299767793230197e-05 
 1.191486221552423e-04  3.299773401897066e+00  3.299761223299321e+00  3.299803526921959e+00  3.299794622791060e-05 
 1.191986221552423e-04  3.299773402686057e+00  3.299761223193615e+00  3.299803541625672e+00  3.299767802911341e-05 
 1.192486221552423e-04  3.299773401897926e+00  3.299761223299690e+00  3.299803555850053e+00  3.299794598454972e-05 
 1.192986221552423e-04  3.299773402685788e+00  3.299761223193576e+00  3.299803569691186e+00  3.299767811704308e-05 
 1.193486221552423e-04  3.299773401898770e+00  3.299761223300045e+00  3.299803583078485e+00  3.299794574651790e-05 
 1.193986221552423e-04  3.299773402685557e+00  3.299761223193562e+00  3.299803596107532e+00  3.299767819298233e-05 
 1.194486221552423e-04  3.299773401899586e+00  3.299761223300392e+00  3.299803608707075e+00  3.299794551337106e-05 
 1.194986221552423e-04  3.299773402685264e+00  3.299761223193509e+00  3.299803620971787e+00  3.299767828846151e-05 
 1.195486221552423e-04  3.299773401900358e+00  3.299761223300708e+00  3.299803632830143e+00  3.299794529443508e-05 
 1.195986221552423e-04  3.299773402684960e+00  3.299761223193451e+00  3.299803644375756e+00  3.299767838571705e-05 
 1.196486221552423e-04  3.299773401901178e+00  3.299761223301063e+00  3.299803655535942e+00  3.299794505551509e-05 
 1.196986221552423e-04  3.299773402684602e+00  3.299761223193354e+00  3.299803666404252e+00  3.299767850295660e-05 
 1.197486221552423e-04  3.299773401901944e+00  3.299761223301373e+00  3.299803676907730e+00  3.299794483879955e-05 
 1.197986221552423e-04  3.299773402684306e+00  3.299761223193311e+00  3.299803687138897e+00  3.299767859310671e-05 
 1.198486221552423e-04  3.299773401902699e+00  3.299761223301679e+00  3.299803697024306e+00  3.299794462341628e-05 
 1.198986221552423e-04  3.299773402683934e+00  3.299761223193205e+00  3.299803706655770e+00  3.299767871523124e-05 
 1.199486221552423e-04  3.299773401903429e+00  3.299761223301967e+00  3.299803715959382e+00  3.299794441647071e-05 
 1.199986221552423e-04  3.299773402683563e+00  3.299761223193113e+00  3.299803725026104e+00  3.299767883025035e-05 
 1.200486221552423e-04  3.299773401904174e+00  3.299761223302279e+00  3.299803733781655e+00  3.299794419709064e-05 
 1.200986221552423e-04  3.299773402683192e+00  3.299761223193015e+00  3.299803742316965e+00  3.299767894837808e-05 
 1.201486221552423e-04  3.299773401904900e+00  3.299761223302564e+00  3.299803750557294e+00  3.299794399058916e-05 
 1.201986221552423e-04  3.299773402682863e+00  3.299761223192951e+00  3.299803758592447e+00  3.299767904963042e-05 
 1.202486221552423e-04  3.299773401905614e+00  3.299761223302848e+00  3.299803766347293e+00  3.299794378408767e-05 
 1.202986221552423e-04  3.299773402682440e+00  3.299761223192828e+00  3.299803773911698e+00  3.299767918063674e-05 
 1.203486221552423e-04  3.299773401906315e+00  3.299761223303125e+00  3.299803781209880e+00  3.299794358069482e-05 
 1.203986221552423e-04  3.299773402682027e+00  3.299761223192709e+00  3.299803788330866e+00  3.299767930986670e-05 
 1.204486221552423e-04  3.299773401906992e+00  3.299761223303388e+00  3.299803795198954e+00  3.299794338440739e-05 
 1.204986221552423e-04  3.299773402681678e+00  3.299761223192634e+00  3.299803801902733e+00  3.299767941689219e-05 
 1.205486221552423e-04  3.299773401907641e+00  3.299761223303629e+00  3.299803808366406e+00  3.299794319833401e-05 
 1.205986221552423e-04  3.299773402681234e+00  3.299761223192498e+00  3.299803814677714e+00  3.299767955455985e-05 
 1.206486221552424e-04  3.299773401908350e+00  3.299761223303916e+00  3.299803820760429e+00  3.299794298872390e-05 
 1.206986221552424e-04  3.299773402680820e+00  3.299761223192383e+00  3.299803826702159e+00  3.299767968245754e-05 
 1.207486221552424e-04  3.299773401909003e+00  3.299761223304162e+00  3.299803832426304e+00  3.299794279954190e-05 
 1.207986221552424e-04  3.299773402680401e+00  3.299761223192263e+00  3.299803838020147e+00  3.299767981301978e-05 
 1.208486221552424e-04  3.299773401909627e+00  3.299761223304386e+00  3.299803843406836e+00  3.299794262057394e-05 
 1.208986221552424e-04  3.299773402680009e+00  3.299761223192168e+00  3.299803848673291e+00  3.299767993070342e-05 
 1.209486221552424e-04  3.299773401910293e+00  3.299761223304643e+00  3.299803853742133e+00  3.299794242473060e-05 
 1.209548721552424e-04  3.299773402293587e+00  3.299761223247587e+00  3.299803854376482e+00  3.299781167329238e-05 
 1.209673721552424e-04  3.299773402294663e+00  3.299761223247947e+00  3.299803855620133e+00  3.299781135265997e-05 
 1.209923721552424e-04  3.299773402293175e+00  3.299761223247315e+00  3.299803858079456e+00  3.299781181204910e-05 
 1.210423721552424e-04  3.299773402295654e+00  3.299761223248590e+00  3.299803862888189e+00  3.299781103249984e-05 
 1.210923721552424e-04  3.299773402294654e+00  3.299761223248280e+00  3.299803867553487e+00  3.299781133181596e-05 
 1.211423721552424e-04  3.299773402295752e+00  3.299761223248644e+00  3.299803872079779e+00  3.299781100674266e-05 
 1.211923721552424e-04  3.299773402294750e+00  3.299761223248330e+00  3.299803876470774e+00  3.299781130827923e-05 
 1.212423721552424e-04  3.299773402295840e+00  3.299761223248691e+00  3.299803880730957e+00  3.299781098453820e-05 
 1.212923721552424e-04  3.299773402294833e+00  3.299761223248376e+00  3.299803884864200e+00  3.299781128696295e-05 
 1.213423721552424e-04  3.299773402295923e+00  3.299761223248741e+00  3.299803888874015e+00  3.299781096055738e-05 
 1.213923721552424e-04  3.299773402294922e+00  3.299761223248426e+00  3.299803892764308e+00  3.299781126342622e-05 
 1.214423721552424e-04  3.299773402296005e+00  3.299761223248783e+00  3.299803896538753e+00  3.299781094057337e-05 
 1.214923721552424e-04  3.299773402294996e+00  3.299761223248471e+00  3.299803900200424e+00  3.299781124299812e-05 
 1.215423721552424e-04  3.299773402296077e+00  3.299761223248824e+00  3.299803903753096e+00  3.299781092058935e-05 
 1.215923721552424e-04  3.299773402295070e+00  3.299761223248511e+00  3.299803907199943e+00  3.299781122390228e-05 
 1.216423721552424e-04  3.299773402296138e+00  3.299761223248857e+00  3.299803910543802e+00  3.299781090504623e-05 
 1.216923721552424e-04  3.299773402295139e+00  3.299761223248547e+00  3.299803913788012e+00  3.299781120747098e-05 
 1.217423721552424e-04  3.299773402296211e+00  3.299761223248897e+00  3.299803916935702e+00  3.299781088595040e-05 
 1.217923721552424e-04  3.299773402295209e+00  3.299761223248590e+00  3.299803919989336e+00  3.299781118704288e-05 
 1.218423721552424e-04  3.299773402296276e+00  3.299761223248932e+00  3.299803922951801e+00  3.299781086907501e-05 
 1.218923721552424e-04  3.299773402295273e+00  3.299761223248624e+00  3.299803925826042e+00  3.299781117105567e-05 
 1.219423721552424e-04  3.299773402296332e+00  3.299761223248963e+00  3.299803928614778e+00  3.299781085442006e-05 
 1.219923721552424e-04  3.299773402295335e+00  3.299761223248655e+00  3.299803931320145e+00  3.299781115684481e-05 
 1.220423721552424e-04  3.299773402296393e+00  3.299761223248997e+00  3.299803933944739e+00  3.299781083798876e-05 
 1.220923721552424e-04  3.299773402295391e+00  3.299761223248689e+00  3.299803936490874e+00  3.299781114085760e-05 
 1.221423721552424e-04  3.299773402296442e+00  3.299761223249023e+00  3.299803938961321e+00  3.299781082555426e-05 
 1.221923721552424e-04  3.299773402295434e+00  3.299761223248713e+00  3.299803941358287e+00  3.299781113019946e-05 
 1.222423721552424e-04  3.299773402296496e+00  3.299761223249056e+00  3.299803943683702e+00  3.299781080956705e-05 
 1.222923721552424e-04  3.299773402295487e+00  3.299761223248743e+00  3.299803945939598e+00  3.299781111554452e-05 
 1.223423721552424e-04  3.299773402296540e+00  3.299761223249080e+00  3.299803948128100e+00  3.299781079802073e-05 
 1.223923721552424e-04  3.299773402295537e+00  3.299761223248777e+00  3.299803950251510e+00  3.299781110000140e-05 
 1.224423721552424e-04  3.299773402296581e+00  3.299761223249102e+00  3.299803952311889e+00  3.299781078691850e-05 
 1.224923721552424e-04  3.299773402295581e+00  3.299761223248800e+00  3.299803954310685e+00  3.299781108934325e-05 
 1.225423721552424e-04  3.299773402296622e+00  3.299761223249120e+00  3.299803956249802e+00  3.299781077848081e-05 
 1.225923721552424e-04  3.299773402295624e+00  3.299761223248820e+00  3.299803958130923e+00  3.299781108001738e-05 
 1.226423721552424e-04  3.299773402296660e+00  3.299761223249142e+00  3.299803959955883e+00  3.299781076782267e-05 
 1.226923721552424e-04  3.299773402295660e+00  3.299761223248841e+00  3.299803961726626e+00  3.299781107024742e-05 
 1.227423721552424e-04  3.299773402296688e+00  3.299761223249158e+00  3.299803963444843e+00  3.299781076027315e-05 
 1.227923721552424e-04  3.299773402295696e+00  3.299761223248865e+00  3.299803965111672e+00  3.299781105914519e-05 
 1.228423721552424e-04  3.299773402296724e+00  3.299761223249181e+00  3.299803966728731e+00  3.299781074917092e-05 
 1.228923721552424e-04  3.299773402295722e+00  3.299761223248878e+00  3.299803968297433e+00  3.299781105337203e-05 
 1.229423721552424e-04  3.299773402296751e+00  3.299761223249192e+00  3.299803969819323e+00  3.299781074384185e-05 
 1.229923721552424e-04  3.299773402295754e+00  3.299761223248894e+00  3.299803971295689e+00  3.299781104626660e-05 
 1.230423721552424e-04  3.299773402296782e+00  3.299761223249210e+00  3.299803972728328e+00  3.299781073540415e-05 
 1.230923721552424e-04  3.299773402295787e+00  3.299761223248913e+00  3.299803974118474e+00  3.299781103694073e-05 
 1.231423721552424e-04  3.299773402296815e+00  3.299761223249227e+00  3.299803975467154e+00  3.299781072652237e-05 
 1.231923721552424e-04  3.299773402295823e+00  3.299761223248936e+00  3.299803976775496e+00  3.299781102672668e-05 
 1.232423721552424e-04  3.299773402296843e+00  3.299761223249244e+00  3.299803978044770e+00  3.299781071852876e-05 
 1.232923721552424e-04  3.299773402295850e+00  3.299761223248949e+00  3.299803979276121e+00  3.299781102050943e-05 
 1.233423721552424e-04  3.299773402296864e+00  3.299761223249258e+00  3.299803980470757e+00  3.299781071142334e-05 
 1.233923721552424e-04  3.299773402295870e+00  3.299761223248961e+00  3.299803981629640e+00  3.299781101518036e-05 
 1.234423721552424e-04  3.299773402296886e+00  3.299761223249267e+00  3.299803982753895e+00  3.299781070698244e-05 
 1.234923721552424e-04  3.299773402295895e+00  3.299761223248976e+00  3.299803983844880e+00  3.299781100807493e-05 
 1.235423721552424e-04  3.299773402296908e+00  3.299761223249277e+00  3.299803984903660e+00  3.299781070209746e-05 
 1.235923721552424e-04  3.299773402295924e+00  3.299761223248989e+00  3.299803985930737e+00  3.299781100230177e-05 
 1.236423721552424e-04  3.299773402296930e+00  3.299761223249293e+00  3.299803986927188e+00  3.299781069499204e-05 
 1.236923721552424e-04  3.299773402295941e+00  3.299761223248999e+00  3.299803987893848e+00  3.299781099786088e-05 
 1.237423721552424e-04  3.299773402296949e+00  3.299761223249300e+00  3.299803988831671e+00  3.299781069143932e-05 
 1.237923721552424e-04  3.299773402295964e+00  3.299761223249013e+00  3.299803989741420e+00  3.299781099119954e-05 
 1.238423721552424e-04  3.299773402296966e+00  3.299761223249309e+00  3.299803990624034e+00  3.299781068699843e-05 
 1.238923721552424e-04  3.299773402295983e+00  3.299761223249027e+00  3.299803991480231e+00  3.299781098498229e-05 
 1.239423721552424e-04  3.299773402296982e+00  3.299761223249320e+00  3.299803992310878e+00  3.299781068122527e-05 
 1.239486221552424e-04  3.299773402295602e+00  3.299761223248595e+00  3.299803992412773e+00  3.299781112262176e-05 
 1.239611221552424e-04  3.299773402295594e+00  3.299761223248582e+00  3.299803992615819e+00  3.299781112661856e-05 
 1.239861221552424e-04  3.299773402295133e+00  3.299761223248287e+00  3.299803993017296e+00  3.299781127736568e-05 
 1.240361221552424e-04  3.299773402296502e+00  3.299761223249180e+00  3.299803993802207e+00  3.299781082866289e-05 
 1.240861221552424e-04  3.299773402296519e+00  3.299761223249194e+00  3.299803994563471e+00  3.299781082511017e-05 
 1.241361221552424e-04  3.299773402296514e+00  3.299761223249188e+00  3.299803995302339e+00  3.299781082466609e-05 
 1.241423721552424e-04  3.299773402295626e+00  3.299761223248606e+00  3.299803995392963e+00  3.299781111729269e-05 
 1.241548721552424e-04  3.299773402295619e+00  3.299761223248600e+00  3.299803995573533e+00  3.299781111862495e-05 
 1.241798721552424e-04  3.299773402295173e+00  3.299761223248310e+00  3.299803995930569e+00  3.299781126670754e-05 
 1.242298721552424e-04  3.299773402296530e+00  3.299761223249197e+00  3.299803996628874e+00  3.299781082066928e-05 
 1.242798721552424e-04  3.299773402296544e+00  3.299761223249210e+00  3.299803997306379e+00  3.299781081756066e-05 
 1.243298721552424e-04  3.299773402296541e+00  3.299761223249203e+00  3.299803997963614e+00  3.299781081800475e-05 
 1.243798721552424e-04  3.299773402296561e+00  3.299761223249218e+00  3.299803998601246e+00  3.299781081311977e-05 
 1.244298721552424e-04  3.299773402296559e+00  3.299761223249214e+00  3.299803999219858e+00  3.299781081267568e-05 
 1.244798721552424e-04  3.299773402296565e+00  3.299761223249221e+00  3.299803999819959e+00  3.299781081223159e-05 
 1.245298721552424e-04  3.299773402296565e+00  3.299761223249218e+00  3.299804000402106e+00  3.299781081089932e-05 
 1.245798721552424e-04  3.299773402296581e+00  3.299761223249232e+00  3.299804000966879e+00  3.299781080690252e-05 
 1.246298721552424e-04  3.299773402296587e+00  3.299761223249230e+00  3.299804001514785e+00  3.299781080512616e-05 
 1.246798721552424e-04  3.299773402296593e+00  3.299761223249234e+00  3.299804002046349e+00  3.299781080557025e-05 
 1.247298721552424e-04  3.299773402296595e+00  3.299761223249231e+00  3.299804002562052e+00  3.299781080468207e-05 
 1.247798721552424e-04  3.299773402296605e+00  3.299761223249244e+00  3.299804003062318e+00  3.299781080112936e-05 
 1.248298721552424e-04  3.299773402296601e+00  3.299761223249236e+00  3.299804003547631e+00  3.299781080246162e-05 
 1.248798721552424e-04  3.299773402296616e+00  3.299761223249252e+00  3.299804004018444e+00  3.299781079713255e-05 
 1.249298721552424e-04  3.299773402296612e+00  3.299761223249242e+00  3.299804004475193e+00  3.299781079935300e-05 
 1.249798721552424e-04  3.299773402296625e+00  3.299761223249257e+00  3.299804004918307e+00  3.299781079491211e-05 
 1.250298721552424e-04  3.299773402296623e+00  3.299761223249253e+00  3.299804005348175e+00  3.299781079446802e-05 
 1.250361221552424e-04  3.299773402295721e+00  3.299761223248658e+00  3.299804005400949e+00  3.299781109286778e-05 
 1.250486221552424e-04  3.299773402295714e+00  3.299761223248650e+00  3.299804005506120e+00  3.299781109508822e-05 
 1.250736221552424e-04  3.299773402295263e+00  3.299761223248357e+00  3.299804005713959e+00  3.299781124450308e-05 
 1.251236221552424e-04  3.299773402296632e+00  3.299761223249260e+00  3.299804006120173e+00  3.299781079091531e-05 
 1.251736221552424e-04  3.299773402296645e+00  3.299761223249267e+00  3.299804006514151e+00  3.299781079002713e-05 
 1.252236221552424e-04  3.299773402296640e+00  3.299761223249264e+00  3.299804006896654e+00  3.299781078869486e-05 
 1.252736221552424e-04  3.299773402296653e+00  3.299761223249269e+00  3.299804007268079e+00  3.299781078958304e-05 
 1.253236221552424e-04  3.299773402296649e+00  3.299761223249262e+00  3.299804007628398e+00  3.299781079002713e-05 
 1.253298721552424e-04  3.299773402295738e+00  3.299761223248664e+00  3.299804007672574e+00  3.299781109020324e-05 
 1.253300674677424e-04  3.299773402299210e+00  3.299761223250832e+00  3.299804007674020e+00  3.299780990010940e-05 
 1.253300735712580e-04  3.299773402299683e+00  3.299761223250994e+00  3.299804007674073e+00  3.299780966615305e-05 
