 time                   v(vb,gb)               v(db,dg)               v(a_56346_55631#,DVSS_B.t335) i(Vport0)             
 5.000000000000000e-10  1.574619282492034e-05  1.564063788610856e-05  4.796561608201240e-06  1.388191298320009e-07 
 5.000181546107216e-10  1.574676457745729e-05  1.564120580609989e-05  4.796735773820679e-06  1.388241664065872e-07 
 5.000544638321648e-10  1.574790812262458e-05  1.564234168727010e-05  4.797084116665716e-06  1.388342320128558e-07 
 5.001270822750512e-10  1.575019544986441e-05  1.564461369641519e-05  4.797780869283333e-06  1.388543191813470e-07 
 5.002723191608240e-10  1.575477103363404e-05  1.564915869879189e-05  4.799174629747547e-06  1.388943179962986e-07 
 5.005627929323696e-10  1.576392585722237e-05  1.565825261516519e-05  4.801963139075389e-06  1.389736214351215e-07 
 5.011437404754609e-10  1.578224978516036e-05  1.567645589858854e-05  4.807543958782311e-06  1.391295115326454e-07 
 5.023056355616434e-10  1.581895239198389e-05  1.571292272587192e-05  4.818719871130767e-06  1.394308886765662e-07 
 5.046294257340085e-10  1.589255983438184e-05  1.578608544267614e-05  4.841122943655314e-06  1.399955240432402e-07 
 5.092770060787386e-10  1.604047250885545e-05  1.593323707971321e-05  4.886100679039597e-06  1.409962302026119e-07 
 5.147104340339259e-10  1.621437312327611e-05  1.610648087712526e-05  4.938920556310775e-06  1.419917351249138e-07 
 5.211463351550733e-10  1.642141349518003e-05  1.631305213043020e-05  5.001744327335746e-06  1.429900845895419e-07 
 5.281181740847294e-10  1.664668099554366e-05  1.653813000367172e-05  5.070052313060460e-06  1.439068438809654e-07 
 5.365854070814482e-10  1.692128333138648e-05  1.681283872595397e-05  5.153293802256132e-06  1.448520135777531e-07 
 5.458533559809958e-10  1.722278601076082e-05  1.711475537573387e-05  5.244695088840900e-06  1.457316410785301e-07 
 5.563935673824744e-10  1.756650691216098e-05  1.745918691397772e-05  5.348939973545039e-06  1.465919066563493e-07 
 5.680605802227025e-10  1.794768253550930e-05  1.784132107430170e-05  5.464631643668057e-06  1.474211461292651e-07 
 5.817681622291552e-10  1.839616343531912e-05  1.829103927419610e-05  5.600894836225749e-06  1.482807974100219e-07 
 5.976193575204799e-10  1.891534850057920e-05  1.881170232485460e-05  5.758851040203558e-06  1.491675622952953e-07 
 6.165578916396833e-10  1.953618415061783e-05  1.943428394013390e-05  5.948036965397874e-06  1.501217508544443e-07 
 6.383837790210197e-10  2.025216004997618e-05  2.015218712611779e-05  6.166619106915609e-06  1.511184213835364e-07 
 6.645693926998545e-10  2.111164965852515e-05  2.101383745216113e-05  6.429565623843105e-06  1.522037536841742e-07 
 6.951724943126937e-10  2.211666975861835e-05  2.202116949420296e-05  6.737760793164159e-06  1.533492491569174e-07 
 7.315655995200207e-10  2.331245422948015e-05  2.321942430368223e-05  7.105421626309455e-06  1.545670734834424e-07 
 7.730779672732398e-10  2.467714243312056e-05  2.458659909410683e-05  7.526230988695353e-06  1.557919968166812e-07 
 8.202785543623314e-10  2.622960162713727e-05  2.614151088355892e-05  8.006435287869781e-06  1.570019550658159e-07 
 8.719019735169248e-10  2.792833848541331e-05  2.784253721721680e-05  8.533615905970747e-06  1.581346158255714e-07 
 9.284850023960727e-10  2.979109727232606e-05  2.970740602406970e-05  9.113671557116003e-06  1.591826125086548e-07 
 9.892486325920103e-10  3.179228201936885e-05  3.171046788965925e-05  9.739018907283270e-06  1.601197840867464e-07 
 1.055171178237759e-09  3.396413810931864e-05  3.388398586947890e-05  1.042013758173169e-05  1.609551513333206e-07 
 1.125943957461850e-09  3.629650941176018e-05  3.621778944980201e-05  1.115428892871153e-05  1.616815901845776e-07 
 1.202698766759010e-09  3.882669595784515e-05  3.874920120815705e-05  1.195371367092952e-05  1.623105185223198e-07 
 1.285347384261336e-09  4.155178236578997e-05  4.147530790678084e-05  1.281806062165370e-05  1.628429009740899e-07 
 1.375059688695874e-09  4.451032457413794e-05  4.443468839368843e-05  1.376020498558635e-05  1.632903354210641e-07 
 1.471912449920204e-09  4.770483058307426e-05  4.762986301944228e-05  1.478168276269921e-05  1.636587944904149e-07 
 1.577100682877916e-09  5.117468486184480e-05  5.110023961706874e-05  1.589592318716381e-05  1.639600959148489e-07 
 1.690828580231894e-09  5.492658857933780e-05  5.485253729504857e-05  1.710602684358178e-05  1.642029698691257e-07 
 1.814280313751804e-09  5.899957016637858e-05  5.892580700425779e-05  1.842564908340719e-05  1.643988116770407e-07 
 1.947726562176185e-09  6.340252250181669e-05  6.332896061675864e-05  1.985886904119603e-05  1.645568888086797e-07 
 2.092287794295735e-09  6.817237844992645e-05  6.809895037311873e-05  2.141903896639771e-05  1.646870408649143e-07 
 2.248246698858558e-09  7.331843306830401e-05  7.324508745384941e-05  2.311066877181858e-05  1.647971523738676e-07 
 2.416635651982407e-09  7.887472307498000e-05  7.880142274697284e-05  2.494655483718656e-05  1.648945022928654e-07 
 2.597754728771923e-09  8.485112767700878e-05  8.477784648032242e-05  2.693171412955296e-05  1.649845172490833e-07 
 2.792603109643189e-09  9.128059992156145e-05  9.120732016191920e-05  2.907899261574826e-05  1.650716993128486e-07 
 3.001591374685462e-09  9.817667571265302e-05  9.810338567126514e-05  3.139497417396902e-05  1.651590865337646e-07 
 3.225819857930240e-09  1.055756550616693e-04  1.055023470074105e-04  3.389409259144362e-05  1.652490617699005e-07 
 3.465959396933325e-09  1.134996687772113e-04  1.134263374855252e-04  3.658627956685712e-05  1.653431013987635e-07 
 3.723379024774371e-09  1.219938885367674e-04  1.219205301795730e-04  3.948959213688626e-05  1.654424515170113e-07 
 3.999173652261200e-09  1.310944420662256e-04  1.310210535521683e-04  4.261940303142686e-05  1.655479176718773e-07 
 4.295156519740936e-09  1.408611610732084e-04  1.407877395553268e-04  4.599969945548076e-05  1.656603795270458e-07 
 4.613021596069652e-09  1.513499420821909e-04  1.512764847360012e-04  4.965372284745151e-05  1.657805554059395e-07 
 4.955228545897549e-09  1.626419479893712e-04  1.625684518032624e-04  5.361424895618161e-05  1.659093922593224e-07 
 5.324290812667889e-09  1.748201163928207e-04  1.747465781017757e-04  5.791563326793731e-05  1.660478252118594e-07 
 5.723580282032531e-09  1.879957114843829e-04  1.879221274446777e-04  6.260340645822519e-05  1.661970961711217e-07 
 6.156730027601760e-09  2.022886160650661e-04  2.022149822131015e-04  6.772768271003829e-05  1.663585356290522e-07 
 6.628377453737875e-09  2.178518534664498e-04  2.177781651980418e-04  7.335234962456953e-05  1.665338428040841e-07 
 7.143653235505592e-09  2.348547237910253e-04  2.347809759025424e-04  7.954962220044031e-05  1.667248945165585e-07 
 7.708845759313099e-09  2.535047288669699e-04  2.534309154200842e-04  8.640871902402550e-05  1.669339919320346e-07 
 8.330881716959766e-09  2.740304330986908e-04  2.739565473449263e-04  9.403054735749825e-05  1.671636650188136e-07 
 9.017773637817375e-09  2.966962309654350e-04  2.966222652186454e-04  1.025342282503668e-04  1.674168374494607e-07 
 9.777810363902853e-09  3.217756346326949e-04  3.217015802358087e-04  1.120483542131651e-04  1.676965253146118e-07 
 1.061939636178472e-08  3.495459716333914e-04  3.494718189429435e-04  1.227100350872142e-04  1.680057767366165e-07 
 1.154947805183619e-08  3.802364574781739e-04  3.801621960329523e-04  1.346456684526001e-04  1.683470917359087e-07 
 1.257254683854761e-08  4.139952980241754e-04  4.139209168297308e-04  1.479576034085433e-04  1.687220572669651e-07 
 1.368886189538059e-08  4.508310455857832e-04  4.507565336082595e-04  1.626989202141203e-04  1.691306984197084e-07 
 1.489446026702087e-08  4.906129322692804e-04  4.905382789279139e-04  1.788695112751951e-04  1.695714881490843e-07 
 1.618180285007703e-08  5.330921857819967e-04  5.330173813674374e-04  1.964200030479481e-04  1.700415900571950e-07 
 1.754227753649571e-08  5.779846272084231e-04  5.779096630088529e-04  2.152818101749755e-04  1.705377807664696e-07 
 1.896791569285582e-08  6.250273107519007e-04  6.249521789779132e-04  2.353892441736102e-04  1.710570779694365e-07 
 2.045287638467235e-08  6.740274996220161e-04  6.739521931568652e-04  2.567008878809592e-04  1.715972818456700e-07 
 2.199330520130344e-08  7.248580075947929e-04  7.247825197624318e-04  2.791995418970176e-04  1.721569215093316e-07 
 2.358719277577142e-08  7.774525305169740e-04  7.773768548636910e-04  3.028922435999116e-04  1.727351990740579e-07 
 2.523358229455591e-08  8.317794960029065e-04  8.317036261750461e-04  3.278003398599125e-04  1.733317012046830e-07 
 2.693233954501970e-08  8.878344755520617e-04  8.877584051986434e-04  3.539571674607300e-04  1.739463132995408e-07 
 2.868365983864322e-08  9.456239141878275e-04  9.455476369203033e-04  3.814012755834857e-04  1.745790377405856e-07 
 3.048806924530338e-08  1.005165171176983e-03  1.005088680531910e-03  4.101768291530401e-04  1.752299979181979e-07 
 3.234617279835220e-08  1.066478211402403e-03  1.066401500830652e-03  4.403298922083017e-04  1.758993428304491e-07 
 3.425874848944956e-08  1.129588706968699e-03  1.129511769814361e-03  4.719100548495519e-04  1.765872825204768e-07 
 3.622659504206497e-08  1.194523014083300e-03  1.194445843581925e-03  5.049680534881296e-04  1.772940334646161e-07 
 3.825063571495944e-08  1.261311598330464e-03  1.261234187593715e-03  5.395575425815946e-04  1.780198555415750e-07 
 4.033181108243868e-08  1.329985496674039e-03  1.329907838686629e-03  5.757333489288458e-04  1.787650120206648e-07 
 4.247116902326523e-08  1.400579286875881e-03  1.400501374483110e-03  6.135530521155898e-04  1.795298040006057e-07 
 4.466978222730697e-08  1.473128365411364e-03  1.473050191315867e-03  6.530755977488181e-04  1.803145392976452e-07 
 4.692882343473631e-08  1.547671430186350e-03  1.547592986935873e-03  6.943626680190535e-04  1.811195601420473e-07 
 4.846441171736816e-08  1.598342246382291e-03  1.598263620024794e-03  7.228135259604863e-04  1.816660441753196e-07 
 5.000000000000000e-08  1.649013064329478e-03  1.648934254747769e-03  7.515713626425423e-04  1.822119481142913e-07 
 5.002022607053714e-08  1.649680477292943e-03  1.649601665310985e-03  7.519522079131658e-04  1.822191394912277e-07 
 5.006067821161143e-08  1.651015303280733e-03  1.650936486449911e-03  7.527140034825323e-04  1.822335065580008e-07 
 5.014158249375998e-08  1.653684955211942e-03  1.653606128735770e-03  7.542382243607566e-04  1.822622520490852e-07 
 5.030339105805709e-08  1.659024259104120e-03  1.658945413304302e-03  7.572891828978027e-04  1.823197349820088e-07 
 5.062700818665132e-08  1.669702866928567e-03  1.669623982503177e-03  7.634011485903606e-04  1.824346851183258e-07 
 5.127424244383978e-08  1.691060082820518e-03  1.690981121106480e-03  7.756651276166835e-04  1.826645071932315e-07 
 5.256871095821668e-08  1.733774515501326e-03  1.733695399169219e-03  8.003521086156508e-04  1.831238516952347e-07 
 5.515764798697050e-08  1.819203384454578e-03  1.819123958626032e-03  8.503529438559952e-04  1.840413531257067e-07 
 5.757480745857930e-08  1.898963999867094e-03  1.898884284807085e-03  8.977781255678620e-04  1.848965761513119e-07 
 6.009478288557674e-08  1.982117305868077e-03  1.982037288974148e-03  9.479659534832962e-04  1.857867646252109e-07 
 6.278965730690947e-08  2.071041875052415e-03  2.070961535074353e-03  1.002459749715139e-03  1.867371822594424e-07 
 6.552010649426490e-08  2.161140333367782e-03  2.161059665703666e-03  1.058519717980830e-03  1.876985432615949e-07 
 6.835929185525055e-08  2.254826836964933e-03  2.254745828240863e-03  1.117693762435081e-03  1.886965228562600e-07 
 7.123605919294265e-08  2.349753463365623e-03  2.349672108711673e-03  1.178544800741974e-03  1.897060203999176e-07 
 7.422093361575073e-08  2.448247377231233e-03  2.448165663306186e-03  1.242608756476904e-03  1.907517037519141e-07 
 7.725645826555777e-08  2.548412636174607e-03  2.548330556508361e-03  1.308701647340137e-03  1.918133479661557e-07 
 8.039835125436974e-08  2.652087808650344e-03  2.652005350067934e-03  1.378083395646818e-03  1.929103550734583e-07 
 8.360082743018932e-08  2.757762091271909e-03  2.757679246075132e-03  1.449793059393066e-03  1.940266406314612e-07 
 8.690930963464291e-08  2.866934332666279e-03  2.866851087680690e-03  1.524895876802446e-03  1.951779500773499e-07 
 9.028778708138925e-08  2.978416260690972e-03  2.978332607049347e-03  1.602625372004776e-03  1.963516529410255e-07 
 9.377348041670844e-08  3.093436070702454e-03  3.093351995040385e-03  1.683887389205381e-03  1.975605881940587e-07 
 9.733822974522703e-08  3.211064551660237e-03  3.210980043979338e-03  1.768077306291847e-03  1.987948892426164e-07 
 1.010127663592898e-07  3.332315765391124e-03  3.332230811972628e-03  1.855971694465771e-03  2.000651025743956e-07 
 1.047753083461522e-07  3.456470959442433e-03  3.456385549167231e-03  1.947102293814515e-03  2.013635977478700e-07 
 1.086514916641825e-07  3.584376061507271e-03  3.584290180145098e-03  2.042141992279596e-03  2.026991239239156e-07 
 1.126247487506382e-07  3.715484380576298e-03  3.715398015868134e-03  2.140738203583617e-03  2.040658706010042e-07 
 1.167167477450372e-07  3.850510915555500e-03  3.850424052610885e-03  2.243481700829471e-03  2.054711946425190e-07 
 1.209152218563275e-07  3.989050890953695e-03  3.988963516327837e-03  2.350118955354920e-03  2.069107740007866e-07 
 1.252387929232446e-07  4.131718784838361e-03  4.131630882823385e-03  2.461177041373636e-03  2.083908976233646e-07 
 1.296787849802653e-07  4.278228310652746e-03  4.278139866553424e-03  2.576488366037051e-03  2.099084869783321e-07 
 1.342515331766898e-07  4.429118491049881e-03  4.429029488178655e-03  2.696532193608567e-03  2.114690237829347e-07 
 1.389514111708594e-07  4.584203670026619e-03  4.584114092337968e-03  2.821216819543839e-03  2.130704783887105e-07 
 1.437931016691069e-07  4.743968343462190e-03  4.743878173119134e-03  2.950987617654329e-03  2.147177533179584e-07 
 1.487736272195222e-07  4.908314262620568e-03  4.908223482105250e-03  3.085821445002628e-03  2.164097249691156e-07 
 1.539065614352787e-07  5.077689325908029e-03  5.077597916040953e-03  3.226142345484933e-03  2.181509000893509e-07 
 1.591912917600509e-07  5.252073320714984e-03  5.251981262346769e-03  3.371990812718925e-03  2.199409595998741e-07 
 1.646407614880126e-07  5.431893346405316e-03  5.431800618800360e-03  3.523781245579342e-03  2.217841832803487e-07 
 1.702565455931055e-07  5.617201373865990e-03  5.617107956048697e-03  3.681615233431993e-03  2.236809900446766e-07 
 1.760513931474444e-07  5.808418093612188e-03  5.808323963043656e-03  3.845908773841161e-03  2.256355825390660e-07 
 1.820289849226933e-07  6.005664963048938e-03  6.005570096690388e-03  4.016824310517495e-03  2.276490872892271e-07 
 1.882022955553726e-07  6.209370115842493e-03  6.209274489060341e-03  4.194790860639989e-03  2.297257692814908e-07 
 1.945771237202947e-07  6.419724895368415e-03  6.419628482770384e-03  4.380033918994288e-03  2.318674663783789e-07 
 2.011670922186702e-07  6.637178823291032e-03  6.637081597805227e-03  4.573007592199743e-03  2.340786472165720e-07 
 2.079802283267276e-07  6.861996781763137e-03  6.861898715283750e-03  4.774005366910017e-03  2.363618926568780e-07 
 2.150312562262665e-07  7.094664635534684e-03  7.094565698136998e-03  4.983519925719327e-03  2.387220281259582e-07 
 2.223306495676073e-07  7.335527991534658e-03  7.335428151961448e-03  5.201920839867855e-03  2.411624514644212e-07 
 2.298947484271267e-07  7.585126035398427e-03  7.585025260367997e-03  5.429755176558601e-03  2.436885135129155e-07 
 2.377368189804734e-07  7.843896521071946e-03  7.843794775618277e-03  5.667480623558568e-03  2.463045321722835e-07 
 2.458754287681851e-07  8.112452135446004e-03  8.112349382310298e-03  5.915717870351881e-03  2.490165992707648e-07 
 2.543271443680698e-07  8.391339538277897e-03  8.391235738100106e-03  6.175029858232078e-03  2.518301173014305e-07 
 2.631135212183484e-07  8.681270010316050e-03  8.681165121074167e-03  6.446135209526983e-03  2.547521641372039e-07 
 2.722551486599183e-07  8.982922953375595e-03  8.982816930450312e-03  6.729726149974189e-03  2.577894746047511e-07 
 2.817775512308126e-07  9.297140619547721e-03  9.297033415154164e-03  7.026650943376168e-03  2.609504242636233e-07 
 2.917063592548469e-07  9.624768751671077e-03  9.624660314799929e-03  7.337764745678719e-03  2.642434106922877e-07 
 3.020723704245299e-07  9.966823603982974e-03  9.966713879810284e-03  7.664087905478283e-03  2.676785531757753e-07 
 3.129076940648052e-07  1.032436471170686e-02  1.032425364137400e-02  8.006685887038248e-03  2.712663811137416e-07 
 3.242501956846938e-07  1.069864155104086e-02  1.069852907099297e-02  8.366809793587943e-03  2.750193393280668e-07 
 3.361405182548267e-07  1.109099524820131e-02  1.109088128978872e-02  8.745803023040160e-03  2.789507701884276e-07 
 3.486261329747874e-07  1.150299224547036e-02  1.150287673414391e-02  9.145230624471335e-03  2.830762726206054e-07 
 3.617583878902020e-07  1.193632691229956e-02  1.193620976708875e-02  9.566786011822655e-03  2.874127217189910e-07 
 3.756002676922421e-07  1.239307760111040e-02  1.239295873320955e-02  1.001254075285741e-02  2.919808203934058e-07 
 3.902184534468324e-07  1.287544463634905e-02  1.287532394862310e-02  1.048469061838746e-02  2.968024880598067e-07 
 4.056920095145246e-07  1.338603696317371e-02  1.338591434864728e-02  1.098583583745425e-02  3.019037146098894e-07 
 4.221128330730282e-07  1.392788698070118e-02  1.392776232092450e-02  1.151899756856786e-02  3.073147134048288e-07 
 4.395876057256145e-07  1.450451494065429e-02  1.450438810389565e-02  1.208768259987892e-02  3.130705573163740e-07 
 4.582416882981394e-07  1.512005746686438e-02  1.511992830575261e-02  1.269601140671430e-02  3.192124685905491e-07 
 4.782233621277349e-07  1.577940750822377e-02  1.577927585692013e-02  1.334885802077080e-02  3.257891972781901e-07 
 4.997100566543910e-07  1.648841983514187e-02  1.648828550566992e-02  1.405205520087465e-02  3.328590758204836e-07 
 5.229158845643375e-07  1.725415968217750e-02  1.725402245989909e-02  1.481264297002780e-02  3.404925059521373e-07 
 5.481025581920852e-07  1.808526296474456e-02  1.808512260237450e-02  1.563922851416595e-02  3.487755204285601e-07 
 5.755937989371420e-07  1.899241175718816e-02  1.899226796711137e-02  1.654246144993621e-02  3.578145416621260e-07 
 6.057962536921575e-07  1.998902448771032e-02  1.998887693160498e-02  1.753572365826371e-02  3.677432420087148e-07 
 6.392290228319932e-07  2.109223029520535e-02  2.109207857006932e-02  1.863610330475732e-02  3.787322561566082e-07 
 6.765679147860458e-07  2.232432933016922e-02  2.232417294875251e-02  1.986585465491741e-02  3.910037181628702e-07 
 7.187123036851564e-07  2.371499890594431e-02  2.371483726890731e-02  2.125460365149475e-02  4.048532154110192e-07 
 7.668911874443102e-07  2.530479317572934e-02  2.530462553052345e-02  2.284284675300768e-02  4.206846501688787e-07 
 8.168911874443103e-07  2.695468016745795e-02  2.695450628712666e-02  2.449160137433822e-02  4.371137479623733e-07 
 8.668911874443103e-07  2.860456716041457e-02  2.860438704511719e-02  2.614066359825672e-02  4.535423875107046e-07 
 9.168911874443104e-07  3.025445415388183e-02  3.025426780386118e-02  2.778991735444988e-02  4.699708010349391e-07 
 9.668911874443104e-07  3.190434114744745e-02  3.190414856295398e-02  2.943928937720973e-02  4.863991297207521e-07 
 1.016891187444310e-06  3.355422814086235e-02  3.355402932217968e-02  3.108873339797286e-02  5.028274505621104e-07 
 1.066891187444310e-06  3.520411513393407e-02  3.520391008134743e-02  3.273822017538847e-02  5.192558318689546e-07 
 1.116891187444310e-06  3.685400212653338e-02  3.685379084036298e-02  3.438773120756764e-02  5.356843111841702e-07 
 1.166891187444310e-06  3.850388911866059e-02  3.850367159919044e-02  3.603725476581483e-02  5.521128927959918e-07 
 1.216891187444310e-06  4.015377611018327e-02  4.015355235775076e-02  3.768678339270130e-02  5.685416152812001e-07 
 1.266891187444310e-06  4.180366310116778e-02  4.180343311606192e-02  3.933631232427642e-02  5.849704612509253e-07 
 1.316891187444310e-06  4.345355009146919e-02  4.345331387404348e-02  4.098583849427628e-02  6.013994734695699e-07 
 1.366891187444310e-06  4.510343708118592e-02  4.510319463173923e-02  4.263535990649540e-02  6.178286236888952e-07 
 1.416891187444310e-06  4.675332407021923e-02  4.675307538910159e-02  4.428487523838689e-02  6.342579396783545e-07 
 1.466891187444310e-06  4.840321105863749e-02  4.840295614615599e-02  4.593438359142943e-02  6.506874031817154e-07 
 1.516891187444310e-06  5.005309804637494e-02  5.005283690287778e-02  4.758388433294018e-02  6.671170310604895e-07 
 1.566891187444310e-06  5.170298503348226e-02  5.170271765928145e-02  4.923337699653943e-02  6.835468108662995e-07 
 1.616891187444310e-06  5.335287201990336e-02  5.335259841534886e-02  5.088286121995366e-02  6.999767564075427e-07 
 1.666891187444310e-06  5.500275900566154e-02  5.500247917107680e-02  5.253233670495963e-02  7.164068642494666e-07 
 1.716891187444310e-06  5.665264599075248e-02  5.665235992648130e-02  5.418180319167645e-02  7.328371312209942e-07 
 1.766891187444310e-06  5.830253297516234e-02  5.830224068153494e-02  5.583126044352030e-02  7.492675660026799e-07 
 1.816891187444309e-06  5.995241995889238e-02  5.995212143625728e-02  5.748070823711356e-02  7.656981637650528e-07 
 1.866891187444309e-06  6.160230694198182e-02  6.160200219065550e-02  5.913014635591116e-02  7.821289157997996e-07 
 1.916891187444310e-06  6.325219392431161e-02  6.325188294467046e-02  6.077957458611099e-02  7.985598567250602e-07 
 1.966891187444310e-06  6.490208090602838e-02  6.490176369838010e-02  6.242899271361983e-02  8.149909424233453e-07 
 2.016891187444309e-06  6.655196788702965e-02  6.655164445173573e-02  6.407840052295881e-02  8.314222022878079e-07 
 2.066891187444309e-06  6.820185486741133e-02  6.820152520478219e-02  6.572779779569191e-02  8.478536088751212e-07 
 2.116891187444309e-06  6.985174184696628e-02  6.985140595740162e-02  6.737718431003498e-02  8.642852260855578e-07 
 2.166891187444309e-06  7.150162882593851e-02  7.150128670973632e-02  6.902655984059382e-02  8.807169775427095e-07 
 2.216891187444309e-06  7.315151580416568e-02  7.315116746169871e-02  7.067592415758764e-02  8.971489124155780e-07 
 2.266891187444309e-06  7.480140278175176e-02  7.480104821333811e-02  7.232527702695174e-02  9.135810005338501e-07 
 2.316891187444309e-06  7.645128975856051e-02  7.645092896458422e-02  7.397461820961815e-02  9.300132824345416e-07 
 2.366891187444309e-06  7.810117673472694e-02  7.810080971550686e-02  7.562394746215879e-02  9.464457177818611e-07 
 2.416891187444309e-06  7.975106371022603e-02  7.975069046610912e-02  7.727326453567759e-02  9.628783104615866e-07 
 2.466891187444309e-06  8.140095068491726e-02  8.140057121627924e-02  7.892256917671800e-02  9.793111107945755e-07 
 2.516891187444309e-06  8.305083765898690e-02  8.305045196615911e-02  8.057186112626390e-02  9.957440533193000e-07 
 2.566891187444309e-06  8.470072463232044e-02  8.470033271565516e-02  8.222114011939918e-02  1.012177179391565e-06 
 2.616891187444309e-06  8.635061160496200e-02  8.635021346481467e-02  8.387040588609085e-02  1.028610470609423e-06 
 2.666891187444309e-06  8.800049857689318e-02  8.800009421360752e-02  8.551965815105071e-02  1.045043936756711e-06 
 2.716891187444309e-06  8.965038554804303e-02  8.964997496200572e-02  8.716889663384969e-02  1.061477597040284e-06 
 2.766891187444309e-06  9.130027251856408e-02  9.129985571009143e-02  8.881812104709834e-02  1.077911405094453e-06 
 2.816891187444309e-06  9.295015948836712e-02  9.294973645782499e-02  9.046733109787941e-02  1.094345385982499e-06 
 2.866891187444309e-06  9.460004645737445e-02  9.459961720513620e-02  9.211652648715697e-02  1.110779569500031e-06 
 2.916891187444308e-06  9.624993342567831e-02  9.624949795210495e-02  9.376570691008879e-02  1.127213920897064e-06 
 2.966891187444308e-06  9.789982039329879e-02  9.789937869872668e-02  9.541487205585081e-02  1.143648437175995e-06 
 3.016891187444308e-06  9.954970736016024e-02  9.954925944496990e-02  9.706402160586319e-02  1.160083139361668e-06 
 3.066891187444308e-06  1.011995943262964e-01  1.011991401908384e-01  9.871315523594200e-02  1.176518020168243e-06 
 3.116891187444308e-06  1.028494812917199e-01  1.028490209363597e-01  1.003622726154965e-01  1.192953071116388e-06 
 3.166891187444308e-06  1.044993682563212e-01  1.044989016814436e-01  1.020113734061430e-01  1.209388332007597e-06 
 3.216891187444308e-06  1.061492552202286e-01  1.061487824261927e-01  1.036604572630489e-01  1.225823756698220e-06 
 3.266891187444308e-06  1.077991421833899e-01  1.077986631705556e-01  1.053095238348183e-01  1.242259365699627e-06 
 3.316891187444308e-06  1.094490291458771e-01  1.094485439145977e-01  1.069585727621938e-01  1.258695131297870e-06 
 3.366891187444308e-06  1.110989161075711e-01  1.110984246582228e-01  1.086076036784099e-01  1.275131096652868e-06 
 3.416891187444308e-06  1.127488030684105e-01  1.127483054014089e-01  1.102566162095250e-01  1.291567277571418e-06 
 3.466891187444308e-06  1.143986900285295e-01  1.143981861442269e-01  1.119056099731058e-01  1.308003633669153e-06 
 3.516891187444308e-06  1.160485769879681e-01  1.160480668867218e-01  1.135545845796946e-01  1.324440147376790e-06 
 3.566891187444308e-06  1.176984639465356e-01  1.176979476287498e-01  1.152035396321352e-01  1.340876885501998e-06 
 3.616891187444308e-06  1.193483509043921e-01  1.193478283704356e-01  1.168524747247448e-01  1.357313790646242e-06 
 3.666891187444308e-06  1.209982378614474e-01  1.209977091117015e-01  1.185013894432199e-01  1.373750896712953e-06 
 3.716891187444308e-06  1.226481248177127e-01  1.226475898525738e-01  1.201502833652955e-01  1.390188195292188e-06 
 3.766891187444308e-06  1.242980117733168e-01  1.242974705931199e-01  1.217991560589888e-01  1.406625647914716e-06 
 3.816891187444308e-06  1.259478987279908e-01  1.259473513331806e-01  1.234480070830972e-01  1.423063338929728e-06 
 3.866891187444308e-06  1.275977856819479e-01  1.275972320728800e-01  1.250968359891194e-01  1.439501201404646e-06 
 3.916891187444309e-06  1.292476726350805e-01  1.292471128121641e-01  1.267456423188560e-01  1.455939267008583e-06 
 3.966891187444309e-06  1.308975595874227e-01  1.308969935510395e-01  1.283944256046695e-01  1.472377527692413e-06 
 4.016891187444309e-06  1.325474465389000e-01  1.325468742894745e-01  1.300431853630297e-01  1.488816004106283e-06 
 4.066891187444310e-06  1.341973334896628e-01  1.341967550275521e-01  1.316919211047388e-01  1.505254649662453e-06 
 4.116891187444310e-06  1.358472204395451e-01  1.358466357651797e-01  1.333406323350991e-01  1.521693515736491e-06 
 4.166891187444310e-06  1.374971073885613e-01  1.374965165023511e-01  1.349893185491780e-01  1.538132600135700e-06 
 4.216891187444311e-06  1.391469943367770e-01  1.391463972391276e-01  1.366379792309418e-01  1.554571877338824e-06 
 4.266891187444311e-06  1.407968812841442e-01  1.407962779754596e-01  1.382866138520837e-01  1.571011367080073e-06 
 4.316891187444312e-06  1.424467682307657e-01  1.424461587114343e-01  1.399352218740773e-01  1.587451030487756e-06 
 4.366891187444312e-06  1.440966551764643e-01  1.440960394469180e-01  1.415838027471949e-01  1.603890929748240e-06 
 4.416891187444312e-06  1.457465421213774e-01  1.457459201820186e-01  1.432323559097143e-01  1.620331015442712e-06 
 4.466891187444313e-06  1.473964290653820e-01  1.473958009166399e-01  1.448808807898744e-01  1.636771330911501e-06 
 4.516891187444313e-06  1.490463160084768e-01  1.490456816507973e-01  1.465293768023867e-01  1.653211873115366e-06 
 4.566891187444313e-06  1.506962029507935e-01  1.506955623845622e-01  1.481778433500645e-01  1.669652601558915e-06 
 4.616891187444314e-06  1.523460898920483e-01  1.523454431177651e-01  1.498262798256980e-01  1.686093605809388e-06 
 4.666891187444314e-06  1.539959768325942e-01  1.539953238506234e-01  1.514746856083369e-01  1.702534771930137e-06 
 4.716891187444315e-06  1.556458637722175e-01  1.556452045830132e-01  1.531230600632074e-01  1.718976167200674e-06 
 4.766891187444315e-06  1.572957507109541e-01  1.572950853149409e-01  1.547714025434248e-01  1.735417783044520e-06 
 4.816891187444315e-06  1.589456376488005e-01  1.589449660464240e-01  1.564197123872562e-01  1.751859616019975e-06 
 4.866891187444316e-06  1.605955245857509e-01  1.605948467774424e-01  1.580679889221163e-01  1.768301670512417e-06 
 4.916891187444316e-06  1.622454115216712e-01  1.622447275079240e-01  1.597162314612355e-01  1.784743988210713e-06 
 4.966891187444316e-06  1.638952984567622e-01  1.638946082379877e-01  1.613644393043432e-01  1.801186503667206e-06 
 5.016891187444317e-06  1.655451853908250e-01  1.655444889675179e-01  1.630126117376889e-01  1.817629280553187e-06 
 5.066891187444317e-06  1.671950723240566e-01  1.671943696966303e-01  1.646607480318839e-01  1.834072254919794e-06 
 5.116891187444317e-06  1.688449592562427e-01  1.688442504252011e-01  1.663088474424468e-01  1.850515494879208e-06 
 5.166891187444318e-06  1.704948461874488e-01  1.704941311532570e-01  1.679569092094360e-01  1.866958980530673e-06 
 5.216891187444318e-06  1.721447331177964e-01  1.721440118808965e-01  1.696049325579530e-01  1.883402668936306e-06 
 5.266891187444319e-06  1.737946200470331e-01  1.737938926079381e-01  1.712529166984293e-01  1.899846644528561e-06 
 5.316891187444319e-06  1.754445069752850e-01  1.754437733344820e-01  1.729008608240231e-01  1.916290863287086e-06 
 5.366891187444319e-06  1.770943939026954e-01  1.770936540606079e-01  1.745487641102458e-01  1.932735279276395e-06 
 5.416891187444320e-06  1.787442808290199e-01  1.787435347861718e-01  1.761966257185707e-01  1.949179970184337e-06 
 5.466891187444320e-06  1.803941677542122e-01  1.803934155111276e-01  1.778444447924468e-01  1.965624953247119e-06 
 5.516891187444320e-06  1.820440546783972e-01  1.820432962355763e-01  1.794922204579160e-01  1.982070183667230e-06 
 5.566891187444321e-06  1.836939416017091e-01  1.836931769595910e-01  1.811399518242233e-01  1.998515618923121e-06 
 5.616891187444321e-06  1.853438285238277e-01  1.853430576829783e-01  1.827876379814272e-01  2.014961361654900e-06 
 5.666891187444322e-06  1.869937154450811e-01  1.869929384059386e-01  1.844352780008427e-01  2.031407305392171e-06 
 5.716891187444322e-06  1.886436023650329e-01  1.886428191282038e-01  1.860828709357785e-01  2.047853590467118e-06 
 5.766891187444322e-06  1.902934892839525e-01  1.902926998499348e-01  1.877304158211683e-01  2.064300129754976e-06 
 5.816891187444323e-06  1.919433762018354e-01  1.919425805711472e-01  1.893779116722456e-01  2.080746921978983e-06 
 5.866891187444323e-06  1.935932631185729e-01  1.935924612917543e-01  1.910253574833351e-01  2.097194003887505e-06 
 5.916891187444323e-06  1.952431500343839e-01  1.952423420119190e-01  1.926727522300405e-01  2.113641300290683e-06 
 5.966891187444324e-06  1.968930369487600e-01  1.968922227312896e-01  1.943200948661861e-01  2.130088980830584e-06 
 6.016891187444324e-06  1.985429238622918e-01  1.985421034502759e-01  1.959673843255084e-01  2.146536846194410e-06 
 6.066891187444324e-06  2.001928107744405e-01  2.001919841685059e-01  1.976146195194086e-01  2.162985076932168e-06 
 6.116891187444325e-06  2.018426976854292e-01  2.018418648861449e-01  1.992617993379040e-01  2.179433595633547e-06 
 6.166891187444325e-06  2.034925845953877e-01  2.034917456032651e-01  2.009089226501007e-01  2.195882360581908e-06 
 6.216891187444326e-06  2.051424715040759e-01  2.051416263197252e-01  2.025559882999779e-01  2.212331447938539e-06 
 6.266891187444326e-06  2.067923584114952e-01  2.067915070355113e-01  2.042029951097845e-01  2.228780858813648e-06 
 6.316891187444326e-06  2.084422453177877e-01  2.084413877507364e-01  2.058499418789634e-01  2.245230542275747e-06 
 6.366891187444327e-06  2.100921322227779e-01  2.100912684652699e-01  2.074968273806009e-01  2.261680558138088e-06 
 6.416891187444327e-06  2.117420191266228e-01  2.117411491792334e-01  2.091436503648805e-01  2.278130850778483e-06 
 6.466891187444327e-06  2.133919060290249e-01  2.133910298924159e-01  2.107904095584112e-01  2.294581520116995e-06 
 6.516891187444328e-06  2.150417929302973e-01  2.150409106050428e-01  2.124371036613915e-01  2.311032458767287e-06 
 6.566891187444328e-06  2.166916798302254e-01  2.166907913169591e-01  2.140837313464363e-01  2.327483738977112e-06 
 6.616891187444329e-06  2.183415667288820e-01  2.183406720282284e-01  2.157302912620388e-01  2.343935333601503e-06 
 6.666891187444329e-06  2.199914536261401e-01  2.199905527387563e-01  2.173767820292701e-01  2.360387285189745e-06 
 6.716891187444329e-06  2.216413405220943e-01  2.216404334486216e-01  2.190232022414434e-01  2.376839558603264e-06 
 6.766891187444330e-06  2.232912274167788e-01  2.232903141578337e-01  2.206695504645271e-01  2.393292144793729e-06 
 6.816891187444330e-06  2.249411143099731e-01  2.249401948662640e-01  2.223158252348274e-01  2.409745112178621e-06 
 6.866891187444330e-06  2.265910012017802e-01  2.265900755739692e-01  2.239620250605522e-01  2.426198427701035e-06 
 6.916891187444331e-06  2.282408880921634e-01  2.282399562809406e-01  2.256081484210428e-01  2.442652100492543e-06 
 6.966891187444331e-06  2.298907749812233e-01  2.298898369872340e-01  2.272541937640405e-01  2.459106097523991e-06 
 7.016891187444331e-06  2.315406618687879e-01  2.315397176927524e-01  2.289001595089926e-01  2.475560472086073e-06 
 7.066891187444332e-06  2.331905487547716e-01  2.331895983974271e-01  2.305460440434624e-01  2.492015253433147e-06 
 7.116891187444332e-06  2.348404356393720e-01  2.348394791014059e-01  2.321918457224006e-01  2.508470372564840e-06 
 7.166891187444333e-06  2.364903225224067e-01  2.364893598045570e-01  2.338375628688745e-01  2.524925890349112e-06 
 7.216891187444333e-06  2.381402094039208e-01  2.381392405069263e-01  2.354831937731391e-01  2.541381788356243e-06 
 7.266891187444333e-06  2.397900962839650e-01  2.397891212085362e-01  2.371287366918383e-01  2.557838050571252e-06 
 7.316891187444334e-06  2.414399831622786e-01  2.414390019092326e-01  2.387741898464364e-01  2.574294758762049e-06 
 7.366891187444334e-06  2.430898700392462e-01  2.430888826092563e-01  2.404195514246639e-01  2.590751787445658e-06 
 7.416891187444334e-06  2.447397569144464e-01  2.447387633083489e-01  2.420648195803559e-01  2.607209270598226e-06 
 7.466891187444335e-06  2.463896437880788e-01  2.463886440066278e-01  2.437099924293816e-01  2.623667144326400e-06 
 7.516891187444335e-06  2.480395306600063e-01  2.480385247040232e-01  2.453550680521899e-01  2.640125448487169e-06 
 7.566891187444336e-06  2.496894175302046e-01  2.496884054005050e-01  2.470000444910081e-01  2.656584193017013e-06 
 7.616891187444336e-06  2.513393043986891e-01  2.513382860961041e-01  2.486449197501906e-01  2.673043367202259e-06 
 7.666891187444335e-06  2.529891912656307e-01  2.529881667909191e-01  2.502896917957997e-01  2.689502916503183e-06 
 7.716891187444335e-06  2.546390781305373e-01  2.546380474846452e-01  2.519343585530365e-01  2.705962998293884e-06 
 7.766891187444334e-06  2.562889649937494e-01  2.562879281774954e-01  2.535789179083817e-01  2.722423500719367e-06 
 7.816891187444334e-06  2.579388518551564e-01  2.579378088694163e-01  2.552233677085355e-01  2.738884455948329e-06 
 7.866891187444333e-06  2.595887387147244e-01  2.595876895603714e-01  2.568677057567232e-01  2.755345875943404e-06 
 7.916891187444333e-06  2.612386255724253e-01  2.612375702503630e-01  2.585119298137947e-01  2.771807765561795e-06 
 7.966891187444333e-06  2.628885124282721e-01  2.628874509393883e-01  2.601560375997040e-01  2.788270120112792e-06 
 8.016891187444332e-06  2.645383992821435e-01  2.645373316273861e-01  2.618000267900175e-01  2.804732975734131e-06 
 8.066891187444332e-06  2.661882861340562e-01  2.661872123143568e-01  2.634438950146801e-01  2.821196326347326e-06 
 8.116891187444331e-06  2.678381729840345e-01  2.678370930003347e-01  2.650876398596543e-01  2.837660160433786e-06 
 8.166891187444331e-06  2.694880598320059e-01  2.694869736852610e-01  2.667312588627913e-01  2.854124501391445e-06 
 8.216891187444330e-06  2.711379466779040e-01  2.711368543691132e-01  2.683747495162540e-01  2.870589365956891e-06 
 8.266891187444330e-06  2.727878335218455e-01  2.727867350519552e-01  2.700181092640764e-01  2.887054716271497e-06 
 8.316891187444329e-06  2.744377203635771e-01  2.744366157336411e-01  2.716613355019511e-01  2.903520631216587e-06 
 8.366891187444329e-06  2.760876072032211e-01  2.760864964142402e-01  2.733044255784318e-01  2.919987069713888e-06 
 8.416891187444328e-06  2.777374940404991e-01  2.777363770935903e-01  2.749473767920577e-01  2.936454118721597e-06 
 8.466891187444328e-06  2.793873808758290e-01  2.793862577719539e-01  2.765901863864269e-01  2.952921640683056e-06 
 8.516891187444327e-06  2.810372677090327e-01  2.810361384492354e-01  2.782328515559648e-01  2.969389689499571e-06 
 8.566891187444327e-06  2.826871545396527e-01  2.826860191251238e-01  2.798753694410887e-01  2.985858414079782e-06 
 8.616891187444326e-06  2.843370413679661e-01  2.843358997998202e-01  2.815177371300144e-01  3.002327720165732e-06 
 8.666891187444326e-06  2.859869281940600e-01  2.859857804733733e-01  2.831599516553642e-01  3.018797576837684e-06 
 8.716891187444325e-06  2.876368150176862e-01  2.876356611456392e-01  2.848020099952563e-01  3.035268061866740e-06 
 8.766891187444325e-06  2.892867018389038e-01  2.892855418166494e-01  2.864439090718787e-01  3.051739153575767e-06 
 8.816891187444324e-06  2.909365886576893e-01  2.909354224864059e-01  2.880856457490252e-01  3.068210856377880e-06 
 8.866891187444324e-06  2.925864754739055e-01  2.925853031548122e-01  2.897272168333752e-01  3.084683212544798e-06 
 8.916891187444323e-06  2.942363622877254e-01  2.942351838220000e-01  2.913686190718383e-01  3.101156162124449e-06 
 8.966891187444323e-06  2.958862490988798e-01  2.958850644877852e-01  2.930098491514407e-01  3.117629790603983e-06 
 9.016891187444322e-06  2.975361359073105e-01  2.975349451521509e-01  2.946509036996720e-01  3.134104112416275e-06 
 9.066891187444322e-06  2.991860227130588e-01  2.991848258151140e-01  2.962917792805652e-01  3.150579113017376e-06 
 9.116891187444322e-06  3.008359095161410e-01  3.008347064767074e-01  2.979324723947504e-01  3.167054781693611e-06 
 9.166891187444321e-06  3.024857963163048e-01  3.024845871367582e-01  2.995729794785056e-01  3.183531198936124e-06 
 9.216891187444321e-06  3.041356831137318e-01  3.041344677954046e-01  3.012132969065690e-01  3.200008300407463e-06 
 9.266891187444320e-06  3.057855699084519e-01  3.057843484526607e-01  3.028534209863907e-01  3.216486074117192e-06 
 9.316891187444320e-06  3.074354567000566e-01  3.074342291082778e-01  3.044933479569588e-01  3.232964649406273e-06 
 9.366891187444319e-06  3.090853434887404e-01  3.090841097623780e-01  3.061330739904984e-01  3.249443959328227e-06 
 9.416891187444319e-06  3.107352302743775e-01  3.107339904149001e-01  3.077725951903078e-01  3.265924040020789e-06 
 9.466891187444318e-06  3.123851170569739e-01  3.123838710658413e-01  3.094119075905694e-01  3.282404887098550e-06 
 9.516891187444318e-06  3.140350038366185e-01  3.140337517152805e-01  3.110510071545414e-01  3.298886466200084e-06 
 9.566891187444317e-06  3.156848906128447e-01  3.156836323629067e-01  3.126898897720879e-01  3.315368927316495e-06 
 9.616891187444317e-06  3.173347773859164e-01  3.173335130089151e-01  3.143285512607036e-01  3.331852178077198e-06 
 9.666891187444316e-06  3.189846641556167e-01  3.189833936531567e-01  3.159669873631756e-01  3.348336287427020e-06 
 9.716891187444316e-06  3.206345509219252e-01  3.206332742956415e-01  3.176051937500252e-01  3.364821255310421e-06 
 9.766891187444315e-06  3.222844376850494e-01  3.222831549364994e-01  3.192431660117230e-01  3.381307011228213e-06 
 9.816891187444315e-06  3.239343244446427e-01  3.239330355755280e-01  3.208808996624692e-01  3.397793661706271e-06 
 9.866891187444314e-06  3.255842112005392e-01  3.255829162126092e-01  3.225183901397360e-01  3.414281260090785e-06 
 9.916891187444314e-06  3.272340979529841e-01  3.272327968479322e-01  3.241556328010218e-01  3.430769716786725e-06 
 9.966891187444313e-06  3.288839847016558e-01  3.288826774812779e-01  3.257926229217212e-01  3.447259136099525e-06 
 1.001689118744431e-05  3.305338714465453e-01  3.305325581126659e-01  3.274293556986130e-01  3.463749512977641e-06 
 1.006689118744431e-05  3.321837581877704e-01  3.321824387421676e-01  3.290658262439227e-01  3.480240806509331e-06 
 1.011689118744431e-05  3.338336449250912e-01  3.338323193696537e-01  3.307020295855272e-01  3.496733086305548e-06 
 1.016689118744431e-05  3.354835316583213e-01  3.354821999949935e-01  3.323379606670969e-01  3.513226412318316e-06 
 1.021689118744431e-05  3.371334183875404e-01  3.371320806182674e-01  3.339736143462301e-01  3.529720749353533e-06 
 1.026689118744431e-05  3.387833051129563e-01  3.387819612396079e-01  3.356089853939531e-01  3.546216025357703e-06 
 1.031689118744431e-05  3.404331918340133e-01  3.404318418586766e-01  3.372440684936533e-01  3.562712415024395e-06 
 1.036689118744431e-05  3.420830785508593e-01  3.420817224755661e-01  3.388788582388932e-01  3.579209866506169e-06 
 1.041689118744431e-05  3.437329652633716e-01  3.437316030902223e-01  3.405133491333217e-01  3.595708412110487e-06 
 1.046689118744431e-05  3.453828519714626e-01  3.453814837025873e-01  3.421475355874110e-01  3.612208074707923e-06 
 1.051689118744431e-05  3.470327386751519e-01  3.470313643126995e-01  3.437814119224066e-01  3.628708840809240e-06 
 1.056689118744431e-05  3.486826253742025e-01  3.486812449204007e-01  3.454149723617964e-01  3.645210783911182e-06 
 1.061689118744431e-05  3.503325120685945e-01  3.503311255257076e-01  3.470482110363090e-01  3.661713900627543e-06 
 1.066689118744431e-05  3.519823987584343e-01  3.519810061286887e-01  3.486811219838190e-01  3.678218151267829e-06 
 1.071689118744431e-05  3.536322854431103e-01  3.536308867289691e-01  3.503136991441943e-01  3.694723728677756e-06 
 1.076689118744431e-05  3.552821721231130e-01  3.552807673268712e-01  3.519459363577202e-01  3.711230465768735e-06 
 1.081689118744431e-05  3.569320587978642e-01  3.569306479220451e-01  3.535778273655593e-01  3.727738543174034e-06 
 1.086689118744430e-05  3.585819454677225e-01  3.585805285147253e-01  3.552093658110831e-01  3.744247837436830e-06 
 1.091689118744430e-05  3.602318321320651e-01  3.602304091045344e-01  3.568405452382953e-01  3.760758543623291e-06 
 1.096689118744430e-05  3.618817187910646e-01  3.618802896915843e-01  3.584713590843318e-01  3.777270598894769e-06 
 1.101689118744430e-05  3.635316054449113e-01  3.635301702760351e-01  3.601018006882157e-01  3.793783929754483e-06 
 1.106689118744430e-05  3.651814920931958e-01  3.651800508576142e-01  3.617318632828837e-01  3.810298665987487e-06 
 1.111689118744430e-05  3.668313787359480e-01  3.668299314363786e-01  3.633615399992508e-01  3.826814785222766e-06 
 1.116689118744430e-05  3.684812653726323e-01  3.684798120119718e-01  3.649908238592204e-01  3.843332459711410e-06 
 1.121689118744430e-05  3.701311520038241e-01  3.701296925848108e-01  3.666197077780426e-01  3.859851486615648e-06 
 1.126689118744430e-05  3.717810386288514e-01  3.717795731544550e-01  3.682481845667372e-01  3.876372080319537e-06 
 1.131689118744430e-05  3.734309252476672e-01  3.734294537209067e-01  3.698762469267484e-01  3.892894245597019e-06 
 1.136689118744430e-05  3.750808118606002e-01  3.750793342843866e-01  3.715038874479243e-01  3.909417866374257e-06 
 1.141689118744430e-05  3.767306984669576e-01  3.767292148444742e-01  3.731310986118535e-01  3.925943158256559e-06 
 1.146689118744430e-05  3.783805850667314e-01  3.783790954011683e-01  3.747578727901843e-01  3.942470116691991e-06 
 1.151689118744430e-05  3.800304716601214e-01  3.800289759546388e-01  3.763842022431165e-01  3.958998661855506e-06 
 1.156689118744430e-05  3.816803582469702e-01  3.816788565047860e-01  3.780100791175713e-01  3.975528838322545e-06 
 1.161689118744430e-05  3.833302448264002e-01  3.833287370510690e-01  3.796354954477069e-01  3.992060922538637e-06 
 1.166689118744430e-05  3.849801313993547e-01  3.849786175941176e-01  3.812604431533958e-01  4.008594593094204e-06 
 1.171689118744430e-05  3.866300179652127e-01  3.866284981335625e-01  3.828849140413909e-01  4.025130041669240e-06 
 1.176689118744430e-05  3.882799045234532e-01  3.882783786690641e-01  3.845088998016277e-01  4.041667431522037e-06 
 1.181689118744430e-05  3.899297910744059e-01  3.899282592008833e-01  3.861323920101964e-01  4.058206638418632e-06 
 1.186689118744430e-05  3.915796776178317e-01  3.915781397288718e-01  3.877553821278373e-01  4.074747730748759e-06 
 1.191689118744429e-05  3.932295641534963e-01  3.932280202529153e-01  3.893778614985867e-01  4.091290772239212e-06 
 1.196689118744429e-05  3.948794506814831e-01  3.948779007730792e-01  3.909998213479056e-01  4.107835723754627e-06 
 1.201689118744429e-05  3.965293372011416e-01  3.965277812889780e-01  3.926212527866274e-01  4.124382784968615e-06 
 1.206689118744429e-05  3.981792237127719e-01  3.981776618008217e-01  3.942421468060857e-01  4.140931844414781e-06 
 1.211689118744429e-05  3.998291102159764e-01  3.998275423083915e-01  3.958624942797631e-01  4.157483018722055e-06 
 1.216689118744429e-05  4.014789967106498e-01  4.014774228116310e-01  3.974822859645107e-01  4.174036329484275e-06 
 1.221689118744429e-05  4.031288831968649e-01  4.031273033106362e-01  3.991015125002054e-01  4.190591735956259e-06 
 1.226689118744429e-05  4.047787696742070e-01  4.047771838051445e-01  4.007201644044801e-01  4.207149363093614e-06 
 1.231689118744429e-05  4.064286561420638e-01  4.064270642948030e-01  4.023382320809761e-01  4.223709394582740e-06 
 1.236689118744429e-05  4.080785426009089e-01  4.080769447799377e-01  4.039557058139347e-01  4.240271661114636e-06 
 1.241689118744429e-05  4.097284290504070e-01  4.097268252603778e-01  4.055725757702561e-01  4.256836255170884e-06 
 1.246689118744429e-05  4.113783154899325e-01  4.113767057357278e-01  4.071888319963100e-01  4.273403368709055e-06 
 1.251689118744429e-05  4.130282019200763e-01  4.130265862064272e-01  4.088044644248899e-01  4.289972788843893e-06 
 1.256689118744429e-05  4.146780883400297e-01  4.146764666719651e-01  4.104194628719680e-01  4.306544765708657e-06 
 1.261689118744429e-05  4.163279747496155e-01  4.163263471322748e-01  4.120338170350561e-01  4.323119339104854e-06 
 1.266689118744429e-05  4.179778611489927e-01  4.179762275874817e-01  4.136475164955946e-01  4.339696441197871e-06 
 1.271689118744429e-05  4.196277475376117e-01  4.196261080372787e-01  4.152605507217048e-01  4.356276232414949e-06 
 1.276689118744429e-05  4.212776339152844e-01  4.212759884815659e-01  4.168729090651592e-01  4.372858757276049e-06 
 1.281689118744429e-05  4.229275202817426e-01  4.229258689202202e-01  4.184845807664828e-01  4.389444084726037e-06 
 1.286689118744429e-05  4.245774066369670e-01  4.245757493532550e-01  4.200955549537725e-01  4.406032202330430e-06 
 1.291689118744429e-05  4.262272929809777e-01  4.262256297807417e-01  4.217058206427449e-01  4.422623082222656e-06 
 1.296689118744428e-05  4.278771793128248e-01  4.278755102020788e-01  4.233153667390780e-01  4.439217019500014e-06 
 1.301689118744428e-05  4.295270656327042e-01  4.295253906174580e-01  4.249241820421457e-01  4.455813925622237e-06 
 1.306689118744428e-05  4.311769519404249e-01  4.311752710267813e-01  4.265322552438494e-01  4.472413844831738e-06 
 1.311689118744428e-05  4.328268382353134e-01  4.328251514296658e-01  4.281395749310744e-01  4.489016975913978e-06 
 1.316689118744428e-05  4.344767245179049e-01  4.344750318264967e-01  4.297461295854273e-01  4.505623121138255e-06 
 1.321689118744428e-05  4.361266107871687e-01  4.361249122166570e-01  4.313519075899651e-01  4.522232597029186e-06 
 1.326689118744428e-05  4.377764970432052e-01  4.377747926002483e-01  4.329568972264425e-01  4.538845347465024e-06 
 1.331689118744428e-05  4.394263832852330e-01  4.394246729768185e-01  4.345610866828747e-01  4.555461606924901e-06 
 1.336689118744428e-05  4.410762695138640e-01  4.410745533468054e-01  4.361644640534608e-01  4.572081150699708e-06 
 1.341689118744428e-05  4.427261557282080e-01  4.427244337096962e-01  4.377670173403332e-01  4.588704244576866e-06 
 1.346689118744428e-05  4.443760419281092e-01  4.443743140654191e-01  4.393687344565901e-01  4.605330918088346e-06 
 1.351689118744428e-05  4.460259281134238e-01  4.460241944139549e-01  4.409696032344300e-01  4.621961190885125e-06 
 1.356689118744428e-05  4.476758142836637e-01  4.476740747550162e-01  4.425696114208973e-01  4.638595200024273e-06 
 1.361689118744428e-05  4.493257004388207e-01  4.493239550886742e-01  4.441687466873863e-01  4.655232920081718e-06 
 1.366689118744428e-05  4.509755865782505e-01  4.509738354145433e-01  4.457669966301249e-01  4.671874538241102e-06 
 1.371689118744428e-05  4.526254727016388e-01  4.526237157324919e-01  4.473643487799002e-01  4.688520129553535e-06 
 1.376689118744428e-05  4.542753588083610e-01  4.542735960421482e-01  4.489607906026026e-01  4.705169874929903e-06 
 1.381689118744428e-05  4.559252448992132e-01  4.559234763441178e-01  4.505563095035062e-01  4.721823480383186e-06 
 1.386689118744428e-05  4.575751309729310e-01  4.575733566376120e-01  4.521508928340224e-01  4.738481336378863e-06 
 1.391689118744428e-05  4.592250170294508e-01  4.592232369226644e-01  4.537445278971999e-01  4.755143434423773e-06 
 1.396689118744428e-05  4.608749030686028e-01  4.608731171992136e-01  4.553372019535187e-01  4.771809801440863e-06 
 1.401689118744427e-05  4.625247890896130e-01  4.625229974668251e-01  4.569289022290241e-01  4.788480663527099e-06 
 1.406689118744427e-05  4.641746750925901e-01  4.641728777256230e-01  4.585196159192814e-01  4.805155954679766e-06 
 1.411689118744427e-05  4.658245610770524e-01  4.658227579753675e-01  4.601093301986486e-01  4.821835803851314e-06 
 1.416689118744427e-05  4.674744470428442e-01  4.674726382160077e-01  4.616980322261036e-01  4.838520232358068e-06 
 1.421689118744427e-05  4.691243329891468e-01  4.691225184470848e-01  4.632857091581947e-01  4.855209479286607e-06 
 1.426689118744427e-05  4.707742189160155e-01  4.707723986686858e-01  4.648723481521261e-01  4.871903496730853e-06 
 1.431689118744427e-05  4.724241048229139e-01  4.724222788805414e-01  4.664579363799247e-01  4.888602428908827e-06 
 1.436689118744427e-05  4.740739907099329e-01  4.740721590827622e-01  4.680424610360918e-01  4.905306216312616e-06 
 1.441689118744427e-05  4.757238765762418e-01  4.757220392748809e-01  4.696259093497894e-01  4.922015102691744e-06 
 1.446689118744427e-05  4.773737624213482e-01  4.773719194566218e-01  4.712082685927551e-01  4.938729221328527e-06 
 1.451689118744427e-05  4.790236482452403e-01  4.790217996280627e-01  4.727895260963528e-01  4.955448542968642e-06 
 1.456689118744427e-05  4.806735340477783e-01  4.806716797891592e-01  4.743696692628526e-01  4.972173085597750e-06 
 1.461689118744427e-05  4.823234198287133e-01  4.823215599398275e-01  4.759486855812556e-01  4.988902900674741e-06 
 1.466689118744427e-05  4.839733055870604e-01  4.839714400794666e-01  4.775265626395250e-01  5.005638284740235e-06 
 1.471689118744427e-05  4.856231913228741e-01  4.856213202081853e-01  4.791032881432249e-01  5.022379192330650e-06 
 1.476689118744427e-05  4.872730770359929e-01  4.872712003259264e-01  4.806788499325780e-01  5.039125647704408e-06 
 1.481689118744427e-05  4.889229627255669e-01  4.889210804321996e-01  4.822532360030629e-01  5.055877905324682e-06 
 1.486689118744427e-05  4.905728483918477e-01  4.905709605272098e-01  4.838264345244763e-01  5.072635857277846e-06 
 1.491689118744427e-05  4.922227340346211e-01  4.922208406108833e-01  4.853984338664995e-01  5.089399549749228e-06 
 1.496689118744427e-05  4.938726196528839e-01  4.938707206825925e-01  4.869692226190787e-01  5.106169291269856e-06 
 1.501689118744427e-05  4.955225052473801e-01  4.955206007428848e-01  4.885387896231788e-01  5.122944815108703e-06 
 1.506689118744426e-05  4.971723908174852e-01  4.971704807913722e-01  4.901071239995448e-01  5.139726310336803e-06 
 1.511689118744426e-05  4.988222763627740e-01  4.988203608278240e-01  4.916742151849118e-01  5.156513899189760e-06 
 1.516689118744426e-05  5.004721618835305e-01  5.004702408524342e-01  4.932400529670048e-01  5.173307477473200e-06 
 1.521689118744426e-05  5.021220473794122e-01  5.021201208650159e-01  4.948046275290498e-01  5.190107144441107e-06 
 1.526689118744426e-05  5.037719328499107e-01  5.037700008652219e-01  4.963679294967838e-01  5.206913065350232e-06 
 1.531689118744427e-05  5.054218182956028e-01  5.054198808534464e-01  4.979299499980111e-01  5.223725046411202e-06 
 1.536689118744427e-05  5.070717037162079e-01  5.070697608294793e-01  4.994906807274780e-01  5.240543183047734e-06 
 1.541689118744427e-05  5.087215891119979e-01  5.087196407934824e-01  5.010501140286214e-01  5.257367394380128e-06 
 1.546689118744427e-05  5.103714744823895e-01  5.103695207450061e-01  5.026082429843560e-01  5.274197892572060e-06 
 1.551689118744427e-05  5.120213598286523e-01  5.120194006848335e-01  5.041650615398420e-01  5.291034281107427e-06 
 1.556689118744427e-05  5.136712451505288e-01  5.136692806126824e-01  5.057205646499373e-01  5.307876684053698e-06 
 1.561689118744427e-05  5.153211304480760e-01  5.153191605284716e-01  5.072747484693780e-01  5.324725130776331e-06 
 1.566689118744427e-05  5.169710157226872e-01  5.169690404329268e-01  5.088276105992309e-01  5.341579232031175e-06 
 1.571689118744428e-05  5.186209009749424e-01  5.186189203262064e-01  5.103791504212245e-01  5.358438886843500e-06 
 1.576689118744428e-05  5.202707862057051e-01  5.202688002085518e-01  5.119293695522693e-01  5.375303933564877e-06 
 1.581689118744428e-05  5.219206714167371e-01  5.219186800807116e-01  5.134782724857553e-01  5.392173956083772e-06 
 1.586689118744428e-05  5.235705566100629e-01  5.235685599434236e-01  5.150258675079906e-01  5.409048517194396e-06 
 1.591689118744428e-05  5.252204417890214e-01  5.252184397981020e-01  5.165721680536729e-01  5.425926829249072e-06 
 1.596689118744428e-05  5.268703269575865e-01  5.268683196462033e-01  5.181171947460288e-01  5.442808040262688e-06 
 1.601689118744428e-05  5.285202121219715e-01  5.285181994901702e-01  5.196609785609585e-01  5.459690764232857e-06 
 1.606689118744428e-05  5.301700972925245e-01  5.301680793343344e-01  5.212035658193278e-01  5.476572584426116e-06 
 1.611689118744428e-05  5.318199824831823e-01  5.318179591841028e-01  5.227450262197008e-01  5.493450436737931e-06 
 1.616689118744429e-05  5.334698677173693e-01  5.334678390489834e-01  5.242854658603044e-01  5.510319003810599e-06 
 1.620787896442972e-05  5.348223703365865e-01  5.348203372301723e-01  5.255475955840533e-01  5.524134177362023e-06 
 1.624063556131131e-05  5.359032629521224e-01  5.359012262629611e-01  5.265559311301098e-01  5.535162081245246e-06 
 1.626818372618207e-05  5.368122893069839e-01  5.368102495699569e-01  5.274037802073669e-01  5.544423652258675e-06 
 1.629226348097777e-05  5.376068661287383e-01  5.376048236935952e-01  5.281448229085509e-01  5.552506385170399e-06 
 1.631383615404122e-05  5.383187150439183e-01  5.383166701584300e-01  5.288087139228603e-01  5.559735164658386e-06 
 1.633351999058399e-05  5.389682367246941e-01  5.389661895707727e-01  5.294145219778748e-01  5.566318710505293e-06 
 1.635343553783040e-05  5.396254043924185e-01  5.396233549062766e-01  5.300275512469760e-01  5.572965543844502e-06 
 1.637167236224225e-05  5.402271780940989e-01  5.402251264357237e-01  5.305890276638141e-01  5.579038273727796e-06 
 1.638902082363919e-05  5.407996378994826e-01  5.407975841384060e-01  5.311232994009585e-01  5.584801213248019e-06 
 1.640525701435711e-05  5.413353953576107e-01  5.413333395944188e-01  5.316234802183385e-01  5.590181593125697e-06 
 1.642087804713818e-05  5.418508540555146e-01  5.418487963330346e-01  5.321048893662271e-01  5.595345360876071e-06 
 1.643597063024553e-05  5.423488751644144e-01  5.423468155175314e-01  5.325702063988484e-01  5.600322358444621e-06 
 1.645080613194027e-05  5.428384132198747e-01  5.428363516510095e-01  5.330278068052389e-01  5.605202766813126e-06 
 1.646551219610189e-05  5.433236801783116e-01  5.433216166753011e-01  5.334816408083565e-01  5.610029369565779e-06 
 1.648028672406063e-05  5.438112063344874e-01  5.438091408608025e-01  5.339378329047606e-01  5.614867815466300e-06 
 1.649529857072964e-05  5.443065635196651e-01  5.443044960170889e-01  5.344016202372620e-01  5.619773388745605e-06 
 1.651077847893843e-05  5.448173657246657e-01  5.448152961056180e-01  5.348801630761493e-01  5.624822510349087e-06 
 1.652701144494998e-05  5.453530171856190e-01  5.453509453243593e-01  5.353823153683671e-01  5.630108048574950e-06 
 1.654443016253239e-05  5.459277958224124e-01  5.459257215355219e-01  5.359215244450189e-01  5.635771833699920e-06 
 1.656375777204255e-05  5.465655636419647e-01  5.465634866480552e-01  5.365202707628873e-01  5.642049776698389e-06 
 1.658650230202558e-05  5.473160821983369e-01  5.473140020110434e-01  5.372254347694118e-01  5.649433901139323e-06 
 1.661732912447871e-05  5.483332982884696e-01  5.483312137860895e-01  5.381820323122553e-01  5.659445770933956e-06 
 1.664424238579606e-05  5.492213755681586e-01  5.492192873353836e-01  5.390178380395896e-01  5.668199616579640e-06 
 1.666628121573277e-05  5.499486074774038e-01  5.499465162288645e-01  5.397025859648292e-01  5.675382332413026e-06 
 1.668552484446654e-05  5.505836039650106e-01  5.505815101178443e-01  5.403006299361256e-01  5.681666907817425e-06 
 1.670514229851266e-05  5.512309357866432e-01  5.512288393267660e-01  5.409103471461032e-01  5.688087336680305e-06 
 1.672320269026553e-05  5.518268880007938e-01  5.518247891696113e-01  5.414716561802373e-01  5.694011027597101e-06 
 1.674101930401175e-05  5.524147960365039e-01  5.524126948980458e-01  5.420253178856876e-01  5.699866916008331e-06 
 1.675831190871468e-05  5.529854129053356e-01  5.529833095578296e-01  5.425625803192419e-01  5.705562222159035e-06 
 1.677573618660819e-05  5.535603746431927e-01  5.535582690986898e-01  5.431037748983858e-01  5.711311893114443e-06 
 1.679327048539763e-05  5.541389667735056e-01  5.541368590464842e-01  5.436481862778140e-01  5.717108810613859e-06 
 1.681121469612288e-05  5.547310850219517e-01  5.547289750889386e-01  5.442050797240324e-01  5.723051957802157e-06 
 1.682962433460574e-05  5.553385612836872e-01  5.553364491148004e-01  5.447761258770165e-01  5.729160009388299e-06 
 1.684869864061653e-05  5.559679700190205e-01  5.559658555599851e-01  5.453674458626295e-01  5.735498963455483e-06 
 1.686855859366406e-05  5.566233032753273e-01  5.566211864580478e-01  5.459827210314381e-01  5.742109355313013e-06 
 1.688940185951333e-05  5.573110835714005e-01  5.573089643049487e-01  5.466279940263438e-01  5.749057458800257e-06 
 1.691141821006069e-05  5.580375729459065e-01  5.580354511179818e-01  5.473090424997336e-01  5.756406888290930e-06 
 1.693486086601461e-05  5.588111271036245e-01  5.588090025731184e-01  5.480335816158624e-01  5.764242477627693e-06 
 1.696002401547588e-05  5.596414535763353e-01  5.596393261701617e-01  5.488105585653038e-01  5.772663727037775e-06 
 1.698729046083030e-05  5.605411839666259e-01  5.605390534689768e-01  5.496516117321479e-01  5.781799210841874e-06 
 1.701714906357696e-05  5.615264495831520e-01  5.615243157246513e-01  5.505715887005401e-01  5.791813619767456e-06 
 1.705025724304486e-05  5.626189437561367e-01  5.626168061953810e-01  5.515904430752018e-01  5.802928591254188e-06 
 1.708751764585175e-05  5.638484517518406e-01  5.638463100496217e-01  5.527355471153990e-01  5.815448976960224e-06 
 1.713022431922795e-05  5.652576741604887e-01  5.652555277365318e-01  5.540461076546357e-01  5.829811095043141e-06 
 1.718022431922795e-05  5.669075595886952e-01  5.669054076640173e-01  5.555779977567198e-01  5.846639555125397e-06 
 1.723022431922795e-05  5.685574449709748e-01  5.685552875680067e-01  5.571073528135658e-01  5.863479448921498e-06 
 1.728022431922795e-05  5.702073303136376e-01  5.702051674509993e-01  5.586343246398575e-01  5.880329423987805e-06 
 1.733022431922796e-05  5.718572156230888e-01  5.718550473160638e-01  5.601590546646095e-01  5.897187877828397e-06 
 1.738022431922796e-05  5.735071009015636e-01  5.735049271641527e-01  5.616816708037373e-01  5.914054331493072e-06 
 1.743022431922796e-05  5.751569861520790e-01  5.751548069968042e-01  5.632022867329753e-01  5.930928002274600e-06 
 1.748022431922796e-05  5.768068713751150e-01  5.768046868142435e-01  5.647210023940379e-01  5.947808802853946e-06 
 1.753022431922796e-05  5.784567565729217e-01  5.784545666177451e-01  5.662379051992268e-01  5.964696094408783e-06 
 1.758022431922796e-05  5.801066417447645e-01  5.801044464068760e-01  5.677530714180155e-01  5.981590123852730e-06 
 1.763022431922796e-05  5.817565268921101e-01  5.817543261824752e-01  5.692665676458123e-01  5.998490468412858e-06 
 1.768022431922796e-05  5.834064120145903e-01  5.834042059443973e-01  5.707784521254382e-01  6.015397228730906e-06 
 1.773022431922797e-05  5.850562971127200e-01  5.850540856928811e-01  5.722887759885477e-01  6.032310276853670e-06 
 1.778022431922797e-05  5.867061821867497e-01  5.867039654282055e-01  5.737975842899343e-01  6.049229498206146e-06 
 1.783022431922797e-05  5.883560672365707e-01  5.883538451502111e-01  5.753049169536532e-01  6.066154959568269e-06 
 1.788022431922797e-05  5.900059522623164e-01  5.900037248591098e-01  5.768108095328851e-01  6.083086575785929e-06 
 1.793022431922797e-05  5.916558372641764e-01  5.916536045549441e-01  5.783152939087590e-01  6.100024311109967e-06 
 1.798022431922797e-05  5.933057222411018e-01  5.933034842371568e-01  5.798183988370891e-01  6.116968462191984e-06 
 1.803022431922797e-05  5.949556071942260e-01  5.949533639064227e-01  5.813201504629085e-01  6.133918673649596e-06 
 1.808022431922797e-05  5.966054921224812e-01  5.966032435621780e-01  5.828205727101001e-01  6.150875244354860e-06 
 1.813022431922797e-05  5.982553770263465e-01  5.982531232046742e-01  5.843196876622958e-01  6.167838028202424e-06 
 1.818022431922798e-05  5.999052619049495e-01  5.999030028334893e-01  5.858175158403583e-01  6.184807252899046e-06 
 1.823022431922798e-05  6.015551467582811e-01  6.015528824485595e-01  5.873140764857980e-01  6.201782927992656e-06 
 1.828022431922798e-05  6.032050315857305e-01  6.032027620496455e-01  5.888093877581743e-01  6.218765189152513e-06 
 1.833022431922798e-05  6.048549163874886e-01  6.048526416368251e-01  5.903034669483272e-01  6.235753973873070e-06 
 1.838022431922798e-05  6.065048011627382e-01  6.065025212097394e-01  5.917963306166184e-01  6.252749477553592e-06 
 1.843022431922798e-05  6.081546859113913e-01  6.081524007682946e-01  5.932879947557124e-01  6.269751722509562e-06 
 1.848022431922798e-05  6.098045706326364e-01  6.098022803121492e-01  5.947784748860773e-01  6.286760895813572e-06 
 1.853022431922798e-05  6.114544553263559e-01  6.114521598412060e-01  5.962677861811781e-01  6.303777021002355e-06 
 1.858022431922799e-05  6.131043399911815e-01  6.131020393547723e-01  5.977559435328180e-01  6.320800460674758e-06 
 1.863022431922799e-05  6.147542246270536e-01  6.147519188528111e-01  5.992429616481381e-01  6.337831208280474e-06 
 1.868022431922799e-05  6.164041092330437e-01  6.164017983349437e-01  6.007288550921932e-01  6.354869470320989e-06 
 1.873022431922799e-05  6.180539938091232e-01  6.180516778011736e-01  6.022136383650436e-01  6.371915220039930e-06 
 1.878022431922799e-05  6.197038783532148e-01  6.197015572503951e-01  6.036973259272809e-01  6.388969029202163e-06 
 1.883022431922799e-05  6.213537628657078e-01  6.213514366829170e-01  6.051799322615050e-01  6.406030718506676e-06 
 1.888022431922799e-05  6.230036473443800e-01  6.230013160975698e-01  6.066614718860389e-01  6.423100893691146e-06 
 1.893022431922799e-05  6.246535317890672e-01  6.246511954943401e-01  6.081419594049168e-01  6.440179537214067e-06 
 1.898022431922800e-05  6.263034161982011e-01  6.263010748725328e-01  6.096214095125836e-01  6.457267021222185e-06 
 1.903022431922800e-05  6.279533005707161e-01  6.279509542315874e-01  6.110998370344236e-01  6.474363603398274e-06 
 1.908022431922800e-05  6.296031849051705e-01  6.296008335709530e-01  6.125772569251925e-01  6.491469586278111e-06 
 1.913022431922800e-05  6.312530692001533e-01  6.312507128899024e-01  6.140536843027207e-01  6.508585314585946e-06 
 1.918022431922800e-05  6.329029534530692e-01  6.329005921871947e-01  6.155291344413910e-01  6.525711440799852e-06 
 1.923022431922800e-05  6.345528376635725e-01  6.345504714628949e-01  6.170036228008302e-01  6.542847917735349e-06 
 1.928022431922800e-05  6.362027218275533e-01  6.362003507148524e-01  6.184771650149251e-01  6.559995859723293e-06 
 1.933022431922800e-05  6.378526059440215e-01  6.378502299428194e-01  6.199497769168115e-01  6.577155381560744e-06 
 1.938022431922801e-05  6.395024900099995e-01  6.395001091455206e-01  6.214214745257717e-01  6.594327168255305e-06 
 1.943022431922801e-05  6.411523740222163e-01  6.411499883213433e-01  6.228922740679230e-01  6.611512026939118e-06 
 1.948022431922801e-05  6.428022579776576e-01  6.427998674691632e-01  6.243621919615279e-01  6.628710578337876e-06 
 1.953022431922801e-05  6.444521418728298e-01  6.444497465874073e-01  6.258312448349831e-01  6.645923623144427e-06 
 1.958022431922801e-05  6.461020257024814e-01  6.460996256737087e-01  6.272994495106585e-01  6.663152418686342e-06 
 1.963022431922801e-05  6.477519094630557e-01  6.477495047267091e-01  6.287668230207203e-01  6.680397675728404e-06 
 1.968022431922801e-05  6.494017931474391e-01  6.493993837431197e-01  6.302333825895512e-01  6.697661136543603e-06 
 1.973022431922801e-05  6.510516767504405e-01  6.510492627208686e-01  6.316991456484188e-01  6.714943891704017e-06 
 1.978022431922802e-05  6.527015602646286e-01  6.526991416568707e-01  6.331641298168452e-01  6.732247613427574e-06 
 1.983022431922802e-05  6.543514436821883e-01  6.543490205478212e-01  6.346283529153981e-01  6.749574043987261e-06 
 1.988022431922802e-05  6.560013269922758e-01  6.559988993889657e-01  6.360918329469751e-01  6.766925732233097e-06 
 1.993022431922802e-05  6.576512101852957e-01  6.576487781765071e-01  6.375545881075411e-01  6.784304717755805e-06 
 1.998022431922802e-05  6.593010932474869e-01  6.592986569045879e-01  6.390166367677693e-01  6.801714161027277e-06 
 2.003022431922802e-05  6.609509761640248e-01  6.609485355669236e-01  6.404779974830721e-01  6.819157416142293e-06 
 2.008022431922802e-05  6.626008589179774e-01  6.625984141567167e-01  6.419386889738118e-01  6.836638199128341e-06 
 2.013022431922802e-05  6.642507414883290e-01  6.642482926649783e-01  6.433987301344255e-01  6.854161319804647e-06 
 2.018022431922802e-05  6.659006238514962e-01  6.658981710821602e-01  6.448581400142577e-01  6.871731992333644e-06 
 2.023022431922803e-05  6.675505059793367e-01  6.675480493965518e-01  6.463169378255216e-01  6.889356533995389e-06 
 2.028022431922803e-05  6.692003878374816e-01  6.691979275938620e-01  6.477751429238037e-01  6.907042710022791e-06 
 2.033022431922803e-05  6.708502693873095e-01  6.708478056583327e-01  6.492327748149366e-01  6.924799075683475e-06 
 2.038022431922803e-05  6.725001505808946e-01  6.724976835701958e-01  6.506898531355413e-01  6.942636395921964e-06 
 2.043022431922803e-05  6.741500313620655e-01  6.741475613062989e-01  6.521463976591453e-01  6.960567239240075e-06 
 2.048022431922803e-05  6.757999116634248e-01  6.757974388391259e-01  6.536024282764967e-01  6.978606629286840e-06 
 2.053022431922803e-05  6.774497914043238e-01  6.774473161355812e-01  6.550579650008205e-01  6.996772573435672e-06 
 2.057940238073170e-05  6.790725485102700e-01  6.790700712093999e-01  6.564891121722666e-01  7.014784511685265e-06 
 2.062502382191662e-05  6.805779450787722e-01  6.805754662806741e-01  6.578163637288256e-01  7.031644261162300e-06 
 2.066875213445423e-05  6.820208723051461e-01  6.820183924816279e-01  6.590881985454361e-01  7.047962283524300e-06 
 2.070956382348658e-05  6.833675573777068e-01  6.833650770178944e-01  6.602749150661497e-01  7.063353901658729e-06 
 2.074875361261536e-05  6.846607229975112e-01  6.846582425651251e-01  6.614142186715368e-01  7.078303695217280e-06 
 2.078562902272221e-05  6.858775190876123e-01  6.858750390411978e-01  6.624860238443813e-01  7.092544448940732e-06 
 2.082109518808822e-05  6.870478128214873e-01  6.870453336226101e-01  6.635166787055521e-01  7.106423247155251e-06 
 2.085468125326658e-05  6.881560671726340e-01  6.881535892654191e-01  6.644925325933703e-01  7.119752855941031e-06 
 2.088703208381800e-05  6.892235610678857e-01  6.892210849151965e-01  6.654323507003860e-01  7.132786818677731e-06 
 2.091783081897090e-05  6.902398389302181e-01  6.902373649720536e-01  6.663269515700939e-01  7.145395012267442e-06 
 2.094754382123923e-05  6.912202895157180e-01  6.912178182194693e-01  6.671899021113056e-01  7.157765936872698e-06 
 2.097595669291789e-05  6.921578382767477e-01  6.921553700849310e-01  6.680149930239589e-01  7.169807935360506e-06 
 2.100341060233233e-05  6.930637428647756e-01  6.930612782517410e-01  6.688121470025837e-01  7.181663551884372e-06 
 2.102976606532697e-05  6.939334006919128e-01  6.939309401078521e-01  6.695773270144355e-01  7.193269874937688e-06 
 2.105527274324656e-05  6.947750499056893e-01  6.947725938335502e-01  6.703177930364139e-01  7.204734717976191e-06 
 2.107983806031000e-05  6.955856357736172e-01  6.955831846742536e-01  6.710308675159811e-01  7.216014194705709e-06 
 2.110364980362161e-05  6.963713547479381e-01  6.963689091146618e-01  6.717220102976278e-01  7.227192291262698e-06 
 2.112664865985447e-05  6.971302496698566e-01  6.971278099764733e-01  6.723895074597048e-01  7.238238858524672e-06 
 2.114897631526775e-05  6.978669957802002e-01  6.978645625317517e-01  6.730374779881714e-01  7.249219962466181e-06 
 2.117059609151928e-05  6.985803828159189e-01  6.985779564999126e-01  6.736648634147214e-01  7.260114396312967e-06 
 2.119161628522309e-05  6.992739842452478e-01  6.992715653786875e-01  6.742748117345346e-01  7.270974982571655e-06 
 2.121201563272636e-05  6.999470984449243e-01  6.999446875306505e-01  6.748667106371485e-01  7.281788090917556e-06 
 2.123187784043959e-05  7.006024874728861e-01  7.006000850404814e-01  6.754429931220945e-01  7.292595842792336e-06 
 2.125119224485079e-05  7.012397994806694e-01  7.012374060478163e-01  6.760033535338517e-01  7.303389335162414e-06 
 2.127002426128124e-05  7.018611929692501e-01  7.018588090781543e-01  6.765496930930117e-01  7.314203006872477e-06 
 2.128837022174733e-05  7.024665469205285e-01  7.024641731040241e-01  6.770819083799540e-01  7.325031758369984e-06 
 2.130628197529256e-05  7.030575721862471e-01  7.030552089992578e-01  6.776015062276762e-01  7.335903906092661e-06 
 2.132376054750443e-05  7.036343026221243e-01  7.036319506118247e-01  6.781085188034276e-01  7.346816560471331e-06 
 2.134084751807654e-05  7.041981102215469e-01  7.041957699546413e-01  6.786041544188488e-01  7.357793010211984e-06 
 2.135754697182503e-05  7.047491297832411e-01  7.047468018207066e-01  6.790885335249622e-01  7.368832533655764e-06 
 2.137389265748804e-05  7.052884749015091e-01  7.052861598218917e-01  6.795626368054666e-01  7.379954864927772e-06 
 2.138989058214535e-05  7.058163438036003e-01  7.058140421807386e-01  6.800266401018022e-01  7.391160238807894e-06 
 2.140556856236205e-05  7.063336543416667e-01  7.063313667644588e-01  6.804813516637510e-01  7.402464920323716e-06 
 2.142093375346151e-05  7.068406426290265e-01  7.068383696831420e-01  6.809269803417849e-01  7.413870429101295e-06 
 2.143600941069175e-05  7.073380760095691e-01  7.073358182936047e-01  6.813642018000321e-01  7.425390373084796e-06 
 2.145080332701042e-05  7.078262116356704e-01  7.078239697457367e-01  6.817932431441365e-01  7.437026812677676e-06 
 2.146533521138500e-05  7.083056998354599e-01  7.083034743789167e-01  6.822146769572984e-01  7.448791447805721e-06 
 2.147961325237177e-05  7.087768108156057e-01  7.087746023973865e-01  6.826287416252992e-01  7.460686218624808e-06 
 2.149365434542806e-05  7.092401020671900e-01  7.092379113021293e-01  6.830359279525122e-01  7.472721485808114e-06 
 2.150746682084804e-05  7.096958484734160e-01  7.096936759742111e-01  6.834364782783334e-01  7.484899336718424e-06 
 2.152106552152949e-05  7.101445397985616e-01  7.101423861863319e-01  6.838308237348817e-01  7.497228776120469e-06 
 2.153445879007256e-05  7.105864513323336e-01  7.105843172259666e-01  6.842192068907121e-01  7.509711726946455e-06 
 2.154765986666118e-05  7.110220199555363e-01  7.110199059810647e-01  6.846020122812393e-01  7.522356142918584e-06 
 2.156067714146719e-05  7.114515225275518e-01  7.114494293088527e-01  6.849794837503013e-01  7.535163964171629e-06 
 2.157352269143108e-05  7.118753575467733e-01  7.118732857138133e-01  6.853519720045723e-01  7.548142342962353e-06 
 2.158620497481183e-05  7.122938041183615e-01  7.122917542993136e-01  6.857197227772455e-01  7.561293530505218e-06 
 2.159873533684215e-05  7.127072365999297e-01  7.127052094274545e-01  6.860830654790490e-01  7.574623307601598e-06 
 2.161112243695513e-05  7.131159407329782e-01  7.131139368387099e-01  6.864422516076141e-01  7.588134589375324e-06 
 2.162337723895055e-05  7.135202782891904e-01  7.135182983089200e-01  6.867975994501764e-01  7.601832965005677e-06 
 2.163550889288183e-05  7.139205511986398e-01  7.139185957676935e-01  6.871493746753951e-01  7.615721625058512e-06 
 2.164752847166124e-05  7.143171248342099e-01  7.143151945919262e-01  6.874978986844333e-01  7.629805912578203e-06 
 2.165944595024644e-05  7.147103283422902e-01  7.147084239293270e-01  6.878434610215844e-01  7.644090234376042e-06 
 2.167127316615249e-05  7.151005523234739e-01  7.150986743858891e-01  6.881864052202621e-01  7.658580726084408e-06 
 2.168302157606689e-05  7.154881748139966e-01  7.154863240015682e-01  6.885270637567587e-01  7.673283040624644e-06 
 2.169470475066520e-05  7.158736435972131e-01  7.158718205690728e-01  6.888658303922639e-01  7.688205738576220e-06 
 2.170633684307070e-05  7.162574256777554e-01  7.162556311015896e-01  6.892031157679300e-01  7.703356912902559e-06 
 2.171793484028974e-05  7.166400815569414e-01  7.166383161171813e-01  6.895394126902026e-01  7.718749227673654e-06 
 2.172951785463202e-05  7.170222418602734e-01  7.170205062613877e-01  6.898752755894101e-01  7.734397275866066e-06 
 2.174110970525511e-05  7.174046925084966e-01  7.174029874867712e-01  6.902113953788364e-01  7.750321618110728e-06 
 2.175273952845369e-05  7.177883948539860e-01  7.177867211893764e-01  6.905486171582262e-01  7.766549518785042e-06 
 2.176444578791131e-05  7.181746179904920e-01  7.181729765303688e-01  6.908880565047062e-01  7.783120502658377e-06 
 2.177628044209447e-05  7.185650762517685e-01  7.185634679432544e-01  6.912312203276288e-01  7.800091193025507e-06 
 2.178831908180602e-05  7.189622636753801e-01  7.189606896273967e-01  6.915803008453884e-01  7.817550680939142e-06 
 2.180067893887806e-05  7.193700481711705e-01  7.193685097608745e-01  6.919386978218675e-01  7.835643279206458e-06 
 2.181356288606406e-05  7.197951232019225e-01  7.197936223032144e-01  6.923122945127732e-01  7.854631791913517e-06 
 2.182738119702598e-05  7.202510250157071e-01  7.202495645527243e-01  6.927129885623403e-01  7.875064431039256e-06 
 2.184325458284004e-05  7.207747292930443e-01  7.207733151660333e-01  6.931732794444966e-01  7.898480216764033e-06 
 2.185697454783946e-05  7.212273875949760e-01  7.212260129614498e-01  6.935711311778585e-01  7.918496975355154e-06 
 2.186679544453355e-05  7.215514062578602e-01  7.215500592887191e-01  6.938559208265301e-01  7.932590570989250e-06 
 2.187468524849139e-05  7.218117137817009e-01  7.218103884679617e-01  6.940847140666824e-01  7.943693920968435e-06 
 2.188189313545519e-05  7.220495238832700e-01  7.220482177677093e-01  6.942937343929741e-01  7.953614047446076e-06 
 2.188864666946545e-05  7.222723446200330e-01  7.222710558342694e-01  6.944895806055692e-01  7.962657884698637e-06 
 2.189494859063684e-05  7.224802663945384e-01  7.224789930773824e-01  6.946723319296529e-01  7.970830116030607e-06 
 2.190083798944833e-05  7.226745789349698e-01  7.226733193201957e-01  6.948431217388931e-01  7.978181204641833e-06 
 2.190636111709465e-05  7.228568081950549e-01  7.228555606470939e-01  6.950032910980168e-01  7.984778245714961e-06 
 2.191156002009881e-05  7.230283414277322e-01  7.230271044160007e-01  6.951540591754540e-01  7.990676750941366e-06 
 2.191646827053438e-05  7.231902862686486e-01  7.231890583574404e-01  6.952963994113380e-01  7.995925171074071e-06 
 2.192111662914258e-05  7.233436576142117e-01  7.233424374449926e-01  6.954312037431225e-01  8.000564513642954e-06 
 2.192553114849288e-05  7.234893150132627e-01  7.234881012999850e-01  6.955592275912070e-01  8.004631861980659e-06 
 2.192973567570748e-05  7.236280452622363e-01  7.236268367772222e-01  6.956811624364833e-01  8.008158205306813e-06 
 2.193375052803387e-05  7.237605186874310e-01  7.237593142583598e-01  6.957975974068262e-01  8.011172097332594e-06 
 2.193759425180311e-05  7.238873471949626e-01  7.238861456942236e-01  6.959090702865045e-01  8.013697536885599e-06 
 2.194128286171280e-05  7.240090591601833e-01  7.240078595024493e-01  6.960160454515445e-01  8.015756340836526e-06 
 2.194483100262596e-05  7.241261377675088e-01  7.241249389020425e-01  6.961189475619880e-01  8.017367213259434e-06 
 2.194861664077034e-05  7.242510550632305e-01  7.242498558878986e-01  6.962287383425968e-01  8.018650492424371e-06 
 2.195203711295838e-05  7.243639246072410e-01  7.243627240382940e-01  6.963279393906152e-01  8.019390743317530e-06 
 2.195551046033347e-05  7.244785409110825e-01  7.244773377597558e-01  6.964286747257276e-01  8.019702559346436e-06 
 2.195869736556932e-05  7.245837068368760e-01  7.245825002081735e-01  6.965211032856166e-01  8.019571700955488e-06 
 2.196191228200595e-05  7.246897990453645e-01  7.246885877657082e-01  6.966143449751272e-01  8.019009314723701e-06 
 2.196491404787423e-05  7.247888591342971e-01  7.247876424171924e-01  6.967014053787276e-01  8.018072343573679e-06 
 2.196792612508495e-05  7.248882613909687e-01  7.248870381002797e-01  6.967887655290285e-01  8.016711257474278e-06 
 2.197077579851598e-05  7.249823059343921e-01  7.249810753503457e-01  6.968714160858712e-01  8.015019746803388e-06 
 2.197362517198555e-05  7.250763424116092e-01  7.250751034491515e-01  6.969540585930079e-01  8.012919696927301e-06 
 2.197634986577626e-05  7.251662659114279e-01  7.251650178904936e-01  6.970330855451440e-01  8.010518082240262e-06 
 2.197906872398496e-05  7.252559985894435e-01  7.252547404802222e-01  6.971119438637692e-01  8.007726826564698e-06 
 2.198169152206862e-05  7.253425626248573e-01  7.253412937711651e-01  6.971880166352296e-01  8.004653574238032e-06 
 2.198430626835050e-05  7.254288626151452e-01  7.254275820422413e-01  6.972638564672458e-01  8.001210799480939e-06 
 2.198684716259520e-05  7.255127267505984e-01  7.255114338168320e-01  6.973375548278494e-01  7.997499785203218e-06 
 2.198938004970763e-05  7.255963282283003e-01  7.255950220102914e-01  6.974110215225992e-01  7.993438504693459e-06 
 2.199185678195227e-05  7.256780777991795e-01  7.256767576640678e-01  6.974828600058880e-01  7.989119025889602e-06 
 2.199432717967086e-05  7.257596198250779e-01  7.257582848960392e-01  6.975545153197110e-01  7.984467627586085e-06 
 2.199675598156508e-05  7.258397903514555e-01  7.258384399992366e-01  6.976249646784732e-01  7.979564480573056e-06 
 2.199918138966314e-05  7.259198503029836e-01  7.259184836901549e-01  6.976953161522829e-01  7.974345412996760e-06 
 2.200157768425345e-05  7.259989506400915e-01  7.259975671375393e-01  6.977648237063350e-01  7.968879524691820e-06 
 2.200397466366998e-05  7.260780749358215e-01  7.260766737363992e-01  6.978343516722600e-01  7.963110555126404e-06 
 2.200635381155359e-05  7.261566119053597e-01  7.261551923737222e-01  6.979033629509637e-01  7.957096522674658e-06 
 2.200873894303942e-05  7.262353476473162e-01  7.262339089954825e-01  6.979725483385686e-01  7.950788770719709e-06 
 2.201111716194975e-05  7.263138563877664e-01  7.263123979651450e-01  6.980415337557559e-01  7.944234211776882e-06 
 2.201350821132313e-05  7.263927898243842e-01  7.263913108462523e-01  6.981108918938446e-01  7.937389844277352e-06 
 2.201590386512412e-05  7.264718763443475e-01  7.264703761295749e-01  6.981803841410149e-01  7.930291231538839e-06 
 2.201832147147790e-05  7.265516886016818e-01  7.265501663449946e-01  6.982505137322182e-01  7.922898475198011e-06 
 2.202075715593107e-05  7.266320986340256e-01  7.266305535985568e-01  6.983211682880454e-01  7.915235741224484e-06 
 2.202322767957676e-05  7.267136597316295e-01  7.267120910526947e-01  6.983928340301029e-01  7.907261197565354e-06 
 2.202573410393735e-05  7.267964068831555e-01  7.267948137195430e-01  6.984655417704662e-01  7.898983915184783e-06 
 2.202829525439266e-05  7.268809615383216e-01  7.268793428951714e-01  6.985398376317776e-01  7.890353321456557e-06 
 2.203091966598838e-05  7.269676054163771e-01  7.269659602496600e-01  6.986159692392565e-01  7.881353910860685e-06 
 2.203363388586136e-05  7.270572149034883e-01  7.270555419342801e-01  6.986947067453461e-01  7.871907222824361e-06 
 2.203646261856120e-05  7.271506055444940e-01  7.271489032833258e-01  6.987767668741633e-01  7.861943372230586e-06 
 2.203945850181536e-05  7.272495151000596e-01  7.272477815564633e-01  6.988636767125646e-01  7.851293388998202e-06 
 2.204270246195829e-05  7.273566152599543e-01  7.273548476618272e-01  6.989577840585895e-01  7.839693202521932e-06 
 2.204638838210336e-05  7.274783069647279e-01  7.274765005983949e-01  6.990647137296988e-01  7.826485063451117e-06 
 2.205117248403622e-05  7.276362551762489e-01  7.276343986570094e-01  6.992035036211638e-01  7.809403756832551e-06 
 2.205324420938865e-05  7.277046534031827e-01  7.277027753171005e-01  6.992636062746947e-01  7.802063933973236e-06 
 2.205577481347027e-05  7.277882012727727e-01  7.277862970133750e-01  6.993370218627756e-01  7.793161989320903e-06 
 2.205829189300070e-05  7.278713022215880e-01  7.278693721712864e-01  6.994100455636394e-01  7.784398483382942e-06 
 2.206066235799422e-05  7.279495622775028e-01  7.279476081990348e-01  6.994788162127120e-01  7.776243236348453e-06 
 2.206292589273448e-05  7.280242916196035e-01  7.280223148646291e-01  6.995444850363234e-01  7.768555975367806e-06 
 2.206510607827211e-05  7.280962687613464e-01  7.280942704449691e-01  6.996077361044555e-01  7.761257183622042e-06 
 2.206721493720246e-05  7.281658906437783e-01  7.281638717492708e-01  6.996689181743893e-01  7.754300913782440e-06 
 2.206925617082013e-05  7.282332794588684e-01  7.282312409337416e-01  6.997281385907652e-01  7.747675749270162e-06 
 2.207143640177603e-05  7.283052565572163e-01  7.283031973874758e-01  6.997913919159074e-01  7.740720264352066e-06 
 2.207341793006965e-05  7.283706732520362e-01  7.283685956333893e-01  6.998488807075312e-01  7.734516631722746e-06 
 2.207543637428036e-05  7.284373081378122e-01  7.284352120379392e-01  6.999074407792287e-01  7.728313815304991e-06 
 2.207730482216923e-05  7.284989906891890e-01  7.284968777825571e-01  6.999616493172744e-01  7.722684949216470e-06 
 2.207919909659436e-05  7.285615253492477e-01  7.285593956979780e-01  7.000166073759401e-01  7.717088436284079e-06 
 2.208098385845725e-05  7.286204442439026e-01  7.286182991051168e-01  7.000683883810471e-01  7.711923949715136e-06 
 2.208278341104001e-05  7.286798509407874e-01  7.286776904660613e-01  7.001205987062248e-01  7.706821546958218e-06 
 2.208449960796096e-05  7.287365054424838e-01  7.287343306188602e-01  7.001703908213782e-01  7.702058893749978e-06 
 2.208622243506994e-05  7.287933783681191e-01  7.287911894065204e-01  7.002203754779479e-01  7.697377822019409e-06 
 2.208788059159677e-05  7.288481159823356e-01  7.288459136788102e-01  7.002684840038792e-01  7.692971784650126e-06 
 2.208953969449549e-05  7.289028844104372e-01  7.289006690103235e-01  7.003166201510067e-01  7.688658057368110e-06 
 2.209114776707269e-05  7.289559678576742e-01  7.289537400176480e-01  7.003632758914075e-01  7.684571958925037e-06 
 2.209275285915078e-05  7.290089525098240e-01  7.290067124936989e-01  7.004098453085985e-01  7.680583893629960e-06 
 2.209431705080219e-05  7.290605866194775e-01  7.290583349796671e-01  7.004552282030346e-01  7.676787686157487e-06 
 2.209587563333590e-05  7.291120351836428e-01  7.291097721909975e-01  7.005004484977446e-01  7.673091391762150e-06 
 2.209740093261367e-05  7.291623846860310e-01  7.291601108142728e-01  7.005447032560458e-01  7.669560214788249e-06 
 2.209891893818336e-05  7.292124930573108e-01  7.292102085762263e-01  7.005887465288687e-01  7.666127903942645e-06 
 2.210040947162800e-05  7.292616942225612e-01  7.292593995449794e-01  7.006319928557539e-01  7.662840026692814e-06 
 2.210189168822387e-05  7.293106205061471e-01  7.293083158956630e-01  7.006749980035606e-01  7.659648184590756e-06 
 2.210335092827365e-05  7.293587880083475e-01  7.293564738295452e-01  7.007173366297064e-01  7.656584266161422e-06 
 2.210480129518565e-05  7.294066622865100e-01  7.294043387943940e-01  7.007594179292439e-01  7.653613224976812e-06 
 2.210623220456335e-05  7.294538939681162e-01  7.294515614882563e-01  7.008009347995975e-01  7.650756641765818e-06 
 2.210765402487926e-05  7.295008253188148e-01  7.294984840953930e-01  7.008421880720755e-01  7.647988836585473e-06 
 2.210905916831811e-05  7.295472058820063e-01  7.295448562085995e-01  7.008829575869476e-01  7.645324399892760e-06 
 2.211045523847091e-05  7.295932866549729e-01  7.295909287638527e-01  7.009234639560257e-01  7.642744235493068e-06 
 2.211183685806543e-05  7.296388901479897e-01  7.296365243062859e-01  7.009635511567579e-01  7.640258385704779e-06 
 2.211320958352079e-05  7.296841997816826e-01  7.296818262098010e-01  7.010033804045679e-01  7.637852649873319e-06 
 2.211456966337565e-05  7.297290917343218e-01  7.297267106762554e-01  7.010428428489771e-01  7.635532848849193e-06 
 2.211592114124506e-05  7.297736994886713e-01  7.297713111526022e-01  7.010820558128344e-01  7.633288673676995e-06 
 2.211726143506498e-05  7.298179378209400e-01  7.298155424319305e-01  7.011209443752912e-01  7.631124095997967e-06 
 2.211859349935388e-05  7.298619042653578e-01  7.298595020195389e-01  7.011595942600408e-01  7.629030746997055e-06 
 2.211991560533229e-05  7.299055417627431e-01  7.299031328681990e-01  7.011979553042088e-01  7.627011031490029e-06 
 2.212122987984016e-05  7.299489205273663e-01  7.299465051684962e-01  7.012360892169981e-01  7.625058159010258e-06 
 2.212253523300997e-05  7.299920045866388e-01  7.299895829569417e-01  7.012739643736158e-01  7.623174037278590e-06 
 2.212383316630608e-05  7.300348435135480e-01  7.300324157863616e-01  7.013116243384032e-01  7.621352714762157e-06 
 2.212512308807474e-05  7.300774177801108e-01  7.300749841352141e-01  7.013490519424810e-01  7.619595157630669e-06 
 2.212640599375092e-05  7.301197602543025e-01  7.301173208551290e-01  7.013862760678745e-01  7.617897077707166e-06 
 2.212768166776244e-05  7.301618638228611e-01  7.301594188368025e-01  7.014232904580495e-01  7.616258232182378e-06 
 2.212895075837308e-05  7.302037498937332e-01  7.302012994743019e-01  7.014601139219491e-01  7.614675244551693e-06 
 2.213021327821521e-05  7.302454188844388e-01  7.302429631883989e-01  7.014967468246593e-01  7.613147898128003e-06 
 2.213146965239816e-05  7.302868848375560e-01  7.302844240091267e-01  7.015332015003891e-01  7.611673093515458e-06 
 2.213272004805602e-05  7.303281532702072e-01  7.303256874560511e-01  7.015694827973833e-01  7.610250276905401e-06 
 2.213396471763295e-05  7.303692325247421e-01  7.303667618604952e-01  7.016055980399887e-01  7.608876995966513e-06 
 2.213520394047186e-05  7.304101318222302e-01  7.304076564452492e-01  7.016415553324769e-01  7.607552326078616e-06 
 2.213643785225993e-05  7.304508556507272e-01  7.304483756883862e-01  7.016773586115144e-01  7.606274182796751e-06 
 2.213766679460354e-05  7.304914152849495e-01  7.304889308664722e-01  7.017130177881591e-01  7.605041949666891e-06 
 2.213889082701529e-05  7.305318126993752e-01  7.305293239443788e-01  7.017485345889144e-01  7.603853422120894e-06 
 2.214011033809441e-05  7.305720607187309e-01  7.305695677487944e-01  7.017839202885523e-01  7.602708202982324e-06 
 2.214132531972559e-05  7.306121590857889e-01  7.306096620132448e-01  7.018191746514086e-01  7.601604021278700e-06 
 2.214253621423135e-05  7.306521223988353e-01  7.306496213376017e-01  7.018543105112801e-01  7.600540233370964e-06 
 2.214374292223450e-05  7.306919473857930e-01  7.306894424420728e-01  7.018893249844105e-01  7.599515577605473e-06 
 2.214494594217395e-05  7.307316504985238e-01  7.307291417792849e-01  7.019242325331211e-01  7.598528785270242e-06 
 2.214614515578479e-05  7.307712278411317e-01  7.307687154461390e-01  7.019590297256587e-01  7.597578762868706e-06 
 2.214734102380260e-05  7.308106946196702e-01  7.308081786499682e-01  7.019937299304672e-01  7.596664703329718e-06 
 2.214853345739248e-05  7.308500479113326e-01  7.308475284602798e-01  7.020283305698812e-01  7.595784867511361e-06 
 2.214972289804314e-05  7.308893022849042e-01  7.308867794478789e-01  7.020628444539546e-01  7.594939122728107e-06 
 2.215090921544206e-05  7.309284534479260e-01  7.309259273131560e-01  7.020972678015082e-01  7.594125977109872e-06 
 2.215209291667696e-05  7.309675181361016e-01  7.309649887929375e-01  7.021316153263125e-01  7.593344562239396e-06 
 2.215327381442882e-05  7.310064901739792e-01  7.310039577055572e-01  7.021658815930409e-01  7.592593955348112e-06 
 2.215445241395725e-05  7.310453862361166e-01  7.310428507268858e-01  7.022000812625544e-01  7.591873514340137e-06 
 2.215562854948509e-05  7.310842008588655e-01  7.310816623869020e-01  7.022342095246773e-01  7.591181992468760e-06 
 2.215680270510563e-05  7.311229500174411e-01  7.311204086624213e-01  7.022682804262247e-01  7.590519003466309e-06 
 2.215797470780341e-05  7.311616280090075e-01  7.311590838445119e-01  7.023022889470242e-01  7.589883380403802e-06 
 2.215914505931569e-05  7.312002513908892e-01  7.311977044920835e-01  7.023362496460259e-01  7.589274759635840e-06 
 2.216031355891912e-05  7.312388135458521e-01  7.312362639820146e-01  7.023701566990993e-01  7.588691957513847e-06 
 2.216148073967879e-05  7.312773320651667e-01  7.312747799070253e-01  7.024040255744177e-01  7.588134551272040e-06 
 2.216264635909238e-05  7.313157989521154e-01  7.313132442650009e-01  7.024378492355310e-01  7.587601591699526e-06 
 2.216381097402802e-05  7.313542325828869e-01  7.313516754336966e-01  7.024716438414774e-01  7.587092823167868e-06 
 2.216497433899771e-05  7.313926248627227e-01  7.313900653129186e-01  7.025054022692163e-01  7.586607111419576e-06 
 2.216613701431887e-05  7.314309942815465e-01  7.314284323941660e-01  7.025391407780457e-01  7.586144218581187e-06 
 2.216729873229408e-05  7.314693320107939e-01  7.314667678439044e-01  7.025728516004582e-01  7.585703281426819e-06 
 2.216846007808112e-05  7.315076573599145e-01  7.315050909731534e-01  7.026065517167310e-01  7.585284110332993e-06 
 2.216962076931040e-05  7.315459610179348e-01  7.315433924654915e-01  7.026402329336985e-01  7.584885226826138e-06 
 2.217078143064820e-05  7.315842635957241e-01  7.315816929341371e-01  7.026739133782186e-01  7.584507229823712e-06 
 2.217194167564896e-05  7.316225523476749e-01  7.316199796282514e-01  7.027075818370164e-01  7.584148640540073e-06 
 2.217310227417381e-05  7.316608526770313e-01  7.316582779529497e-01  7.027412606504920e-01  7.583809737365937e-06 
 2.217426272238854e-05  7.316991479634514e-01  7.316965712831864e-01  7.027749351989322e-01  7.583489318977857e-06 
 2.217542387291648e-05  7.317374663421470e-01  7.317348877556570e-01  7.028086302246136e-01  7.583187383142587e-06 
 2.217658517009468e-05  7.317757894809255e-01  7.317732090341446e-01  7.028423296037787e-01  7.582903208940969e-06 
 2.217774748363022e-05  7.318141460796902e-01  7.318115638196488e-01  7.028760585747091e-01  7.582636467451287e-06 
 2.217891029262776e-05  7.318525189522486e-01  7.318499349224958e-01  7.029098020225019e-01  7.582386870723240e-06 
 2.218007438427891e-05  7.318909340767822e-01  7.318883483215467e-01  7.029435827912119e-01  7.582153635641506e-06 
 2.218123939275836e-05  7.319293793839948e-01  7.319267919441337e-01  7.029773902659147e-01  7.581936600491789e-06 
 2.218240592156961e-05  7.319678747893051e-01  7.319652857068596e-01  7.030112419604037e-01  7.581735326527281e-06 
 2.218357377115817e-05  7.320064137109774e-01  7.320038230243250e-01  7.030451320848314e-01  7.581549416124851e-06 
 2.218474343440511e-05  7.320450124134626e-01  7.320424201623869e-01  7.030790749430108e-01  7.581378571567446e-06 
 2.218591479032124e-05  7.320836669075139e-01  7.320810731282194e-01  7.031130670250608e-01  7.581222426922056e-06 
 2.218708828964954e-05  7.321223920672596e-01  7.321197967972566e-01  7.031471214121799e-01  7.581080596431836e-06 
 2.218826386379493e-05  7.321611856329612e-01  7.321585889060667e-01  7.031812361150283e-01  7.580952530889506e-06 
 2.218944190890982e-05  7.322000606754895e-01  7.321974625274635e-01  7.032154226307408e-01  7.580838433166320e-06 
 2.219062238209307e-05  7.322390157831655e-01  7.322364162460524e-01  7.032496797157126e-01  7.580737668937481e-06 
 2.219180575006132e-05  7.322780663567728e-01  7.322754654640018e-01  7.032840209150758e-01  7.580649996949764e-06 
 2.219299189094988e-05  7.323172083775873e-01  7.323146061595091e-01  7.033184426937885e-01  7.580575203669558e-06 
 2.219418129921292e-05  7.323564581627063e-01  7.323538546506081e-01  7.033529594021549e-01  7.580512699255906e-06 
 2.219537390357599e-05  7.323958133614624e-01  7.323932085841237e-01  7.033875689733265e-01  7.580462732891897e-06 
 2.219657010993724e-05  7.324352873685384e-01  7.324326813556914e-01  7.034222831879163e-01  7.580424729073143e-06 
 2.219777000050272e-05  7.324748828989499e-01  7.324722756774972e-01  7.034571044332636e-01  7.580398630904061e-06 
 2.219897384262816e-05  7.325146087754465e-01  7.325120003733423e-01  7.034920404696585e-01  7.580383886781926e-06 
 2.220018183628018e-05  7.325544715980977e-01  7.325518620408096e-01  7.035270971020289e-01  7.580380759335277e-06 
 2.220139415186874e-05  7.325944769908551e-01  7.325918663047770e-01  7.035622792774539e-01  7.580388561807951e-06 
 2.220261113236012e-05  7.326346362735817e-01  7.326320244823149e-01  7.035975969510321e-01  7.580407252538303e-06 
 2.220383284205921e-05  7.326749515667950e-01  7.326723386955996e-01  7.036330519907341e-01  7.580436820325115e-06 
 2.220505964878797e-05  7.327154350109993e-01  7.327128210822447e-01  7.036686550732212e-01  7.580477057755699e-06 
 2.220629172802513e-05  7.327560923968049e-01  7.327534774338964e-01  7.037044112930735e-01  7.580527475716432e-06 
 2.220752934363085e-05  7.327969324323542e-01  7.327943164565803e-01  7.037403283100786e-01  7.580588431077029e-06 
 2.220877269859167e-05  7.328379618166537e-01  7.328353448500013e-01  7.037764120173594e-01  7.580659192142686e-06 
 2.221002217163161e-05  7.328791930479741e-01  7.328765751104414e-01  7.038126734084437e-01  7.580740215082093e-06 
 2.221127781474958e-05  7.329206278432236e-01  7.329180089554161e-01  7.038491139948578e-01  7.580830626188009e-06 
 2.221254021000557e-05  7.329622854103660e-01  7.329596655909359e-01  7.038857506715109e-01  7.580930959961751e-06 
 2.221380920145628e-05  7.330041606025571e-01  7.330015398714863e-01  7.039225789152852e-01  7.581040939307296e-06 
 2.221509815707889e-05  7.330466945503524e-01  7.330440729157637e-01  7.039599866921767e-01  7.581161234684083e-06 
 2.221640736006845e-05  7.330898965944536e-01  7.330872740670062e-01  7.039979822280436e-01  7.581292663871877e-06 
 2.221773966119458e-05  7.331338608089633e-01  7.331312373955975e-01  7.040366482656518e-01  7.581435265636705e-06 
 2.221909476449366e-05  7.331785774246614e-01  7.331759531347836e-01  7.040759762239485e-01  7.581589290919819e-06 
 2.222047381345155e-05  7.332240841770697e-01  7.332214590176658e-01  7.041159992983194e-01  7.581754701676206e-06 
 2.222187759311734e-05  7.332704069674171e-01  7.332677809477849e-01  7.041567402818996e-01  7.581932405672123e-06 
 2.222330712476020e-05  7.333175794992958e-01  7.333149526260092e-01  7.041982288244943e-01  7.582121953373616e-06 
 2.222476375498401e-05  7.333656462044718e-01  7.333630184861436e-01  7.042405040184061e-01  7.582324352716423e-06 
 2.222624833798386e-05  7.334146352722671e-01  7.334120067152237e-01  7.042835906661152e-01  7.582539441820835e-06 
 2.222776250583317e-05  7.334646005561490e-01  7.334619711680918e-01  7.043275361468933e-01  7.582767741440320e-06 
 2.222930727698808e-05  7.335155756638169e-01  7.335129454507793e-01  7.043723700323519e-01  7.583009755103176e-06 
 2.223088435222627e-05  7.335676167174245e-01  7.335649856862362e-01  7.044181416980356e-01  7.583265484506226e-06 
 2.223249516775171e-05  7.336207711086000e-01  7.336181392646781e-01  7.044648928421220e-01  7.583535868085039e-06 
 2.223414136738733e-05  7.336750930792429e-01  7.336724604290635e-01  7.045126711897191e-01  7.583821150152966e-06 
 2.223582479806824e-05  7.337306435762261e-01  7.337280101241379e-01  7.045615303626229e-01  7.584121742015469e-06 
 2.223754733596499e-05  7.337874845070603e-01  7.337848502588680e-01  7.046115248325762e-01  7.584438417546393e-06 
 2.223931105311262e-05  7.338456842458148e-01  7.338430492053846e-01  7.046627147580078e-01  7.584771845193468e-06 
 2.224111819709739e-05  7.339053169580314e-01  7.339026811298722e-01  7.047151653944044e-01  7.585122216580346e-06 
 2.224297121771129e-05  7.339664634818653e-01  7.339638268689000e-01  7.047689478684137e-01  7.585490679452801e-06 
 2.224487262712843e-05  7.340292067130009e-01  7.340265693189308e-01  7.048241351196143e-01  7.585877721360150e-06 
 2.224682539479364e-05  7.340936446379139e-01  7.340910064645018e-01  7.048808133624872e-01  7.586284354975090e-06 
 2.224883251667810e-05  7.341598761160666e-01  7.341572371658995e-01  7.049390695844089e-01  7.586711376735859e-06 
 2.225089743826140e-05  7.342280148415560e-01  7.342253751154065e-01  7.049990038232210e-01  7.587160101544319e-06 
 2.225302379276547e-05  7.342981807027216e-01  7.342955402017058e-01  7.050607215698416e-01  7.587631197240301e-06 
 2.225521574873361e-05  7.343705112532606e-01  7.343678699765744e-01  7.051243438575159e-01  7.588126183345424e-06 
 2.225747759050069e-05  7.344451478666280e-01  7.344425058137403e-01  7.051899950853667e-01  7.588645984972471e-06 
 2.225981438665169e-05  7.345222577946533e-01  7.345196149634473e-01  7.052578224216307e-01  7.589192828270696e-06 
 2.226223141032152e-05  7.346020150409668e-01  7.345993714287185e-01  7.053279789784348e-01  7.589767296181693e-06 
 2.226473492546490e-05  7.346846263017243e-01  7.346819819040901e-01  7.054006466350556e-01  7.590372091361465e-06 
 2.226733127903023e-05  7.347703010124129e-01  7.347676558247798e-01  7.054760096886039e-01  7.591008651332864e-06 
 2.227002839969483e-05  7.348593008019747e-01  7.348566548176878e-01  7.055542983584643e-01  7.591680015869745e-06 
 2.227283424519219e-05  7.349518882588171e-01  7.349492414704727e-01  7.056357437195201e-01  7.592387939274486e-06 
 2.227575867926171e-05  7.350483888647944e-01  7.350457412626660e-01  7.057206321863156e-01  7.593136028102298e-06 
 2.227881202363259e-05  7.351491432141107e-01  7.351464947876093e-01  7.058092634843617e-01  7.593927063467945e-06 
 2.228200673746099e-05  7.352545624336628e-01  7.352519131688344e-01  7.059019994033436e-01  7.594764800850034e-06 
 2.228535644022929e-05  7.353650959343232e-01  7.353624458165027e-01  7.059992354385467e-01  7.595653700314234e-06 
 2.228887711278412e-05  7.354812710502070e-01  7.354786200611124e-01  7.061014356601070e-01  7.596598874418247e-06 
 2.229258701762812e-05  7.356036904038031e-01  7.356010385230046e-01  7.062091304063233e-01  7.597605524922330e-06 
 2.229650743148268e-05  7.357330560783883e-01  7.357304032821178e-01  7.063229375577522e-01  7.598681423733402e-06 
 2.230066295969151e-05  7.358701799990215e-01  7.358675262594352e-01  7.064435716757499e-01  7.599832817668888e-06 
 2.230508299060571e-05  7.360160319138416e-01  7.360133771989770e-01  7.065718862371148e-01  7.601070373748749e-06 
 2.230980116292592e-05  7.361717218265763e-01  7.361690660997882e-01  7.067088581979083e-01  7.602403856119885e-06 
 2.231485930597636e-05  7.363386300111182e-01  7.363359732295157e-01  7.068557023946636e-01  7.603847462520154e-06 
 2.232030496799231e-05  7.365183254536302e-01  7.365156675681496e-01  7.070137998213147e-01  7.605415769633151e-06 
 2.232619759675731e-05  7.367127697972252e-01  7.367101107504531e-01  7.071848771212907e-01  7.607128789642942e-06 
 2.233260851246417e-05  7.369243164483943e-01  7.369216561739678e-01  7.073710058613683e-01  7.609009072587792e-06 
 2.233962485358454e-05  7.371558407790169e-01  7.371531791993672e-01  7.075747171798228e-01  7.611086105158290e-06 
 2.234735257965803e-05  7.374108392150865e-01  7.374081762397657e-01  7.077990890948750e-01  7.613393907775874e-06 
 2.235592242191198e-05  7.376936255870702e-01  7.376909611106012e-01  7.080479194540727e-01  7.615977359491278e-06 
 2.236487092321077e-05  7.379889067938370e-01  7.379862407976494e-01  7.083077533555617e-01  7.618699180058684e-06 
 2.237398600862386e-05  7.382896848210466e-01  7.382870173216818e-01  7.085724338129440e-01  7.621495394126231e-06 
 2.238322042529514e-05  7.385944004282822e-01  7.385917314493518e-01  7.088405892878267e-01  7.624350859484344e-06 
 2.239261600052244e-05  7.389044338281713e-01  7.389017633844336e-01  7.091134349712104e-01  7.627278331623676e-06 
 2.240220981566344e-05  7.392210086254548e-01  7.392183367255765e-01  7.093920484315489e-01  7.630288572250317e-06 
 2.241203945105069e-05  7.395453648898161e-01  7.395426915355946e-01  7.096775219265107e-01  7.633393537839956e-06 
 2.242213510667184e-05  7.398784991518012e-01  7.398758243417536e-01  7.099707335772021e-01  7.636602994137852e-06 
 2.243253013488530e-05  7.402215119667399e-01  7.402188356935979e-01  7.102726532624880e-01  7.639927587304189e-06 
 2.244325966042376e-05  7.405755623703180e-01  7.405728846232118e-01  7.105843025751462e-01  7.643378717023266e-06 
 2.245436437405205e-05  7.409419930657637e-01  7.409393138282624e-01  7.109068650516311e-01  7.646970328805870e-06 
 2.246588832351642e-05  7.413222575283309e-01  7.413195767793208e-01  7.112416220690534e-01  7.650716589564518e-06 
 2.247788250070065e-05  7.417180383748790e-01  7.417153560865314e-01  7.115900571121181e-01  7.654634764269972e-06 
 2.249040456488599e-05  7.421312382290959e-01  7.421285543678131e-01  7.119538478330507e-01  7.658743909248494e-06 
 2.250352114211069e-05  7.425640555983405e-01  7.425613701224093e-01  7.123349329656066e-01  7.663066774644629e-06 
 2.251731046889807e-05  7.430190721075994e-01  7.430163849675053e-01  7.127355892963266e-01  7.667629490563419e-06 
 2.253186280167609e-05  7.434992660132166e-01  7.434965771486938e-01  7.131584437610663e-01  7.672462637227175e-06 
 2.254728888563379e-05  7.440082916511969e-01  7.440056009908058e-01  7.136067198064145e-01  7.677603409879467e-06 
 2.256371878865161e-05  7.445504409633332e-01  7.445477484209899e-01  7.140842038898400e-01  7.683096165503651e-06 
 2.258131251931002e-05  7.451309938644260e-01  7.451282993376009e-01  7.145955545691700e-01  7.688994716836693e-06 
 2.260027094349118e-05  7.457565784680641e-01  7.457538818318837e-01  7.151466205449464e-01  7.695367211369202e-06 
 2.262084438476239e-05  7.464354548736527e-01  7.464327559779989e-01  7.157446917614331e-01  7.702298783460831e-06 
 2.264335151752140e-05  7.471781386058535e-01  7.471754372654403e-01  7.163990502234376e-01  7.709897134750357e-06 
 2.266821503004338e-05  7.479985774032383e-01  7.479958733891812e-01  7.171220093651618e-01  7.718305703834512e-06 
 2.269600509998247e-05  7.489155858174471e-01  7.489128788397377e-01  7.179301823093041e-01  7.727718034237363e-06 
 2.272750448107350e-05  7.499549929184942e-01  7.499522826055762e-01  7.188463815292859e-01  7.738399692879176e-06 
 2.276383582854113e-05  7.511538437457113e-01  7.511511296068619e-01  7.199033342639616e-01  7.750731797798403e-06 
 2.280668621329008e-05  7.525678077529502e-01  7.525650891210813e-01  7.211502370330369e-01  7.765287092859442e-06 
 2.285668621329008e-05  7.542176925636236e-01  7.542149687038300e-01  7.226056087602799e-01  7.782279598792550e-06 
 2.290668621329009e-05  7.558675773558353e-01  7.558648482766170e-01  7.240614523153730e-01  7.799276427408832e-06 
 2.295668621329009e-05  7.575174621413164e-01  7.575147278454623e-01  7.255177857307725e-01  7.816275129638326e-06 
 2.300668621329009e-05  7.591673469245470e-01  7.591646074131416e-01  7.269746268891389e-01  7.833274154721514e-06 
 2.305668621329009e-05  7.608172317106866e-01  7.608144869822298e-01  7.284319934631507e-01  7.850272587390508e-06 
 2.310668621329009e-05  7.624671164993696e-01  7.624643665527765e-01  7.298899029589881e-01  7.867270138654246e-06 
 2.315668621329009e-05  7.641170012939199e-01  7.641142461263889e-01  7.313483726614194e-01  7.884266324011385e-06 
 2.320668621329009e-05  7.657668860916411e-01  7.657641257017105e-01  7.328074196771734e-01  7.901261533483268e-06 
 2.325668621329009e-05  7.674167708958034e-01  7.674140052803673e-01  7.342670608831631e-01  7.918255257255455e-06 
 2.330668621329010e-05  7.690666557050369e-01  7.690638848619106e-01  7.357273129690844e-01  7.935247427160250e-06 
 2.335668621329010e-05  7.707165405200006e-01  7.707137644462608e-01  7.371881923873390e-01  7.952238382592814e-06 
 2.340668621329010e-05  7.723664253411024e-01  7.723636440341435e-01  7.386497153945747e-01  7.969227466634164e-06 
 2.345668621329010e-05  7.740163101696262e-01  7.740135236259033e-01  7.401118980034935e-01  7.986214806626872e-06 
 2.350668621329010e-05  7.756661950029144e-01  7.756634032202334e-01  7.415747560228984e-01  8.003200762394210e-06 
 2.355668621329010e-05  7.773160798436778e-01  7.773132828184304e-01  7.430383050116290e-01  8.020184983105681e-06 
 2.360668621329010e-05  7.789659646909993e-01  7.789631624203386e-01  7.445025603171866e-01  8.037167253933113e-06 
 2.365668621329010e-05  7.806158495453915e-01  7.806130420257995e-01  7.459675370311716e-01  8.054147951797223e-06 
 2.370668621329011e-05  7.822657344065862e-01  7.822629216350908e-01  7.474332500270028e-01  8.071126644377134e-06 
 2.375668621329011e-05  7.839156192762583e-01  7.839128012488169e-01  7.488997139168069e-01  8.088103327565015e-06 
 2.380668621329011e-05  7.855655041526323e-01  7.855626808662661e-01  7.503669430880500e-01  8.105078064088452e-06 
 2.385668621329011e-05  7.872153890370917e-01  7.872125604878544e-01  7.518349516620858e-01  8.122050942432206e-06 
 2.390668621329011e-05  7.888652739286088e-01  7.888624401133633e-01  7.533037535295487e-01  8.139021780741730e-06 
 2.395668621329011e-05  7.905151588293734e-01  7.905123197437355e-01  7.547733623107227e-01  8.155990402158482e-06 
 2.400668621329011e-05  7.921650437374305e-01  7.921621993781462e-01  7.562437913896154e-01  8.172956928918005e-06 
 2.405668621329011e-05  7.938149286543356e-01  7.938120790171178e-01  7.577150538757852e-01  8.189921394549019e-06 
 2.410668621329012e-05  7.954648135791996e-01  7.954619586605356e-01  7.591871626378263e-01  8.206883565349558e-06 
 2.415668621329012e-05  7.971146985135281e-01  7.971118383088873e-01  7.606601302662319e-01  8.223843491945794e-06 
 2.420668621329012e-05  7.987645834559972e-01  7.987617179617689e-01  7.621339691060603e-01  8.240801086185991e-06 
 2.425668621329012e-05  8.004144684080019e-01  8.004115976196026e-01  7.636086912213006e-01  8.257756430781750e-06 
 2.430668621329012e-05  8.020643533686638e-01  8.020614772822715e-01  7.650843084265282e-01  8.274709294362586e-06 
 2.435668621329012e-05  8.037142383394974e-01  8.037113569502823e-01  7.665608322527907e-01  8.291659716563453e-06 
 2.440668621329012e-05  8.053641233179046e-01  8.053612366223835e-01  7.680382739781532e-01  8.308608034670082e-06 
 2.445668621329012e-05  8.070140083068150e-01  8.070111163000119e-01  7.695166445950731e-01  8.325553821357624e-06 
 2.450668621329013e-05  8.086638933050935e-01  8.086609959828893e-01  7.709959548401312e-01  8.342496928078224e-06 
 2.455668621329013e-05  8.103137783131720e-01  8.103108756708045e-01  7.724762151626162e-01  8.359437752180690e-06 
 2.460668621329013e-05  8.119636633313324e-01  8.119607553644091e-01  7.739574357535861e-01  8.376375679156572e-06 
 2.465668621329013e-05  8.136135483590969e-01  8.136106350628958e-01  7.754396265155934e-01  8.393311404782617e-06 
 2.470668621329013e-05  8.152634333975527e-01  8.152605147674532e-01  7.769227970909890e-01  8.410244045210268e-06 
 2.475668621329013e-05  8.169133184452146e-01  8.169103944766011e-01  7.784069568327625e-01  8.427174634945335e-06 
 2.480668621329013e-05  8.185632035034160e-01  8.185602741916920e-01  7.798921148324309e-01  8.444102204652083e-06 
 2.485668621329013e-05  8.202130885723822e-01  8.202101539123847e-01  7.813782798919067e-01  8.461027221623363e-06 
 2.490668621329013e-05  8.218629736514080e-01  8.218600336386771e-01  7.828654605504922e-01  8.477949393759484e-06 
 2.495668621329014e-05  8.235128587407821e-01  8.235099133702731e-01  7.843536650581626e-01  8.494869164927624e-06 
 2.500668621329014e-05  8.251627438412029e-01  8.251597931081006e-01  7.858429014017673e-01  8.511785777178494e-06 
 2.505668621329014e-05  8.268126289526753e-01  8.268096728516756e-01  7.873331772794162e-01  8.528699770635587e-06 
 2.510668621329014e-05  8.284625140744104e-01  8.284595526009434e-01  7.888245001260503e-01  8.545610877402081e-06 
 2.515668621329014e-05  8.301123992079653e-01  8.301094323564457e-01  7.903168770889336e-01  8.562519123901284e-06 
 2.520668621329014e-05  8.317622843512164e-01  8.317593121172450e-01  7.918103150525061e-01  8.579424684771260e-06 
 2.525668621329014e-05  8.334121695066422e-01  8.334091918844994e-01  7.933048206151797e-01  8.596327276683082e-06 
 2.530668621329014e-05  8.350620546729879e-01  8.350590716578402e-01  7.948004001132423e-01  8.613226791501025e-06 
 2.535668621329015e-05  8.367119398510624e-01  8.367089514373205e-01  7.962970595987816e-01  8.630123498010069e-06 
 2.540668621329015e-05  8.383618250396292e-01  8.383588312225887e-01  7.977948048632773e-01  8.647017279081688e-06 
 2.545668621329015e-05  8.400117102400386e-01  8.400087110140576e-01  7.992936414161951e-01  8.663908222867572e-06 
 2.550668621329015e-05  8.416615954514204e-01  8.416585908116146e-01  8.007935745079697e-01  8.680796093778393e-06 
 2.555668621329015e-05  8.433114806758322e-01  8.433084706161422e-01  8.022946091098794e-01  8.697680744487549e-06 
 2.560668621329015e-05  8.449613659107393e-01  8.449583504264294e-01  8.037967499362654e-01  8.714562489410194e-06 
 2.565668621329015e-05  8.466112511571026e-01  8.466082302426309e-01  8.053000014252751e-01  8.731441544151632e-06 
 2.570668621329015e-05  8.482611364152777e-01  8.482581100654508e-01  8.068043677607684e-01  8.748317265448637e-06 
 2.575668621329016e-05  8.499110216858802e-01  8.499079898948142e-01  8.083098528537318e-01  8.765189984258680e-06 
 2.580668621329016e-05  8.515609069682629e-01  8.515578697307604e-01  8.098164603637840e-01  8.782059388720116e-06 
 2.585668621329016e-05  8.532107922622331e-01  8.532077495726842e-01  8.113241936814962e-01  8.798926076354969e-06 
 2.590668621329016e-05  8.548606775679879e-01  8.548576294211864e-01  8.128330559493109e-01  8.815789453638010e-06 
 2.595668621329016e-05  8.565105628856812e-01  8.565075092758881e-01  8.143430500447310e-01  8.832650004515440e-06 
 2.600668621329016e-05  8.581604482152162e-01  8.581573891371909e-01  8.158541786007798e-01  8.849507235493123e-06 
 2.605668621329016e-05  8.598103335573469e-01  8.598072690051243e-01  8.173664439899991e-01  8.866361425903174e-06 
 2.610668621329016e-05  8.614602189118393e-01  8.614571488799926e-01  8.188798483443968e-01  8.883212130990236e-06 
 2.615668621329017e-05  8.631101042782763e-01  8.631070287610539e-01  8.203943935401834e-01  8.900060016555056e-06 
 2.620668621329017e-05  8.647599896563890e-01  8.647569086485901e-01  8.219100812172592e-01  8.916904647612250e-06 
 2.625668621329017e-05  8.664098750470882e-01  8.664067885427365e-01  8.234269127649370e-01  8.933746251979582e-06 
 2.630668621329017e-05  8.680597604494801e-01  8.680566684433649e-01  8.249448893407384e-01  8.950584599618830e-06 
 2.635668621329017e-05  8.697096458649075e-01  8.697065483508937e-01  8.264640118568739e-01  8.967419776683297e-06 
 2.640668621329017e-05  8.713595312925789e-01  8.713564282652703e-01  8.279842809987377e-01  8.984251514943098e-06 
 2.645668621329017e-05  8.730094167320022e-01  8.730063081856911e-01  8.295056972118249e-01  9.001080512617502e-06 
 2.650668621329017e-05  8.746593021837414e-01  8.746561881130029e-01  8.310282607200024e-01  9.017906050059924e-06 
 2.655668621329017e-05  8.763091876483190e-01  8.763060680470791e-01  8.325519715130782e-01  9.034728487759787e-06 
 2.660668621329018e-05  8.779590731250695e-01  8.779559479879517e-01  8.340768293645403e-01  9.051547513633390e-06 
 2.665668621329018e-05  8.796089586136586e-01  8.796058279349275e-01  8.356028338198930e-01  9.068363771943163e-06 
 2.670668621329018e-05  8.812588441147589e-01  8.812557078889185e-01  8.371299842139667e-01  9.085176508403561e-06 
 2.675668621329018e-05  8.829087296285417e-01  8.829055878495737e-01  8.386582796598473e-01  9.101986197968007e-06 
 2.680668621329018e-05  8.845586151539863e-01  8.845554678166864e-01  8.401877190657696e-01  9.118792645570309e-06 
 2.685668621329018e-05  8.862085006926692e-01  8.862053477908354e-01  8.417183011245751e-01  9.135595860092250e-06 
 2.690668621329018e-05  8.878583862427545e-01  8.878552277712712e-01  8.432500243302428e-01  9.152395918805344e-06 
 2.695668621329018e-05  8.895082718059776e-01  8.895051077586774e-01  8.447828869681071e-01  9.169192777078624e-06 
 2.700668621329019e-05  8.911581573810561e-01  8.911549877526780e-01  8.463168871307412e-01  9.185986326665356e-06 
 2.705668621329019e-05  8.928080429685215e-01  8.928048677531585e-01  8.478520227087674e-01  9.202776921504623e-06 
 2.710668621329019e-05  8.944579285676847e-01  8.944547477601356e-01  8.493882914065208e-01  9.219564256618166e-06 
 2.715668621329019e-05  8.961078141793328e-01  8.961046277736632e-01  8.509256907331806e-01  9.236348601235063e-06 
 2.720668621329019e-05  8.977576998031994e-01  8.977545077940350e-01  8.524642180181290e-01  9.253129512487353e-06 
 2.725668621329019e-05  8.994075854394481e-01  8.994043878209014e-01  8.540038704025840e-01  9.269907461664705e-06 
 2.730668621329019e-05  9.010574710875752e-01  9.010542678543980e-01  8.555446448545184e-01  9.286682083614760e-06 
 2.735668621329019e-05  9.027073567484213e-01  9.027041478946186e-01  8.570865381609046e-01  9.303453629136908e-06 
 2.740668621329020e-05  9.043572424201759e-01  9.043540279408364e-01  8.586295469421616e-01  9.320222163956344e-06 
 2.745668621329020e-05  9.060071281045522e-01  9.060039079937257e-01  8.601736676448649e-01  9.336987647438896e-06 
 2.750668621329020e-05  9.076570138015032e-01  9.076537880537242e-01  8.617188965558471e-01  9.353749564441096e-06 
 2.755668621329020e-05  9.093068995099577e-01  9.093036681196695e-01  8.632652297953061e-01  9.370508792372188e-06 
 2.760668621329020e-05  9.109567852293705e-01  9.109535481916644e-01  8.648126633305248e-01  9.387264982844188e-06 
 2.765668621329020e-05  9.126066709616971e-01  9.126034282705483e-01  8.663611929694233e-01  9.404018012400296e-06 
 2.770668621329020e-05  9.142565567055954e-01  9.142533083559057e-01  8.679108143739495e-01  9.420767791667556e-06 
 2.775668621329020e-05  9.159064424615198e-01  9.159031884475759e-01  8.694615230539913e-01  9.437514698121791e-06 
 2.780668621329021e-05  9.175563282288124e-01  9.175530685456004e-01  8.710133143804365e-01  9.454258413240020e-06 
 2.785668621329021e-05  9.192062140076681e-01  9.192029486496465e-01  8.725661835792596e-01  9.470999400429336e-06 
 2.790668621329021e-05  9.208560997985945e-01  9.208528287605217e-01  8.741201257445773e-01  9.487736957362642e-06 
 2.795668621329021e-05  9.225059856007056e-01  9.225027088771904e-01  8.756751358328481e-01  9.504471900164896e-06 
 2.800668621329021e-05  9.241558714136314e-01  9.241525889998702e-01  8.772312086754499e-01  9.521203820607072e-06 
 2.805668621329021e-05  9.258057572389810e-01  9.258024691291770e-01  8.787883389736452e-01  9.537932709363313e-06 
 2.810668621329021e-05  9.274556430754027e-01  9.274523492646850e-01  8.803465213104779e-01  9.554658479614165e-06 
 2.815668621329021e-05  9.291055289229535e-01  9.291022294059792e-01  8.819057501460476e-01  9.571381637843383e-06 
 2.820668621329022e-05  9.307554147813981e-01  9.307521095533732e-01  8.834660198291987e-01  9.588101727194182e-06 
 2.825668621329022e-05  9.324053006515306e-01  9.324019897069411e-01  8.850273245930481e-01  9.604819009013066e-06 
 2.830668621329022e-05  9.340551865319668e-01  9.340518698662372e-01  8.865896585662639e-01  9.621533407471797e-06 
 2.835668621329022e-05  9.357050724242523e-01  9.357017500318316e-01  8.881530157689901e-01  9.638244934449765e-06 
 2.840668621329022e-05  9.373549583271250e-01  9.373516302033594e-01  8.897173901237936e-01  9.654953474039683e-06 
 2.845668621329022e-05  9.390048442408313e-01  9.390015103805321e-01  8.912827754515941e-01  9.671659468332366e-06 
 2.850668621329022e-05  9.406547301655720e-01  9.406513905639531e-01  8.928491654825740e-01  9.688362316031003e-06 
 2.855668621329022e-05  9.423046161007017e-01  9.423012707527476e-01  8.944165538522520e-01  9.705062753102463e-06 
 2.860668621329022e-05  9.439545020465911e-01  9.439511509476211e-01  8.959849341120857e-01  9.721760126180472e-06 
 2.865668621329023e-05  9.456043880035669e-01  9.456010311483514e-01  8.975542997257971e-01  9.738454846269607e-06 
 2.870668621329023e-05  9.472542739697097e-01  9.472509113541312e-01  8.991246440793941e-01  9.755147015843449e-06 
 2.875668621329023e-05  9.489041599471174e-01  9.489007915659023e-01  9.006959604780372e-01  9.771836463261516e-06 
 2.880668621329023e-05  9.505540459352655e-01  9.505506717837802e-01  9.022682421558232e-01  9.788522830032798e-06 
 2.885668621329023e-05  9.522039319334574e-01  9.522005520068688e-01  9.038414822724835e-01  9.805206863670447e-06 
 2.890668621329023e-05  9.538538179412145e-01  9.538504322353047e-01  9.054156739229436e-01  9.821888194803267e-06 
 2.895668621329023e-05  9.555037039599482e-01  9.555003124695808e-01  9.069908101343473e-01  9.838566876832986e-06 
 2.900668621329023e-05  9.571535899874426e-01  9.571501927087029e-01  9.085668838752505e-01  9.855243105713965e-06 
 2.905668621329024e-05  9.588034760264095e-01  9.588000729540147e-01  9.101438880529186e-01  9.871916508078209e-06 
 2.910668621329024e-05  9.604533620740251e-01  9.604499532041159e-01  9.117218155220256e-01  9.888587484938261e-06 
 2.915668621329024e-05  9.621032481319440e-01  9.620998334596517e-01  9.133006590821271e-01  9.905256010536952e-06 
 2.920668621329024e-05  9.637531341992330e-01  9.637497137204741e-01  9.148804114862593e-01  9.921921860720247e-06 
 2.925668621329024e-05  9.654030202764905e-01  9.653995939865330e-01  9.164610654383673e-01  9.938585356786704e-06 
 2.930668621329024e-05  9.670529063626002e-01  9.670494742575575e-01  9.180426136016693e-01  9.955246336754765e-06 
 2.935668621329024e-05  9.687027924591497e-01  9.686993545341523e-01  9.196250485963204e-01  9.971904793519018e-06 
 2.940668621329024e-05  9.703526785643483e-01  9.703492348156000e-01  9.212083630072067e-01  9.988560789473977e-06 
 2.945668621329025e-05  9.720025646790043e-01  9.719991151019848e-01  9.227925493819394e-01  1.000521457652926e-05 
 2.950668621329025e-05  9.736524508023824e-01  9.736489953932953e-01  9.243776002384768e-01  1.002186586436155e-05 
 2.955668621329025e-05  9.753023369355880e-01  9.752988756898087e-01  9.259635080630255e-01  1.003851480929023e-05 
 2.960668621329025e-05  9.769522230771869e-01  9.769487559910506e-01  9.275502653174857e-01  1.005516135147430e-05 
 2.965668621329025e-05  9.786021092280180e-01  9.785986362971264e-01  9.291378644373145e-01  1.007180573371952e-05 
 2.970668621329025e-05  9.802519953875511e-01  9.802485166081498e-01  9.307262978389010e-01  1.008844760197577e-05 
 2.975668621329025e-05  9.819018815561833e-01  9.818983969239453e-01  9.323155579174447e-01  1.010508733938101e-05 
 2.980668621329025e-05  9.835517677330980e-01  9.835482772444322e-01  9.339056370539662e-01  1.012172468891862e-05 
 2.985668621329026e-05  9.852016539193443e-01  9.851981575698587e-01  9.354965276134826e-01  1.013835982089681e-05 
 2.990668621329026e-05  9.868515401129292e-01  9.868480378993820e-01  9.370882219515306e-01  1.015499286254713e-05 
 2.995668621329026e-05  9.885014263164233e-01  9.884979182342442e-01  9.386807124125069e-01  1.017162348424437e-05 
 3.000668621329026e-05  9.901513125263434e-01  9.901477985726209e-01  9.402739913359295e-01  1.018825230504888e-05 
 3.005668621329026e-05  9.918011987460986e-01  9.917976789163098e-01  9.418680510549410e-01  1.020487871700255e-05 
 3.010668621329026e-05  9.934510849732910e-01  9.934475592642021e-01  9.434628839022630e-01  1.022150298234003e-05 
 3.015668621329026e-05  9.951009712083834e-01  9.950974396161487e-01  9.450584822086351e-01  1.023812546521449e-05 
 3.020668621329026e-05  9.967508574519477e-01  9.967473199730020e-01  9.466548383086709e-01  1.025474544875492e-05 
 3.025668621329026e-05  9.984007437030586e-01  9.983972003336978e-01  9.482519445392701e-01  1.027136375363818e-05 
 3.030668621329027e-05  1.000050629961849e+00  1.000047080698798e+00  9.498497932453376e-01  1.028797980776634e-05 
 3.035668621329027e-05  1.001700516228974e+00  1.001696961068282e+00  9.514483767782664e-01  1.030459391167678e-05 
 3.040668621329027e-05  1.003350402503220e+00  1.003346841441817e+00  9.530476875012297e-01  1.032120593935918e-05 
 3.045668621329027e-05  1.005000288784601e+00  1.004996721818971e+00  9.546477177877014e-01  1.033781639718626e-05 
 3.050668621329027e-05  1.006650175074230e+00  1.006646602200937e+00  9.562484600268553e-01  1.035442439575836e-05 
 3.055668621329027e-05  1.008300061371213e+00  1.008296482586685e+00  9.578499066218548e-01  1.037103074231863e-05 
 3.060668621329027e-05  1.009949947674645e+00  1.009946362976079e+00  9.594520499949730e-01  1.038763521060364e-05 
 3.065668621329027e-05  1.011599833987081e+00  1.011596243370365e+00  9.610548825862477e-01  1.040423746921178e-05 
 3.070668621329027e-05  1.013249720304795e+00  1.013246123767543e+00  9.626583968579825e-01  1.042083822635435e-05 
 3.075668621329027e-05  1.014899606631041e+00  1.014896004169320e+00  9.642625852936371e-01  1.043743691659474e-05 
 3.080668621329027e-05  1.016549492963372e+00  1.016545884574545e+00  9.658674404022004e-01  1.045403382637051e-05 
 3.085668621329028e-05  1.018199379302634e+00  1.018195764983331e+00  9.674729547168781e-01  1.047062918638600e-05 
 3.090668621329028e-05  1.019849265648435e+00  1.019845645395882e+00  9.690791207994277e-01  1.048722260484349e-05 
 3.095668621329028e-05  1.021499152001365e+00  1.021495525812143e+00  9.706859312388926e-01  1.050381439815655e-05 
 3.100668621329028e-05  1.023149038361903e+00  1.023145406232898e+00  9.722933786557254e-01  1.052040388298292e-05 
 3.105668621329028e-05  1.024798924728159e+00  1.024795286656446e+00  9.739014557003484e-01  1.053699220029877e-05 
 3.110668621329028e-05  1.026448811100036e+00  1.026445167083194e+00  9.755101550572495e-01  1.055357885339036e-05 
 3.115668621329028e-05  1.028098697479441e+00  1.028095047513954e+00  9.771194694436237e-01  1.057016372690548e-05 
 3.120668621329028e-05  1.029748583865944e+00  1.029744927948909e+00  9.787293916131683e-01  1.058674643792823e-05 
 3.125668621329029e-05  1.031398470257461e+00  1.031394808386232e+00  9.803399143547569e-01  1.060332818994036e-05 
 3.130668621329029e-05  1.033048356654502e+00  1.033044688826723e+00  9.819510304960375e-01  1.061990829016271e-05 
 3.135668621329029e-05  1.034698243058737e+00  1.034694569271043e+00  9.835627329022323e-01  1.063648669940439e-05 
 3.140668621329029e-05  1.036348129468165e+00  1.036344449718336e+00  9.851750144794241e-01  1.065306355300161e-05 
 3.145668621329029e-05  1.037998015884509e+00  1.037994330169293e+00  9.867878681734479e-01  1.066963879555422e-05 
 3.150668621329029e-05  1.039647902306108e+00  1.039644210623278e+00  9.884012869729609e-01  1.068621245392963e-05 
 3.155668621329029e-05  1.041297788734096e+00  1.041294091080594e+00  9.900152639083076e-01  1.070278466557344e-05 
 3.160668621329029e-05  1.042947675166965e+00  1.042943971540715e+00  9.916297920545790e-01  1.071935540317417e-05 
 3.165668621329030e-05  1.044597561606309e+00  1.044593852004241e+00  9.932448645303931e-01  1.073592465496345e-05 
 3.170668621329030e-05  1.046247448050867e+00  1.046243732470804e+00  9.948604745007154e-01  1.075249231447090e-05 
 3.175668621329030e-05  1.047897334501284e+00  1.047893612940383e+00  9.964766151757698e-01  1.076905868167877e-05 
 3.180668621329030e-05  1.049547220955978e+00  1.049543493412400e+00  9.980932798135955e-01  1.078562375403356e-05 
 3.185668621329030e-05  1.051197107417261e+00  1.051193373887934e+00  9.997104617190395e-01  1.080218728106894e-05 
 3.190668621329030e-05  1.052846993883468e+00  1.052843254366348e+00  1.001328154246292e+00  1.081874929276095e-05 
 3.195668621329030e-05  1.054496880354615e+00  1.054493134847207e+00  1.002946350797616e+00  1.083531029226264e-05 
 3.200668621329030e-05  1.056146766831744e+00  1.056143015331659e+00  1.004565044825859e+00  1.085186941670869e-05 
 3.205668621329031e-05  1.057796653313329e+00  1.057792895818256e+00  1.006184229833190e+00  1.086842767984375e-05 
 3.210668621329031e-05  1.059446539798929e+00  1.059442776307163e+00  1.007803899373544e+00  1.088498470685651e-05 
 3.215668621329031e-05  1.061096426291051e+00  1.061092656799592e+00  1.009424047051387e+00  1.090154018177751e-05 
 3.220668621329031e-05  1.062746312787322e+00  1.062742537294436e+00  1.011044666523758e+00  1.091809436639733e-05 
 3.225668621329031e-05  1.064396199288471e+00  1.064392417791734e+00  1.012665751499226e+00  1.093464753149937e-05 
 3.230668621329031e-05  1.066046085794201e+00  1.066042298291751e+00  1.014287295739934e+00  1.095119925386661e-05 
 3.235668621329031e-05  1.067695972305263e+00  1.067692178794531e+00  1.015909293060449e+00  1.096774979873133e-05 
 3.240668621329031e-05  1.069345858819924e+00  1.069342059299400e+00  1.017531737329528e+00  1.098429921505438e-05 
 3.245668621329031e-05  1.070995745340064e+00  1.070991939807145e+00  1.019154622469090e+00  1.100084739581023e-05 
 3.250668621329032e-05  1.072645631863508e+00  1.072641820316798e+00  1.020777942455976e+00  1.101739453706429e-05 
 3.255668621329032e-05  1.074295518393184e+00  1.074291700829843e+00  1.022401691320849e+00  1.103394018329205e-05 
 3.260668621329032e-05  1.075945404926066e+00  1.075941581344742e+00  1.024025863149713e+00  1.105048481566415e-05 
 3.265668621329032e-05  1.077595291462676e+00  1.077591461861390e+00  1.025650452083005e+00  1.106702877202148e-05 
 3.270668621329032e-05  1.079245178004085e+00  1.079241342380962e+00  1.027275452317028e+00  1.108357117839646e-05 
 3.275668621329032e-05  1.080895064550315e+00  1.080891222903025e+00  1.028900858102737e+00  1.110011253672093e-05 
 3.280668621329032e-05  1.082544951099696e+00  1.082541103426935e+00  1.030526663747311e+00  1.111665288241099e-05 
 3.285668621329032e-05  1.084194837653440e+00  1.084190983953041e+00  1.032152863613074e+00  1.113319232537874e-05 
 3.290668621329033e-05  1.085844724210548e+00  1.085840864481154e+00  1.033779452118680e+00  1.114973067388864e-05 
 3.295668621329033e-05  1.087494610772964e+00  1.087490745012099e+00  1.035406423738132e+00  1.116626780015403e-05 
 3.300668621329033e-05  1.089144497338176e+00  1.089140625544696e+00  1.037033773001971e+00  1.118280400981931e-05 
 3.305668621329033e-05  1.090794383907673e+00  1.090790506079453e+00  1.038661494496255e+00  1.119933932964085e-05 
 3.310668621329033e-05  1.092444270481060e+00  1.092440386616593e+00  1.040289582863615e+00  1.121587336582255e-05 
 3.315668621329033e-05  1.094094157058030e+00  1.094090267155460e+00  1.041918032802224e+00  1.123240672943115e-05 
 3.320668621329033e-05  1.095744043638372e+00  1.095740147696376e+00  1.043546839066865e+00  1.124893897337986e-05 
 3.325668621329033e-05  1.097393930222723e+00  1.097390028239303e+00  1.045175996467777e+00  1.126547040186976e-05 
 3.330668621329034e-05  1.099043816809505e+00  1.099039908783678e+00  1.046805499871696e+00  1.128200101034896e-05 
 3.335668621329034e-05  1.100693703401171e+00  1.100689789330656e+00  1.048435344200870e+00  1.129853050483038e-05 
 3.340668621329034e-05  1.102343589995668e+00  1.102339669879353e+00  1.050065524433796e+00  1.131505904307673e-05 
 3.345668621329034e-05  1.103993476593490e+00  1.103989550429635e+00  1.051696035604233e+00  1.133158697480826e-05 
 3.350668621329034e-05  1.105643363194416e+00  1.105639430981834e+00  1.053326872802003e+00  1.134811384994054e-05 
 3.355668621329034e-05  1.107293249798939e+00  1.107289311535810e+00  1.054958031171929e+00  1.136464002207963e-05 
 3.360668621329034e-05  1.108943136406246e+00  1.108939192091496e+00  1.056589505914658e+00  1.138116523942693e-05 
 3.365668621329034e-05  1.110593023017649e+00  1.110589072649305e+00  1.058221292285595e+00  1.139768957892089e-05 
 3.370668621329035e-05  1.112242909631002e+00  1.112238953208286e+00  1.059853385595531e+00  1.141421323174192e-05 
 3.375668621329035e-05  1.113892796247798e+00  1.113888833768969e+00  1.061485781209645e+00  1.143073621576463e-05 
 3.380668621329035e-05  1.115542682867727e+00  1.115538714331612e+00  1.063118474548095e+00  1.144725811831909e-05 
 3.385668621329035e-05  1.117192569491021e+00  1.117188594895921e+00  1.064751461085018e+00  1.146377936917266e-05 
 3.390668621329035e-05  1.118842456116361e+00  1.118838475461482e+00  1.066384736349110e+00  1.148029989060970e-05 
 3.395668621329035e-05  1.120492342745900e+00  1.120488356029272e+00  1.068018295922617e+00  1.149681947701693e-05 
 3.400668621329035e-05  1.122142229377668e+00  1.122138236598447e+00  1.069652135441733e+00  1.151333826817142e-05 
 3.405668621329035e-05  1.123792116012314e+00  1.123788117168983e+00  1.071286250595700e+00  1.152985655539569e-05 
 3.410668621329036e-05  1.125442002648971e+00  1.125437997740772e+00  1.072920637127212e+00  1.154637411331446e-05 
 3.415668621329036e-05  1.127091889287969e+00  1.127087878313581e+00  1.074555290831409e+00  1.156289133738918e-05 
 3.420668621329036e-05  1.128741775930143e+00  1.128737758888422e+00  1.076190207556386e+00  1.157940743902844e-05 
 3.425668621329036e-05  1.130391662576169e+00  1.130387639465287e+00  1.077825383202105e+00  1.159592270478079e-05 
 3.430668621329036e-05  1.132041549223415e+00  1.132037520042907e+00  1.079460813720602e+00  1.161243748658694e-05 
 3.435668621329036e-05  1.133691435872536e+00  1.133687400621256e+00  1.081096495115259e+00  1.162895207910007e-05 
 3.440668621329036e-05  1.135341322525691e+00  1.135337281202223e+00  1.082732423441121e+00  1.164546525363636e-05 
 3.445668621329036e-05  1.136991209181055e+00  1.136987161784150e+00  1.084368594803723e+00  1.166197812275031e-05 
 3.450668621329036e-05  1.138641095839101e+00  1.138637042367810e+00  1.086005005359495e+00  1.167849001475699e-05 
 3.455668621329037e-05  1.140290982498082e+00  1.140286922951602e+00  1.087641651314703e+00  1.169500201634268e-05 
 3.460668621329037e-05  1.141940869160840e+00  1.141936803537859e+00  1.089278528925869e+00  1.171151267211603e-05 
 3.465668621329037e-05  1.143590755824567e+00  1.143586684124277e+00  1.090915634498568e+00  1.172802342225836e-05 
 3.470668621329037e-05  1.145240642491268e+00  1.145236564712640e+00  1.092552964387885e+00  1.174453308493724e-05 
 3.475668621329037e-05  1.146890529160622e+00  1.146886445302283e+00  1.094190514997349e+00  1.176104228276574e-05 
 3.480668621329037e-05  1.148540415831470e+00  1.148536325892903e+00  1.095828282779009e+00  1.177755087629986e-05 
 3.485668621329037e-05  1.150190302504911e+00  1.150186206484775e+00  1.097466264232660e+00  1.179405901752914e-05 
 3.490668621329037e-05  1.151840189179807e+00  1.151836087077600e+00  1.099104455905851e+00  1.181056656456705e-05 
 3.495668621329038e-05  1.153490075857309e+00  1.153485967671697e+00  1.100742854393127e+00  1.182707364919709e-05 
 3.500668621329038e-05  1.155139962536509e+00  1.155135848266915e+00  1.102381456336021e+00  1.184358005525882e-05 
 3.505668621329038e-05  1.156789849217988e+00  1.156785728863199e+00  1.104020258422146e+00  1.186008610016501e-05 
 3.510668621329038e-05  1.158439735900975e+00  1.158435609460488e+00  1.105659257385241e+00  1.187659152390143e-05 
 3.515668621329038e-05  1.160089622586046e+00  1.160085490058720e+00  1.107298450004397e+00  1.189309664687843e-05 
 3.520668621329038e-05  1.161739509272668e+00  1.161735370657992e+00  1.108937833104037e+00  1.190960113047800e-05 
 3.525668621329038e-05  1.163389395962225e+00  1.163385251258774e+00  1.110577403553053e+00  1.192610502865699e-05 
 3.530668621329038e-05  1.165039282652589e+00  1.165035131860119e+00  1.112217158264783e+00  1.194260852571239e-05 
 3.535668621329039e-05  1.166689169345336e+00  1.166685012462610e+00  1.113857094196297e+00  1.195911161842458e-05 
 3.540668621329039e-05  1.168339056038951e+00  1.168334893065712e+00  1.115497208348185e+00  1.197561428492215e-05 
 3.545668621329039e-05  1.169988942735600e+00  1.169984773670403e+00  1.117137497763919e+00  1.199211632503191e-05 
 3.550668621329039e-05  1.171638829433513e+00  1.171634654275970e+00  1.118777959529689e+00  1.200861780536722e-05 
 3.555668621329039e-05  1.173288716132956e+00  1.173284534882138e+00  1.120418590773604e+00  1.202511915303088e-05 
 3.560668621329039e-05  1.174938602833393e+00  1.174934415489011e+00  1.122059388665658e+00  1.204162002563012e-05 
 3.565668621329039e-05  1.176588489535831e+00  1.176584296096805e+00  1.123700350416996e+00  1.205812060324311e-05 
 3.570668621329039e-05  1.178238376239927e+00  1.178234176705748e+00  1.125341473279746e+00  1.207462048430218e-05 
 3.575668621329040e-05  1.179888262945289e+00  1.179884057315134e+00  1.126982754546266e+00  1.209112030940601e-05 
 3.580668621329040e-05  1.181538149652628e+00  1.181533937925881e+00  1.128624191549061e+00  1.210761932937611e-05 
 3.585668621329040e-05  1.183188036361315e+00  1.183183818537137e+00  1.130265781659972e+00  1.212411826052838e-05 
 3.590668621329040e-05  1.184837923071041e+00  1.184833699149140e+00  1.131907522290128e+00  1.214061669319051e-05 
 3.595668621329040e-05  1.186487809783358e+00  1.186483579762476e+00  1.133549410889214e+00  1.215711462336570e-05 
 3.600668621329040e-05  1.188137696496139e+00  1.188133460376187e+00  1.135191444945249e+00  1.217361224179028e-05 
 3.605668621329040e-05  1.189787583210939e+00  1.189783340990859e+00  1.136833621984007e+00  1.219010954246903e-05 
 3.610668621329040e-05  1.191437469927003e+00  1.191433221606440e+00  1.138475939568660e+00  1.220660626316728e-05 
 3.615668621329040e-05  1.193087356643925e+00  1.193083102222223e+00  1.140118395299129e+00  1.222310304559394e-05 
 3.620668621329041e-05  1.194737243362127e+00  1.194732982838929e+00  1.141760986812171e+00  1.223959923960239e-05 
 3.625668621329041e-05  1.196387130081858e+00  1.196382863456287e+00  1.143403711780462e+00  1.225609527085216e-05 
 3.630668621329041e-05  1.198037016802999e+00  1.198032744074660e+00  1.145046567912360e+00  1.227259066638822e-05 
 3.635668621329041e-05  1.199686903525686e+00  1.199682624693699e+00  1.146689552951355e+00  1.228908589117200e-05 
 3.640668621329041e-05  1.201336790248346e+00  1.201332505312808e+00  1.148332664675856e+00  1.230558095275298e-05 
 3.645668621329041e-05  1.202986676973547e+00  1.202982385933249e+00  1.149975900898633e+00  1.232207550918251e-05 
 3.650668621329041e-05  1.204636563699168e+00  1.204632266554063e+00  1.151619259466460e+00  1.233856975119686e-05 
 3.655668621329041e-05  1.206286450426637e+00  1.206282147175748e+00  1.153262738259594e+00  1.235506371743183e-05 
 3.660668621329042e-05  1.207936337154280e+00  1.207932027797651e+00  1.154906335191420e+00  1.237155744674520e-05 
 3.665668621329042e-05  1.209586223883703e+00  1.209581908420387e+00  1.156550048208015e+00  1.238805091804275e-05 
 3.670668621329042e-05  1.211236110613172e+00  1.211231789043265e+00  1.158193875287821e+00  1.240454419016630e-05 
 3.675668621329042e-05  1.212885997345371e+00  1.212881669667606e+00  1.159837814441213e+00  1.242103688830454e-05 
 3.680668621329042e-05  1.214535884077308e+00  1.214531550291886e+00  1.161481863709965e+00  1.243752948985338e-05 
 3.685668621329042e-05  1.216185770811605e+00  1.216181430917390e+00  1.163126021166886e+00  1.245402163421239e-05 
 3.690668621329042e-05  1.217835657545084e+00  1.217831311542474e+00  1.164770284915466e+00  1.247051386139404e-05 
 3.695668621329042e-05  1.219485544281128e+00  1.219481192168919e+00  1.166414653089542e+00  1.248700556321815e-05 
 3.700668621329043e-05  1.221135431016659e+00  1.221131072795147e+00  1.168059123852789e+00  1.250349724639052e-05 
 3.705668621329043e-05  1.222785317754475e+00  1.222780953422560e+00  1.169703695398391e+00  1.251998848947049e-05 
 3.710668621329043e-05  1.224435204492140e+00  1.224430834049999e+00  1.171348365948580e+00  1.253647959332849e-05 
 3.715668621329043e-05  1.226085091231947e+00  1.226080714678530e+00  1.172993133754242e+00  1.255297030327937e-05 
 3.720668621329043e-05  1.227734977971350e+00  1.227730595306931e+00  1.174637997094635e+00  1.256946095216798e-05 
 3.725668621329043e-05  1.229384864712150e+00  1.229380475935927e+00  1.176282954276911e+00  1.258595145317489e-05 
 3.730668621329043e-05  1.231034751454854e+00  1.231030356566324e+00  1.177928003635858e+00  1.260244112839792e-05 
 3.735668621329043e-05  1.232684638197119e+00  1.232680237196110e+00  1.179573143533297e+00  1.261893125881239e-05 
 3.740668621329044e-05  1.234334524940595e+00  1.234330117826838e+00  1.181218372357881e+00  1.263542079081665e-05 
 3.745668621329044e-05  1.235984411684456e+00  1.235979998457512e+00  1.182863688524629e+00  1.265191050045660e-05 
 3.750668621329044e-05  1.237634298429233e+00  1.237629879088928e+00  1.184509090474832e+00  1.266839971071824e-05 
 3.755668621329044e-05  1.239284185175007e+00  1.239279759720699e+00  1.186154576675278e+00  1.268488889477862e-05 
 3.760668621329044e-05  1.240934071921209e+00  1.240929640352897e+00  1.187800145618114e+00  1.270137773422576e-05 
 3.765668621329044e-05  1.242583958669264e+00  1.242579520986018e+00  1.189445795820478e+00  1.271786626480887e-05 
 3.770668621329044e-05  1.244233845416960e+00  1.244229401619049e+00  1.191091525824095e+00  1.273435470901663e-05 
 3.775668621329044e-05  1.245883732166538e+00  1.245879282253022e+00  1.192737334194912e+00  1.275084283259198e-05 
 3.780668621329044e-05  1.247533618915121e+00  1.247529162886491e+00  1.194383219522823e+00  1.276733107895800e-05 
 3.785668621329045e-05  1.249183505665917e+00  1.249179043521125e+00  1.196029180421391e+00  1.278381889122683e-05 
 3.790668621329045e-05  1.250833392415984e+00  1.250828924155437e+00  1.197675215527260e+00  1.280030673547007e-05 
 3.795668621329045e-05  1.252483279167518e+00  1.252478804790415e+00  1.199321323499979e+00  1.281679439386198e-05 
 3.800668621329045e-05  1.254133165919546e+00  1.254128685425885e+00  1.200967503021632e+00  1.283328167744260e-05 
 3.805668621329045e-05  1.255783052673412e+00  1.255778566062276e+00  1.202613752796718e+00  1.284976864705216e-05 
 3.810668621329045e-05  1.257432939426889e+00  1.257428446698575e+00  1.204260071551489e+00  1.286625553450520e-05 
 3.815668621329045e-05  1.259082826180043e+00  1.259078327334370e+00  1.205906458033631e+00  1.288274281986219e-05 
 3.820668621329045e-05  1.260732712934620e+00  1.260728207971270e+00  1.207552911012312e+00  1.289922942332020e-05 
 3.825668621329046e-05  1.262382599689534e+00  1.262378088608108e+00  1.209199429277505e+00  1.291571620419184e-05 
 3.830668621329046e-05  1.264032486444784e+00  1.264027969245334e+00  1.210846011639779e+00  1.293220266021223e-05 
 3.835668621329046e-05  1.265682373201624e+00  1.265677849883327e+00  1.212492656930048e+00  1.294868887931103e-05 
 3.840668621329046e-05  1.267332259958229e+00  1.267327730521340e+00  1.214139363999201e+00  1.296517495874377e-05 
 3.845668621329046e-05  1.268982146715352e+00  1.268977611159410e+00  1.215786131717862e+00  1.298166115408380e-05 
 3.850668621329046e-05  1.270632033473575e+00  1.270627491798382e+00  1.217432958976072e+00  1.299814676811106e-05 
 3.855668621329046e-05  1.272281920231031e+00  1.272277372436571e+00  1.219079844682856e+00  1.301463291970830e-05 
 3.860668621329046e-05  1.273931806990159e+00  1.273927253076040e+00  1.220726787766199e+00  1.303111829881237e-05 
 3.865668621329047e-05  1.275581693749581e+00  1.275577133715428e+00  1.222373787172482e+00  1.304760386621026e-05 
 3.870668621329047e-05  1.277231580509115e+00  1.277227014355066e+00  1.224020841866315e+00  1.306408917426006e-05 
 3.875668621329047e-05  1.278881467269518e+00  1.278876894995005e+00  1.225667950830280e+00  1.308057447942328e-05 
 3.880668621329047e-05  1.280531354030314e+00  1.280526775635382e+00  1.227315113064690e+00  1.309705943086944e-05 
 3.885668621329047e-05  1.282181240791620e+00  1.282176656275828e+00  1.228962327587173e+00  1.311354449533630e-05 
 3.890668621329047e-05  1.283831127553671e+00  1.283826536916951e+00  1.230609593432495e+00  1.313002908684816e-05 
 3.895668621329047e-05  1.285481014315040e+00  1.285476417557355e+00  1.232256909652200e+00  1.314651418573195e-05 
 3.900668621329047e-05  1.287130901077306e+00  1.287126298198531e+00  1.233904275314516e+00  1.316299876170069e-05 
 3.905668621329048e-05  1.288780787840529e+00  1.288776178840078e+00  1.235551689503986e+00  1.317948330103208e-05 
 3.910668621329048e-05  1.290430674602832e+00  1.290426059481201e+00  1.237199151321128e+00  1.319596791563658e-05 
 3.915668621329048e-05  1.292080561367556e+00  1.292075940123662e+00  1.238846659882399e+00  1.321245200843626e-05 
 3.920668621329048e-05  1.293730448131037e+00  1.293725820765488e+00  1.240494214319704e+00  1.322893628420070e-05 
 3.925668621329048e-05  1.295380334895371e+00  1.295375701407617e+00  1.242141813780285e+00  1.324542055374789e-05 
 3.930668621329048e-05  1.297030221659359e+00  1.297025582049705e+00  1.243789457426371e+00  1.326190470849803e-05 
 3.935668621329048e-05  1.298680108425253e+00  1.298675462692799e+00  1.245437144435166e+00  1.327838850553430e-05 
 3.940668621329048e-05  1.300329995190166e+00  1.300325343335432e+00  1.247084873998316e+00  1.329487239893793e-05 
 3.945668621329049e-05  1.301979881956423e+00  1.301975223978693e+00  1.248732645321822e+00  1.331135612225539e-05 
 3.950668621329049e-05  1.303629768721390e+00  1.303625104621298e+00  1.250380457625774e+00  1.332784003919576e-05 
 3.955668621329049e-05  1.305279655488367e+00  1.305274985264973e+00  1.252028310144291e+00  1.334432356467148e-05 
 3.960668621329049e-05  1.306929542254736e+00  1.306924865908447e+00  1.253676202124997e+00  1.336080705750665e-05 
 3.965668621329049e-05  1.308579429021877e+00  1.308574746552171e+00  1.255324132828924e+00  1.337729056721721e-05 
 3.970668621329049e-05  1.310229315789232e+00  1.310224627196235e+00  1.256972101530355e+00  1.339377377339280e-05 
 3.975668621329049e-05  1.311879202556718e+00  1.311874507840133e+00  1.258620107516578e+00  1.341025720538775e-05 
 3.980668621329049e-05  1.313529089324397e+00  1.313524388484357e+00  1.260268150087646e+00  1.342674034050907e-05 
 3.985668621329049e-05  1.315178976092886e+00  1.315174269128865e+00  1.261916228556179e+00  1.344322347540834e-05 
 3.990668621329050e-05  1.316828862861362e+00  1.316824149773564e+00  1.263564342247157e+00  1.345970638115758e-05 
 3.995668621329050e-05  1.318478749630221e+00  1.318474030418269e+00  1.265212490497693e+00  1.347618942568469e-05 
 4.000668621329050e-05  1.320128636398435e+00  1.320123911062744e+00  1.266860672656815e+00  1.349267245133802e-05 
 4.005668621329050e-05  1.321778523167016e+00  1.321773791707221e+00  1.268508888085371e+00  1.350915561710149e-05 
 4.010668621329050e-05  1.323428409937079e+00  1.323423672352873e+00  1.270157136155728e+00  1.352563806166409e-05 
 4.015668621329050e-05  1.325078296707034e+00  1.325073552998212e+00  1.271805416251558e+00  1.354212080421054e-05 
 4.020668621329050e-05  1.326728183476594e+00  1.326723433643491e+00  1.273453727767684e+00  1.355860344195195e-05 
 4.025668621329050e-05  1.328378070247718e+00  1.328373314289556e+00  1.275102070110069e+00  1.357508582811681e-05 
 4.030668621329051e-05  1.330027957017020e+00  1.330023194934629e+00  1.276750442695275e+00  1.359156857665848e-05 
 4.035668621329051e-05  1.331677843787424e+00  1.331673075580182e+00  1.278398844869668e+00  1.360805122528018e-05 
 4.040668621329051e-05  1.333327730557889e+00  1.333322956225986e+00  1.280047276075003e+00  1.362453361433163e-05 
 4.045668621329051e-05  1.334977617329104e+00  1.334972836872041e+00  1.281695735843988e+00  1.364101601826006e-05 
 4.050668621329051e-05  1.336627504100080e+00  1.336622717518145e+00  1.283344223634284e+00  1.365749826342660e-05 
 4.055668621329051e-05  1.338277390872123e+00  1.338272598164712e+00  1.284992738913570e+00  1.367398041688872e-05 
 4.060668621329051e-05  1.339927277642780e+00  1.339922478810575e+00  1.286641281159079e+00  1.369046278928682e-05 
 4.065668621329051e-05  1.341577164414805e+00  1.341572359457096e+00  1.288289849857807e+00  1.370694497050452e-05 
 4.070668621329052e-05  1.343227051186017e+00  1.343222240103298e+00  1.289938444506119e+00  1.372342717969985e-05 
 4.075668621329052e-05  1.344876937958277e+00  1.344872120749948e+00  1.291587064609599e+00  1.373990930185368e-05 
 4.080668621329052e-05  1.346526824730560e+00  1.346522001396826e+00  1.293235709682862e+00  1.375639117776004e-05 
 4.085668621329052e-05  1.348176711503251e+00  1.348171882043732e+00  1.294884379249582e+00  1.377287317734525e-05 
 4.090668621329052e-05  1.349826598275270e+00  1.349821762690410e+00  1.296533072842081e+00  1.378935515805668e-05 
 4.095668621329052e-05  1.351476485047677e+00  1.351471643337106e+00  1.298181790001360e+00  1.380583726733193e-05 
 4.100668621329052e-05  1.353126371820024e+00  1.353121523983981e+00  1.299830530276966e+00  1.382231915522870e-05 
 4.105668621329052e-05  1.354776258593933e+00  1.354771404631647e+00  1.301479293226709e+00  1.383880078377738e-05 
 4.110668621329053e-05  1.356426145365811e+00  1.356421285278186e+00  1.303128078416491e+00  1.385528284420282e-05 
 4.115668621329053e-05  1.358076032139754e+00  1.358071165925851e+00  1.304776885420525e+00  1.387176447674830e-05 
 4.120668621329053e-05  1.359725918912595e+00  1.359721046573008e+00  1.306425713820624e+00  1.388824623319468e-05 
 4.125668621329053e-05  1.361375805686013e+00  1.361370927220308e+00  1.308074563206444e+00  1.390472805225763e-05 
 4.130668621329053e-05  1.363025692459097e+00  1.363020807867611e+00  1.309723433175301e+00  1.392120974009221e-05 
 4.135668621329053e-05  1.364675579233743e+00  1.364670688515704e+00  1.311372323332085e+00  1.393769116658031e-05 
 4.140668621329053e-05  1.366325466006835e+00  1.366320569162992e+00  1.313021233288816e+00  1.395417286551713e-05 
 4.145668621329053e-05  1.367975352780580e+00  1.367970449810477e+00  1.314670162664931e+00  1.397065459975904e-05 
 4.150668621329053e-05  1.369625239554499e+00  1.369620330458299e+00  1.316319111086959e+00  1.398713603557300e-05 
 4.155668621329054e-05  1.371275126328555e+00  1.371270211105971e+00  1.317968078188280e+00  1.400361767899867e-05 
 4.160668621329054e-05  1.372925013103086e+00  1.372920091754186e+00  1.319617063609195e+00  1.402009892207792e-05 
 4.165668621329054e-05  1.374574899877481e+00  1.374569972402072e+00  1.321266066996801e+00  1.403658046269693e-05 
 4.170668621329054e-05  1.376224786652096e+00  1.376219853050328e+00  1.322915088004693e+00  1.405306168756853e-05 
 4.175668621329054e-05  1.377874673426573e+00  1.377869733698262e+00  1.324564126292976e+00  1.406954320798148e-05 
 4.180668621329054e-05  1.379524560200220e+00  1.379519614345867e+00  1.326213181528100e+00  1.408602476170114e-05 
 4.185668621329054e-05  1.381174446975943e+00  1.381169494994610e+00  1.327862253382902e+00  1.410250587910314e-05 
 4.190668621329054e-05  1.382824333749231e+00  1.382819375641974e+00  1.329511341536196e+00  1.411898755694571e-05 
 4.195668621329055e-05  1.384474220524812e+00  1.384469256290614e+00  1.331160445672974e+00  1.413546872830456e-05 
 4.200668621329055e-05  1.386124107300693e+00  1.386119136939683e+00  1.332809565484093e+00  1.415194955638244e-05 
 4.205668621329055e-05  1.387773994075142e+00  1.387769017587569e+00  1.334458700666242e+00  1.416843110810369e-05 
 4.210668621329055e-05  1.389423880849673e+00  1.389418898235741e+00  1.336107850921745e+00  1.418491238715417e-05 
 4.215668621329055e-05  1.391073767624692e+00  1.391068778883995e+00  1.337757015958664e+00  1.420139375679883e-05 
 4.220668621329055e-05  1.392723654399470e+00  1.392718659532328e+00  1.339406195490490e+00  1.421787495724552e-05 
 4.225668621329055e-05  1.394373541174927e+00  1.394368540180871e+00  1.341055389236195e+00  1.423435618500369e-05 
 4.230668621329055e-05  1.396023427950746e+00  1.396018420829882e+00  1.342704596920116e+00  1.425083704905280e-05 
 4.235668621329056e-05  1.397673314725733e+00  1.397668301478116e+00  1.344353818271632e+00  1.426731843401855e-05 
 4.240668621329056e-05  1.399323201500984e+00  1.399318182126747e+00  1.346003053025301e+00  1.428379948902601e-05 
 4.245668621329056e-05  1.400973088276248e+00  1.400968062775162e+00  1.347652300920745e+00  1.430028078561800e-05 
 4.250668621329056e-05  1.402622975051519e+00  1.402617943423811e+00  1.349301561702543e+00  1.431676183396413e-05 
 4.255668621329056e-05  1.404272861827258e+00  1.404267824072534e+00  1.350950835120155e+00  1.433324297823353e-05 
 4.260668621329056e-05  1.405922748602213e+00  1.405917704720973e+00  1.352600120927679e+00  1.434972413316107e-05 
 4.265668621329056e-05  1.407572635378209e+00  1.407567585369867e+00  1.354249418883968e+00  1.436620519305352e-05 
 4.270668621329056e-05  1.409222522153465e+00  1.409217466018507e+00  1.355898728752423e+00  1.438268625005939e-05 
 4.275668621329057e-05  1.410872408929664e+00  1.410867346667535e+00  1.357548050301080e+00  1.439916724444868e-05 
 4.280668621329057e-05  1.412522295704595e+00  1.412517227315963e+00  1.359197383302223e+00  1.441564840892414e-05 
 4.285668621329057e-05  1.414172182481021e+00  1.414167107965144e+00  1.360846727532573e+00  1.443212932781827e-05 
 4.290668621329057e-05  1.415822069256713e+00  1.415816988614075e+00  1.362496082773072e+00  1.444861024271558e-05 
 4.295668621329057e-05  1.417471956032274e+00  1.417466869262694e+00  1.364145448808868e+00  1.446509144382840e-05 
 4.300668621329057e-05  1.419121842806905e+00  1.419116749910925e+00  1.365794825429107e+00  1.448157270977824e-05 
 4.305668621329057e-05  1.420771729583482e+00  1.420766630560211e+00  1.367444212427145e+00  1.449805357826824e-05 
 4.310668621329057e-05  1.422421616359280e+00  1.422416511209224e+00  1.369093609600140e+00  1.451453445475184e-05 
 4.315668621329058e-05  1.424071503134629e+00  1.424066391857706e+00  1.370743016749207e+00  1.453101572669689e-05 
 4.320668621329058e-05  1.425721389910110e+00  1.425716272506510e+00  1.372392433679273e+00  1.454749670865168e-05 
 4.325668621329058e-05  1.427371276686169e+00  1.427366153155471e+00  1.374041860199000e+00  1.456397774189877e-05 
 4.330668621329058e-05  1.429021163461552e+00  1.429016033804215e+00  1.375691296120655e+00  1.458045875493981e-05 
 4.335668621329058e-05  1.430671050237264e+00  1.430665914452952e+00  1.377340741260183e+00  1.459693990098556e-05 
 4.340668621329058e-05  1.432320937013289e+00  1.432315795102131e+00  1.378990195437058e+00  1.461342069708901e-05 
 4.345668621329058e-05  1.433970823789491e+00  1.433965675751197e+00  1.380639658474218e+00  1.462990167993199e-05 
 4.350668621329058e-05  1.435620710564615e+00  1.435615556399788e+00  1.382289130197931e+00  1.464638277068863e-05 
 4.355668621329058e-05  1.437270597340471e+00  1.437265437048634e+00  1.383938610437909e+00  1.466286386433186e-05 
 4.360668621329059e-05  1.438920484116383e+00  1.438915317697750e+00  1.385588099027096e+00  1.467934469307587e-05 
 4.365668621329059e-05  1.440570370892317e+00  1.440565198346656e+00  1.387237595801665e+00  1.469582575740921e-05 
 4.370668621329059e-05  1.442220257667493e+00  1.442215078995299e+00  1.388887100600893e+00  1.471230682307481e-05 
 4.375668621329059e-05  1.443870144444249e+00  1.443864959644759e+00  1.390536613267237e+00  1.472878761074057e-05 
 4.380668621329059e-05  1.445520031219712e+00  1.445514840293598e+00  1.392186133646085e+00  1.474526857937269e-05 
 4.385668621329059e-05  1.447169917996044e+00  1.447164720942788e+00  1.393835661585988e+00  1.476174950204157e-05 
 4.390668621329059e-05  1.448819804770655e+00  1.448814601591076e+00  1.395485196938196e+00  1.477823074734126e-05 
 4.395668621329059e-05  1.450469691547132e+00  1.450464482240368e+00  1.397134739557003e+00  1.479471161782965e-05 
 4.400668621329060e-05  1.452119578322707e+00  1.452114362889306e+00  1.398784289299460e+00  1.481119253983240e-05 
 4.405668621329060e-05  1.453769465098736e+00  1.453764243538315e+00  1.400433846025409e+00  1.482767355265138e-05 
 4.410668621329060e-05  1.455419351873525e+00  1.455414124186746e+00  1.402083409597366e+00  1.484415472778498e-05 
 4.415668621329060e-05  1.457069238649835e+00  1.457064004835952e+00  1.403732979880581e+00  1.486063564201616e-05 
 4.420668621329060e-05  1.458719125425217e+00  1.458713885484784e+00  1.405382556742784e+00  1.487711661686553e-05 
 4.425668621329060e-05  1.460369012201463e+00  1.460363766133959e+00  1.407032140054422e+00  1.489359754641779e-05 
 4.430668621329060e-05  1.462018898976628e+00  1.462013646782659e+00  1.408681729688334e+00  1.491007858832462e-05 
 4.435668621329060e-05  1.463668785752204e+00  1.463663527431407e+00  1.410331325519914e+00  1.492655973081765e-05 
 4.440668621329061e-05  1.465318672528329e+00  1.465313408080755e+00  1.411980927426929e+00  1.494304044876140e-05 
 4.445668621329061e-05  1.466968559303903e+00  1.466963288729511e+00  1.413630535289527e+00  1.495952158747968e-05 
 4.450668621329061e-05  1.468618446079519e+00  1.468613169378537e+00  1.415280148990175e+00  1.497600246618372e-05 
 4.455668621329061e-05  1.470268332854326e+00  1.470263050026804e+00  1.416929768413607e+00  1.499248385048333e-05 
 4.460668621329061e-05  1.471918219629471e+00  1.471912930675530e+00  1.418579393446822e+00  1.500896487795726e-05 
 4.465668621329061e-05  1.473568106405788e+00  1.473562811324806e+00  1.420229023979073e+00  1.502544575732743e-05 
 4.470668621329061e-05  1.475217993180996e+00  1.475212691973588e+00  1.421878659901689e+00  1.504192675704579e-05 
 4.475668621329061e-05  1.476867879956572e+00  1.476862572622390e+00  1.423528301108192e+00  1.505840787355961e-05 
 4.480668621329062e-05  1.478517766731552e+00  1.478512453271038e+00  1.425177947494110e+00  1.507488894033543e-05 
 4.485668621329062e-05  1.480167653506836e+00  1.480162333919660e+00  1.426827598957080e+00  1.509137014633323e-05 
 4.490668621329062e-05  1.481817540281918e+00  1.481812214568390e+00  1.428477255396654e+00  1.510785117203080e-05 
 4.495668621329062e-05  1.483467427057941e+00  1.483462095217517e+00  1.430126916714340e+00  1.512433212534183e-05 
 4.500668621329062e-05  1.485117313833031e+00  1.485111975866265e+00  1.431776582813596e+00  1.514081314149149e-05 
 4.505668621329062e-05  1.486767200607689e+00  1.486761856514505e+00  1.433426253599868e+00  1.515729453778150e-05 
 4.510668621329062e-05  1.488417087382617e+00  1.488411737163165e+00  1.435075928980301e+00  1.517377559811803e-05 
 4.515668621329062e-05  1.490066974158390e+00  1.490061617812156e+00  1.436725608863902e+00  1.519025661826448e-05 
 4.520668621329062e-05  1.491716860932886e+00  1.491711498460547e+00  1.438375293161463e+00  1.520673781271596e-05 
 4.525668621329063e-05  1.493366747708028e+00  1.493361379109138e+00  1.440024981785608e+00  1.522321903248051e-05 
 4.530668621329063e-05  1.495016634483472e+00  1.495011259758166e+00  1.441674674650522e+00  1.523969990740979e-05 
 4.535668621329063e-05  1.496666521258211e+00  1.496661140406507e+00  1.443324371672118e+00  1.525618125262955e-05 
 4.540668621329063e-05  1.498316408033400e+00  1.498311021055390e+00  1.444974072768024e+00  1.527266219950128e-05 
 4.545668621329063e-05  1.499966294809053e+00  1.499960901704352e+00  1.446623777857454e+00  1.528914323341450e-05 
 4.550668621329063e-05  1.501616181583376e+00  1.501610782352677e+00  1.448273486861131e+00  1.530562445895221e-05 
 4.555668621329063e-05  1.503266068357976e+00  1.503260663000959e+00  1.449923199701445e+00  1.532210583259368e-05 
 4.560668621329063e-05  1.504915955133019e+00  1.504910543649778e+00  1.451572916302219e+00  1.533858681077371e-05 
 4.565668621329064e-05  1.506565841908557e+00  1.506560424298698e+00  1.453222636588836e+00  1.535506786422685e-05 
 4.570668621329064e-05  1.508215728682120e+00  1.508210304946552e+00  1.454872360488096e+00  1.537154932446571e-05 
 4.575668621329064e-05  1.509865615457862e+00  1.509860185595627e+00  1.456522087928336e+00  1.538803029931505e-05 
 4.580668621329064e-05  1.511515502231350e+00  1.511510066243452e+00  1.458171818839100e+00  1.540451177465295e-05 
 4.585668621329064e-05  1.513165389006688e+00  1.513159946892275e+00  1.459821553151500e+00  1.542099287429137e-05 
 4.590668621329064e-05  1.514815275780902e+00  1.514809827540596e+00  1.461471290797911e+00  1.543747410093930e-05 
 4.595668621329064e-05  1.516465162555646e+00  1.516459708189044e+00  1.463121031712126e+00  1.545395538687315e-05 
 4.600668621329064e-05  1.518115049329290e+00  1.518109588837010e+00  1.464770775829071e+00  1.547043679115676e-05 
 4.605668621329065e-05  1.519764936104983e+00  1.519759469486101e+00  1.466420523085180e+00  1.548691775423776e-05 
 4.610668621329065e-05  1.521414822879124e+00  1.521409350134416e+00  1.468070273417936e+00  1.550339898355022e-05 
 4.615668621329065e-05  1.523064709652724e+00  1.523059230782142e+00  1.469720026766166e+00  1.551988062897428e-05 
 4.620668621329065e-05  1.524714596427306e+00  1.524709111430763e+00  1.471369783069910e+00  1.553636170374371e-05 
 4.625668621329065e-05  1.526364483201532e+00  1.526358992078922e+00  1.473019542270349e+00  1.555284313223018e-05 
 4.630668621329065e-05  1.528014369976026e+00  1.528008872727503e+00  1.474669304309819e+00  1.556932422631748e-05 
 4.635668621329065e-05  1.529664256749634e+00  1.529658753375273e+00  1.476319069131790e+00  1.558580584842686e-05 
 4.640668621329065e-05  1.531314143523833e+00  1.531308634023676e+00  1.477968836680887e+00  1.560228703022179e-05 
 4.645668621329066e-05  1.532964030297564e+00  1.532958514671550e+00  1.479618606902767e+00  1.561876860059477e-05 
 4.650668621329066e-05  1.534613917071753e+00  1.534608395319966e+00  1.481268379744226e+00  1.563524977439608e-05 
 4.655668621329066e-05  1.536263803845813e+00  1.536258275968074e+00  1.482918155153108e+00  1.565173122730746e-05 
 4.660668621329066e-05  1.537913690618824e+00  1.537908156615731e+00  1.484567933078216e+00  1.566821277947278e-05 
 4.665668621329066e-05  1.539563577392893e+00  1.539558037263865e+00  1.486217713469416e+00  1.568469421839536e-05 
 4.670668621329066e-05  1.541213464166631e+00  1.541207917912022e+00  1.487867496277546e+00  1.570117552009436e-05 
 4.675668621329066e-05  1.542863350940965e+00  1.542857798560349e+00  1.489517281454559e+00  1.571765686109527e-05 
 4.680668621329066e-05  1.544513237713479e+00  1.544507679207719e+00  1.491167068953087e+00  1.573413855625731e-05 
 4.685668621329066e-05  1.546163124487914e+00  1.546157559856132e+00  1.492816858726867e+00  1.575061985240520e-05 
 4.690668621329067e-05  1.547813011260606e+00  1.547807440503636e+00  1.494466650730534e+00  1.576710147962160e-05 
 4.695668621329067e-05  1.549462898034219e+00  1.549457321151525e+00  1.496116444919673e+00  1.578358303711599e-05 
 4.700668621329067e-05  1.551112784807654e+00  1.551107201799541e+00  1.497766241250603e+00  1.580006440787087e-05 
 4.705668621329067e-05  1.552762671581071e+00  1.552757082447320e+00  1.499416039680655e+00  1.581654601865597e-05 
 4.710668621329067e-05  1.554412558355097e+00  1.554406963095744e+00  1.501065840167946e+00  1.583302718446367e-05 
 4.715668621329067e-05  1.556062445128102e+00  1.556056843743273e+00  1.502715642671387e+00  1.584950892048193e-05 
 4.720668621329067e-05  1.557712331900865e+00  1.557706724390884e+00  1.504365447150736e+00  1.586599049129899e-05 
 4.725668621329067e-05  1.559362218673713e+00  1.559356605038329e+00  1.506015253566560e+00  1.588247226817345e-05 
 4.730668621329068e-05  1.561012105447135e+00  1.561006485686393e+00  1.507665061880209e+00  1.589895361095070e-05 
 4.735668621329068e-05  1.562661992220230e+00  1.562656366334022e+00  1.509314872053806e+00  1.591543529545460e-05 
 4.740668621329068e-05  1.564311878993254e+00  1.564306246981843e+00  1.510964684050216e+00  1.593191675835799e-05 
 4.745668621329068e-05  1.565961765765656e+00  1.565956127629035e+00  1.512614497832992e+00  1.594839866068765e-05 
 4.750668621329068e-05  1.567611652538688e+00  1.567606008276879e+00  1.514264313366497e+00  1.596488011115654e-05 
 4.755668621329068e-05  1.569261539311191e+00  1.569255888924156e+00  1.515914130615717e+00  1.598136197018751e-05 
 4.760668621329068e-05  1.570911426084101e+00  1.570905769571942e+00  1.517563949546352e+00  1.599784344774583e-05 
 4.765668621329068e-05  1.572561312857207e+00  1.572555650219639e+00  1.519213770124877e+00  1.601432509605647e-05 
 4.770668621329069e-05  1.574211199628806e+00  1.574205530866581e+00  1.520863592318314e+00  1.603080699505545e-05 
 4.775668621329069e-05  1.575861086402111e+00  1.575855411514426e+00  1.522513416094446e+00  1.604728856787091e-05 
 4.780668621329069e-05  1.577510973174118e+00  1.577505292161661e+00  1.524163241421543e+00  1.606377032009842e-05 
 4.785668621329069e-05  1.579160859946777e+00  1.579155172809101e+00  1.525813068268686e+00  1.608025209364221e-05 
 4.790668621329069e-05  1.580810746719362e+00  1.580805053456730e+00  1.527462896605456e+00  1.609673364758388e-05 
 4.795668621329069e-05  1.582460633491059e+00  1.582454934103555e+00  1.529112726402076e+00  1.611321572754922e-05 
 4.800668621329069e-05  1.584110520262959e+00  1.584104814750758e+00  1.530762557629390e+00  1.612969749287736e-05 
 4.805668621329069e-05  1.585760407036108e+00  1.585754695398561e+00  1.532412390258820e+00  1.614617908412253e-05 
 4.810668621329070e-05  1.587410293808702e+00  1.587404576046239e+00  1.534062224262289e+00  1.616266061030862e-05 
 4.815668621329070e-05  1.589060180579729e+00  1.589054456692667e+00  1.535712059612264e+00  1.617914288744958e-05 
 4.820668621329070e-05  1.590710067351866e+00  1.590704337340060e+00  1.537361896281872e+00  1.619562455507809e-05 
 4.825668621329070e-05  1.592359954122958e+00  1.592354217986551e+00  1.539011734244685e+00  1.621210680068870e-05 
 4.830668621329070e-05  1.594009840896069e+00  1.594004098634606e+00  1.540661573474854e+00  1.622858813458416e-05 
 4.835668621329070e-05  1.595659727667755e+00  1.595653979281511e+00  1.542311413947017e+00  1.624507017347126e-05 
 4.840668621329070e-05  1.597309614439972e+00  1.597303859929001e+00  1.543961255636357e+00  1.626155178847518e-05 
 4.845668621329070e-05  1.598959501211587e+00  1.598953740575876e+00  1.545611098518518e+00  1.627803384090699e-05 
 4.850668621329071e-05  1.600609387982828e+00  1.600603621222741e+00  1.547260942569584e+00  1.629451576743951e-05 
 4.855668621329071e-05  1.602259274754634e+00  1.602253501869767e+00  1.548910787766153e+00  1.631099774393207e-05 
 4.860668621329071e-05  1.603909161526060e+00  1.603903382516769e+00  1.550560634085266e+00  1.632747959985440e-05 
 4.865668621329071e-05  1.605559048297040e+00  1.605553263163270e+00  1.552210481504499e+00  1.634396183769345e-05 
 4.870668621329071e-05  1.607208935069505e+00  1.607203143810979e+00  1.553860330001917e+00  1.636044333878850e-05 
 4.875668621329071e-05  1.608858821840434e+00  1.608853024457469e+00  1.555510179555930e+00  1.637692558217867e-05 
 4.880668621329071e-05  1.610508708609933e+00  1.610502905103242e+00  1.557160030145275e+00  1.639340804938980e-05 
 4.885668621329071e-05  1.612158595382192e+00  1.612152785750627e+00  1.558809881749319e+00  1.640988984269556e-05 
 4.890668621329071e-05  1.613808482153143e+00  1.613802666397383e+00  1.560459734347722e+00  1.642637181874401e-05 
 4.895668621329072e-05  1.615458368924678e+00  1.615452547044310e+00  1.562109587920629e+00  1.644285383986753e-05 
 4.900668621329072e-05  1.617108255695152e+00  1.617102427690770e+00  1.563759442448435e+00  1.645933596268748e-05 
 4.905668621329072e-05  1.618758142466932e+00  1.618752308337876e+00  1.565409297912126e+00  1.647581789277270e-05 
 4.910668621329072e-05  1.620408029236749e+00  1.620402188983925e+00  1.567059154292876e+00  1.649230022053982e-05 
 4.915668621329072e-05  1.622057916008404e+00  1.622052069630974e+00  1.568709011572351e+00  1.650878217727040e-05 
 4.920668621329072e-05  1.623707802778723e+00  1.623701950277371e+00  1.570358869732471e+00  1.652526433051045e-05 
 4.925668621329072e-05  1.625357689549925e+00  1.625351830924140e+00  1.572008728755757e+00  1.654174642557482e-05 
 4.930668621329072e-05  1.627007576319861e+00  1.627001711570309e+00  1.573658588624893e+00  1.655822869205763e-05 
 4.935668621329073e-05  1.628657463091244e+00  1.628651592217215e+00  1.575308449322922e+00  1.657471071673385e-05 
 4.940668621329073e-05  1.630307349860602e+00  1.630301472863022e+00  1.576958310833181e+00  1.659119316396097e-05 
 4.945668621329073e-05  1.631957236632212e+00  1.631951353510103e+00  1.578608173139553e+00  1.660767509937526e-05 
 4.950668621329073e-05  1.633607123401133e+00  1.633601234155640e+00  1.580258036225952e+00  1.662415768116141e-05 
 4.955668621329073e-05  1.635257010171698e+00  1.635251114802048e+00  1.581907900076872e+00  1.664063995030875e-05 
 4.960668621329073e-05  1.636906896942686e+00  1.636900995448973e+00  1.583557764676999e+00  1.665712183709527e-05 
 4.965668621329073e-05  1.638556783712547e+00  1.638550876094938e+00  1.585207630011245e+00  1.667360432717699e-05 
 4.970668621329073e-05  1.640206670483034e+00  1.640200756741555e+00  1.586857496064933e+00  1.669008636673020e-05 
 4.975668621329074e-05  1.641856557253474e+00  1.641850637387922e+00  1.588507362823677e+00  1.670656865563950e-05 
 4.980668621329074e-05  1.643506444022482e+00  1.643500518033579e+00  1.590157230273366e+00  1.672305117369885e-05 
 4.985668621329074e-05  1.645156330792881e+00  1.645150398679941e+00  1.591807098400221e+00  1.673953346238611e-05 
 4.990668621329074e-05  1.646806217562969e+00  1.646800279326330e+00  1.593456967190578e+00  1.675601561340572e-05 
 4.995668621329074e-05  1.648456104333471e+00  1.648450159972779e+00  1.595106836631202e+00  1.677249785835019e-05 
 5.000668621329074e-05  1.650105991102549e+00  1.650100040618526e+00  1.596756706709045e+00  1.678898032889198e-05 
 5.005668621329074e-05  1.651755877872556e+00  1.651749921264667e+00  1.598406577411398e+00  1.680546272571497e-05 
 5.010668621329074e-05  1.653405764641870e+00  1.653399801910592e+00  1.600056448725709e+00  1.682194510677278e-05 
 5.015668621329075e-05  1.655055651411799e+00  1.655049682556700e+00  1.601706320639747e+00  1.683842751869480e-05 
 5.020668621329075e-05  1.656705538180615e+00  1.656699563202317e+00  1.603356193141478e+00  1.685491005318544e-05 
 5.025668621329075e-05  1.658355424949327e+00  1.658349443847645e+00  1.605006066219195e+00  1.687139285390756e-05 
 5.030668621329075e-05  1.660005311719488e+00  1.659999324494167e+00  1.606655939861383e+00  1.688787493387289e-05 
 5.035668621329075e-05  1.661655198489028e+00  1.661649205140060e+00  1.608305814056726e+00  1.690435745148814e-05 
 5.040668621329075e-05  1.663305085258452e+00  1.663299085786117e+00  1.609955688794110e+00  1.692083976215782e-05 
 5.045668621329075e-05  1.664954972027488e+00  1.664948966431702e+00  1.611605564062679e+00  1.693732243342793e-05 
 5.050668621329075e-05  1.666604858796464e+00  1.666598847077482e+00  1.613255439851797e+00  1.695380488132117e-05 
 5.055668621329075e-05  1.668254745566560e+00  1.668248727723787e+00  1.614905316151109e+00  1.697028719065857e-05 
 5.060668621329076e-05  1.669904632335217e+00  1.669898608369375e+00  1.616555192950369e+00  1.698676973380895e-05 
 5.065668621329076e-05  1.671554519103746e+00  1.671548489014669e+00  1.618205070239528e+00  1.700325254718762e-05 
 5.070668621329076e-05  1.673204405873055e+00  1.673198369660709e+00  1.619854948008831e+00  1.701973486274227e-05 
 5.075668621329076e-05  1.674854292640727e+00  1.674848250305454e+00  1.621504826248682e+00  1.703621795034602e-05 
 5.080668621329076e-05  1.676504179410322e+00  1.676498130951700e+00  1.623154704949690e+00  1.705270016042947e-05 
 5.085668621329076e-05  1.678154066179580e+00  1.678148011597520e+00  1.624804584102632e+00  1.706918271046324e-05 
 5.090668621329076e-05  1.679803952948377e+00  1.679797892243255e+00  1.626454463698416e+00  1.708566517412165e-05 
 5.095668621329076e-05  1.681453839716498e+00  1.681447772888338e+00  1.628104343728164e+00  1.710214809141718e-05 
 5.100668621329077e-05  1.683103726484277e+00  1.683097653533430e+00  1.629754224183181e+00  1.711863087615209e-05 
 5.105668621329077e-05  1.684753613251816e+00  1.684747534178147e+00  1.631404105054991e+00  1.713511397441397e-05 
 5.110668621329077e-05  1.686403500020408e+00  1.686397414823795e+00  1.633053986335280e+00  1.715159647915063e-05 
 5.115668621329077e-05  1.688053386789656e+00  1.688047295469665e+00  1.634703868015898e+00  1.716807900098472e-05 
 5.120668621329077e-05  1.689703273557790e+00  1.689697176115026e+00  1.636353750088834e+00  1.718456164782992e-05 
 5.125668621329077e-05  1.691353160326688e+00  1.691347056760685e+00  1.638003632546326e+00  1.720104427358090e-05 
 5.130668621329077e-05  1.693003047094177e+00  1.692996937405646e+00  1.639653515380574e+00  1.721752711960011e-05 
 5.135668621329077e-05  1.694652933862000e+00  1.694646818050612e+00  1.641303398584088e+00  1.723401009063043e-05 
 5.140668621329078e-05  1.696302820629317e+00  1.696296698695477e+00  1.642953282149515e+00  1.725049298350106e-05 
 5.145668621329078e-05  1.697952707397722e+00  1.697946579340850e+00  1.644603166069617e+00  1.726697574869604e-05 
 5.150668621329078e-05  1.699602594165516e+00  1.699596459986048e+00  1.646253050337244e+00  1.728345847458912e-05 
 5.155668621329078e-05  1.701252480932943e+00  1.701246340630792e+00  1.647902934945478e+00  1.729994155331109e-05 
 5.160668621329078e-05  1.702902367700177e+00  1.702896221275646e+00  1.649552819887484e+00  1.731642444995647e-05 
 5.165668621329078e-05  1.704552254468741e+00  1.704546101921163e+00  1.651202705156656e+00  1.733290714032240e-05 
 5.170668621329078e-05  1.706202141237471e+00  1.706195982567020e+00  1.652852590746450e+00  1.734938953492494e-05 
 5.175668621329078e-05  1.707852028004432e+00  1.707845863211503e+00  1.654502476650449e+00  1.736587274176663e-05 
 5.180668621329079e-05  1.709501914772447e+00  1.709495743856903e+00  1.656152362862402e+00  1.738235536130035e-05 
 5.185668621329079e-05  1.711151801539596e+00  1.711145624501528e+00  1.657802249376155e+00  1.739883849753186e-05 
 5.190668621329079e-05  1.712801688305730e+00  1.712795505145712e+00  1.659452136185649e+00  1.741532172435758e-05 
 5.195668621329079e-05  1.714451575074258e+00  1.714445385791268e+00  1.661102023285085e+00  1.743180439296315e-05 
 5.200668621329079e-05  1.716101461840875e+00  1.716095266435786e+00  1.662751910668571e+00  1.744828745236722e-05 
 5.205668621329079e-05  1.717751348609329e+00  1.717745147081307e+00  1.664401798330535e+00  1.746477013562774e-05 
 5.210668621329079e-05  1.719401235375649e+00  1.719395027725656e+00  1.666051686265308e+00  1.748125327896468e-05 
 5.215668621329079e-05  1.721051122142703e+00  1.721044908370277e+00  1.667701574467519e+00  1.749773641142143e-05 
 5.220668621329079e-05  1.722701008909822e+00  1.722694789015170e+00  1.669351462931856e+00  1.751421928186555e-05 
 5.225668621329080e-05  1.724350895676408e+00  1.724344669659503e+00  1.671001351653087e+00  1.753070255754108e-05 
 5.230668621329080e-05  1.726000782443525e+00  1.725994550304410e+00  1.672651240626072e+00  1.754718541865931e-05 
 5.235668621329080e-05  1.727650669209843e+00  1.727644430948585e+00  1.674301129845783e+00  1.756366877205045e-05 
 5.240668621329080e-05  1.729300555976623e+00  1.729294311593295e+00  1.675951019307400e+00  1.758015173064627e-05 
 5.245668621329080e-05  1.730950442743829e+00  1.730944192238076e+00  1.677600909006055e+00  1.759663478028039e-05 
 5.250668621329080e-05  1.732600329510525e+00  1.732594072882745e+00  1.679250798936977e+00  1.761311775797205e-05 
 5.255668621329080e-05  1.734250216278350e+00  1.734243953527952e+00  1.680900689095667e+00  1.762960059244494e-05 
 5.260668621329080e-05  1.735900103043640e+00  1.735893834171719e+00  1.682550579477382e+00  1.764608402110920e-05 
 5.265668621329081e-05  1.737549989810394e+00  1.737543714816239e+00  1.684200470077849e+00  1.766256719775282e-05 
 5.270668621329081e-05  1.739199876576938e+00  1.739193595460851e+00  1.685850360892720e+00  1.767905020253393e-05 
 5.275668621329081e-05  1.740849763342591e+00  1.740843476104662e+00  1.687500251917617e+00  1.769553373289461e-05 
 5.280668621329081e-05  1.742499650109661e+00  1.742493356749640e+00  1.689150143148476e+00  1.771201655226846e-05 
 5.285668621329081e-05  1.744149536875243e+00  1.744143237393426e+00  1.690800034581140e+00  1.772850009506364e-05 
 5.290668621329081e-05  1.745799423641227e+00  1.745793118037708e+00  1.692449926211554e+00  1.774498326082708e-05 
 5.295668621329081e-05  1.747449310407099e+00  1.747442998681702e+00  1.694099818035868e+00  1.776146669859516e-05 
 5.300668621329081e-05  1.749099197173082e+00  1.749092879326002e+00  1.695749710050267e+00  1.777794985370046e-05 
 5.305668621329082e-05  1.750749083939231e+00  1.750742759970204e+00  1.697399602250898e+00  1.779443318599735e-05 
 5.310668621329082e-05  1.752398970705034e+00  1.752392640614402e+00  1.699049494634068e+00  1.781091639084065e-05 
 5.315668621329082e-05  1.754048857471064e+00  1.754042521258541e+00  1.700699387196225e+00  1.782739975377969e-05 
 5.320668621329082e-05  1.755698744236937e+00  1.755692401902804e+00  1.702349279933750e+00  1.784388292531630e-05 
 5.325668621329082e-05  1.757348631002694e+00  1.757342282546787e+00  1.703999172843217e+00  1.786036636463869e-05 
 5.330668621329082e-05  1.758998517768642e+00  1.758992163191119e+00  1.705649065921228e+00  1.787684950064815e-05 
 5.335668621329082e-05  1.760648404534646e+00  1.760642043835277e+00  1.707298959164452e+00  1.789333285137474e-05 
 5.340668621329082e-05  1.762298291299467e+00  1.762291924478887e+00  1.708948852569470e+00  1.790981634731852e-05 
 5.345668621329083e-05  1.763948178065379e+00  1.763941805123010e+00  1.710598746133166e+00  1.792629971469846e-05 
 5.350668621329083e-05  1.765598064829871e+00  1.765591685766418e+00  1.712248639852378e+00  1.794278331034024e-05 
 5.355668621329083e-05  1.767247951595592e+00  1.767241566410432e+00  1.713898533724074e+00  1.795926673012272e-05 
 5.360668621329083e-05  1.768897838361253e+00  1.768891447054630e+00  1.715548427745248e+00  1.797574992963693e-05 
 5.365668621329083e-05  1.770547725126467e+00  1.770541327698330e+00  1.717198321912969e+00  1.799223350596085e-05 
 5.370668621329083e-05  1.772197611891317e+00  1.772191208342014e+00  1.718848216224235e+00  1.800871696127045e-05 
 5.375668621329083e-05  1.773847498656534e+00  1.773841088985736e+00  1.720498110676239e+00  1.802520052493783e-05 
 5.380668621329083e-05  1.775497385421396e+00  1.775490969629442e+00  1.722148005266244e+00  1.804168396803497e-05 
 5.385668621329084e-05  1.777147272186579e+00  1.777140850273159e+00  1.723797899991535e+00  1.805816753303461e-05 
 5.390668621329084e-05  1.778797158950852e+00  1.778790730916500e+00  1.725447794849386e+00  1.807465115732016e-05 
 5.395668621329084e-05  1.780447045716015e+00  1.780440611560220e+00  1.727097689837273e+00  1.809113472009934e-05 
 5.400668621329084e-05  1.782096932480694e+00  1.782090492203851e+00  1.728747584952564e+00  1.810761819872362e-05 
 5.405668621329084e-05  1.783746819246752e+00  1.783740372848182e+00  1.730397480192757e+00  1.812410145374900e-05 
 5.410668621329084e-05  1.785396706010002e+00  1.785390253490886e+00  1.732047375555324e+00  1.814058539533629e-05 
 5.415668621329084e-05  1.787046592775179e+00  1.787040134134653e+00  1.733697271037987e+00  1.815706893058194e-05 
 5.420668621329084e-05  1.788696479539537e+00  1.788690014778108e+00  1.735347166638276e+00  1.817355249580363e-05 
 5.425668621329084e-05  1.790346366304796e+00  1.790339895421948e+00  1.736997062353911e+00  1.819003599241353e-05 
 5.430668621329085e-05  1.791996253068585e+00  1.791989776065044e+00  1.738646958182602e+00  1.820651973726929e-05 
 5.435668621329085e-05  1.793646139833114e+00  1.793639656708424e+00  1.740296854122205e+00  1.822300346280718e-05 
 5.440668621329085e-05  1.795296026597012e+00  1.795289537351610e+00  1.741946750170451e+00  1.823948716103358e-05 
 5.445668621329085e-05  1.796945913362430e+00  1.796939417995595e+00  1.743596646325239e+00  1.825597058303649e-05 
 5.450668621329085e-05  1.798595800126182e+00  1.798589298638707e+00  1.745246542584412e+00  1.827245431723411e-05 
 5.455668621329085e-05  1.800245686890902e+00  1.800239179282243e+00  1.746896438946001e+00  1.828893796194776e-05 
 5.460668621329085e-05  1.801895573654743e+00  1.801889059925429e+00  1.748546335407960e+00  1.830542165795371e-05 
 5.465668621329085e-05  1.803545460418738e+00  1.803538940568512e+00  1.750196231968350e+00  1.832190552804263e-05 
 5.470668621329086e-05  1.805195347183345e+00  1.805188821212224e+00  1.751846128625298e+00  1.833838896048164e-05 
 5.475668621329086e-05  1.806845233946289e+00  1.806838701854625e+00  1.753496025376818e+00  1.835487317052084e-05 
 5.480668621329086e-05  1.808495120710469e+00  1.808488582498079e+00  1.755145922221120e+00  1.837135673019141e-05 
 5.485668621329086e-05  1.810145007473526e+00  1.810138463140575e+00  1.756795819156347e+00  1.838784089249104e-05 
 5.490668621329086e-05  1.811794894237750e+00  1.811788343784072e+00  1.758445716180678e+00  1.840432442818079e-05 
 5.495668621329086e-05  1.813444781001146e+00  1.813438224426813e+00  1.760095613292424e+00  1.842080846768974e-05 
 5.500668621329086e-05  1.815094667764742e+00  1.815088105069909e+00  1.761745510489895e+00  1.843729220188736e-05 
 5.505668621329086e-05  1.816744554529323e+00  1.816737985713453e+00  1.763395407771452e+00  1.845377583882945e-05 
 5.510668621329087e-05  1.818394441291232e+00  1.818387866355453e+00  1.765045305135376e+00  1.847026012147725e-05 
 5.515668621329087e-05  1.820044328055720e+00  1.820037746998952e+00  1.766695202580086e+00  1.848674377818130e-05 
 5.520668621329087e-05  1.821694214818124e+00  1.821687627641304e+00  1.768345100103909e+00  1.850322788452569e-05 
 5.525668621329087e-05  1.823344101582684e+00  1.823337508284861e+00  1.769994997705510e+00  1.851971150969941e-05 
 5.530668621329087e-05  1.824993988345541e+00  1.824987388927531e+00  1.771644895383267e+00  1.853619545683781e-05 
 5.535668621329087e-05  1.826643875109132e+00  1.826637269570474e+00  1.773294793135760e+00  1.855267938843309e-05 
 5.540668621329087e-05  1.828293761872145e+00  1.828287150213262e+00  1.774944690961520e+00  1.856916327539739e-05 
 5.545668621329087e-05  1.829943648634983e+00  1.829937030855722e+00  1.776594588859123e+00  1.858564744702288e-05 
 5.550668621329088e-05  1.831593535397795e+00  1.831586911498395e+00  1.778244486827095e+00  1.860213138927631e-05 
 5.555668621329088e-05  1.833243422162223e+00  1.833236792141926e+00  1.779894384864128e+00  1.861861502466407e-05 
 5.560668621329088e-05  1.834893308924609e+00  1.834886672784332e+00  1.781544282968822e+00  1.863509910014426e-05 
 5.565668621329088e-05  1.836543195687272e+00  1.836536553426716e+00  1.783194181139918e+00  1.865158330751894e-05 
 5.570668621329088e-05  1.838193082450488e+00  1.838186434069693e+00  1.784844079376175e+00  1.866806709678362e-05 
 5.575668621329088e-05  1.839842969212920e+00  1.839836314711939e+00  1.786493977676279e+00  1.868455137165986e-05 
 5.580668621329088e-05  1.841492855975994e+00  1.841486195354844e+00  1.788143876039054e+00  1.870103519534145e-05 
 5.585668621329088e-05  1.843142742738425e+00  1.843136075997109e+00  1.789793774463230e+00  1.871751946044772e-05 
 5.590668621329088e-05  1.844792629500997e+00  1.844785956639698e+00  1.791443672947601e+00  1.873400344089281e-05 
 5.595668621329089e-05  1.846442516263153e+00  1.846435837281798e+00  1.793093571491032e+00  1.875048778748946e-05 
 5.600668621329089e-05  1.848092403025471e+00  1.848085717924233e+00  1.794743470092355e+00  1.876697184276357e-05 
 5.605668621329089e-05  1.849742289788834e+00  1.849735598567151e+00  1.796393368750550e+00  1.878345577924383e-05 
 5.610668621329089e-05  1.851392176551185e+00  1.851385479209628e+00  1.798043267464467e+00  1.879993981320167e-05 
 5.615668621329089e-05  1.853042063312745e+00  1.853035359851373e+00  1.799693166233026e+00  1.881642433521355e-05 
 5.620668621329089e-05  1.854691950075489e+00  1.854685240494126e+00  1.801343065055239e+00  1.883290822950533e-05 
 5.625668621329089e-05  1.856341836837081e+00  1.856335121135911e+00  1.802992963930014e+00  1.884939273108911e-05 
 5.630668621329089e-05  1.857991723599537e+00  1.857985001778484e+00  1.804642862856343e+00  1.886587671331056e-05 
 5.635668621329090e-05  1.859641610361498e+00  1.859634882420534e+00  1.806292761833291e+00  1.888236108144552e-05 
 5.640668621329090e-05  1.861291497122900e+00  1.861284763062435e+00  1.807942660859846e+00  1.889884539873227e-05 
 5.645668621329090e-05  1.862941383886149e+00  1.862934643705349e+00  1.809592559935089e+00  1.891532933388026e-05 
 5.650668621329090e-05  1.864591270648477e+00  1.864584524347882e+00  1.811242459058036e+00  1.893181333408732e-05 
 5.655668621329090e-05  1.866241157409408e+00  1.866234404989279e+00  1.812892358227821e+00  1.894829802707355e-05 
 5.660668621329090e-05  1.867891044171735e+00  1.867884285631826e+00  1.814542257443590e+00  1.896478201795473e-05 
 5.665668621329090e-05  1.869540930933005e+00  1.869534166273465e+00  1.816192156704384e+00  1.898126658948255e-05 
 5.670668621329090e-05  1.871190817694590e+00  1.871184046915537e+00  1.817842056009438e+00  1.899775081684123e-05 
 5.675668621329091e-05  1.872840704456863e+00  1.872833927557864e+00  1.819491955357857e+00  1.901423504331175e-05 
 5.680668621329091e-05  1.874490591218207e+00  1.874483808199796e+00  1.821141854748708e+00  1.903071933994834e-05 
 5.685668621329091e-05  1.876140477979700e+00  1.876133688841620e+00  1.822791754181383e+00  1.904720381666312e-05 
 5.690668621329091e-05  1.877790364741632e+00  1.877783569483956e+00  1.824441653655025e+00  1.906368790946278e-05 
 5.695668621329091e-05  1.879440251503406e+00  1.879433450125987e+00  1.826091553168842e+00  1.908017228203864e-05 
 5.700668621329091e-05  1.881090138264239e+00  1.881083330767614e+00  1.827741452722047e+00  1.909665672833331e-05 
 5.705668621329091e-05  1.882740025025382e+00  1.882733211409241e+00  1.829391352313950e+00  1.911314130141544e-05 
 5.710668621329091e-05  1.884389911786884e+00  1.884383092051330e+00  1.831041251943800e+00  1.912962551589554e-05 
 5.715668621329092e-05  1.886039798548276e+00  1.886032972693140e+00  1.832691151610896e+00  1.914610999616304e-05 
 5.720668621329092e-05  1.887689685308801e+00  1.887682853334596e+00  1.834341051314496e+00  1.916259452616852e-05 
 5.725668621329092e-05  1.889339572070979e+00  1.889332733976945e+00  1.835990951053979e+00  1.917907873576363e-05 
 5.730668621329092e-05  1.890989458832050e+00  1.890982614618788e+00  1.837640850828617e+00  1.919556307170212e-05 
 5.735668621329092e-05  1.892639345592976e+00  1.892632495260322e+00  1.839290750637755e+00  1.921204768808296e-05 
 5.740668621329092e-05  1.894289232353832e+00  1.894282375902036e+00  1.840940650480787e+00  1.922853208686008e-05 
 5.745668621329092e-05  1.895939119114884e+00  1.895932256543666e+00  1.842590550357088e+00  1.924501665372498e-05 
 5.750668621329092e-05  1.897589005875347e+00  1.897582137185139e+00  1.844240450265981e+00  1.926150117174005e-05 
 5.755668621329093e-05  1.899238892636412e+00  1.899232017826804e+00  1.845890350206913e+00  1.927798572017523e-05 
 5.760668621329093e-05  1.900888779396795e+00  1.900881898468240e+00  1.847540250179219e+00  1.929447025617591e-05 
 5.765668621329093e-05  1.902538666158178e+00  1.902531779110130e+00  1.849190150182373e+00  1.931095469092427e-05 
 5.770668621329093e-05  1.904188552918793e+00  1.904181659751730e+00  1.850840050215787e+00  1.932743914410231e-05 
 5.775668621329093e-05  1.905838439679805e+00  1.905831540393392e+00  1.852489950278881e+00  1.934392369187136e-05 
 5.780668621329093e-05  1.907488326439312e+00  1.907481421034284e+00  1.854139850371098e+00  1.936040849787829e-05 
 5.785668621329093e-05  1.909138213200003e+00  1.909131301675752e+00  1.855789750491935e+00  1.937689314046039e-05 
 5.790668621329093e-05  1.910788099959510e+00  1.910781182316657e+00  1.857439650640811e+00  1.939337793891780e-05 
 5.795668621329093e-05  1.912437986720691e+00  1.912431062958467e+00  1.859089550817326e+00  1.940986240985942e-05 
 5.800668621329094e-05  1.914087873480425e+00  1.914080943599534e+00  1.860739451020819e+00  1.942634712704849e-05 
 5.805668621329094e-05  1.915737760241739e+00  1.915730824241447e+00  1.862389351250954e+00  1.944283154514350e-05 
 5.810668621329094e-05  1.917387647001767e+00  1.917380704882732e+00  1.864039251507222e+00  1.945931615286459e-05 
 5.815668621329094e-05  1.919037533761395e+00  1.919030585523544e+00  1.865689151789043e+00  1.947580111940976e-05 
 5.820668621329094e-05  1.920687420521879e+00  1.920680466165145e+00  1.867339052095965e+00  1.949228556725874e-05 
 5.825668621329094e-05  1.922337307282026e+00  1.922330346806322e+00  1.868988952427580e+00  1.950877035128326e-05 
 5.830668621329094e-05  1.923987194041102e+00  1.923980227447008e+00  1.870638852783406e+00  1.952525525632207e-05 
 5.835668621329094e-05  1.925637080801907e+00  1.925630108088631e+00  1.872288753163046e+00  1.954173981541540e-05 
 5.840668621329095e-05  1.927286967560457e+00  1.927279988728993e+00  1.873938653565953e+00  1.955822488188065e-05 
 5.845668621329095e-05  1.928936854321999e+00  1.928929869371116e+00  1.875588553991891e+00  1.957470918850925e-05 
 5.850668621329095e-05  1.930586741081945e+00  1.930579750012417e+00  1.877238454440333e+00  1.959119378579425e-05 
 5.855668621329095e-05  1.932236627841059e+00  1.932229630652959e+00  1.878888354910853e+00  1.960767888245756e-05 
 5.860668621329095e-05  1.933886514599370e+00  1.933879511293191e+00  1.880538255403051e+00  1.962416401242756e-05 
 5.865668621329095e-05  1.935536401360740e+00  1.935529391935236e+00  1.882188155916633e+00  1.964064835524943e-05 
 5.870668621329095e-05  1.937186288120092e+00  1.937179272576180e+00  1.883838056451151e+00  1.965713312972603e-05 
 5.875668621329095e-05  1.938836174879017e+00  1.938829153216624e+00  1.885487957006243e+00  1.967361827146440e-05 
 5.880668621329096e-05  1.940486061638027e+00  1.940479033857356e+00  1.887137857581516e+00  1.969010315119013e-05 
 5.885668621329096e-05  1.942135948398098e+00  1.942128914498577e+00  1.888787758176643e+00  1.970658790457247e-05 
 5.890668621329096e-05  1.943785835157026e+00  1.943778795139268e+00  1.890437658791218e+00  1.972307280206179e-05 
 5.895668621329096e-05  1.945435721916656e+00  1.945428675780213e+00  1.892087559424955e+00  1.973955769133544e-05 
 5.900668621329096e-05  1.947085608676130e+00  1.947078556421285e+00  1.893737460077490e+00  1.975604239942069e-05 
 5.905668621329096e-05  1.948735495435312e+00  1.948728437061946e+00  1.895387360748475e+00  1.977252742880448e-05 
 5.910668621329096e-05  1.950385382194417e+00  1.950378317702793e+00  1.897037261437555e+00  1.978901224769000e-05 
 5.915668621329096e-05  1.952035268953739e+00  1.952028198343562e+00  1.898687162144442e+00  1.980549722356104e-05 
 5.920668621329097e-05  1.953685155713407e+00  1.953678078984794e+00  1.900337062868825e+00  1.982198184882365e-05 
 5.925668621329097e-05  1.955335042472495e+00  1.955327959625431e+00  1.901986963610424e+00  1.983846688908764e-05 
 5.930668621329097e-05  1.956984929231564e+00  1.956977840266275e+00  1.903636864368932e+00  1.985495170619679e-05 
 5.935668621329097e-05  1.958634815990484e+00  1.958627720906819e+00  1.905286765144008e+00  1.987143679286809e-05 
 5.940668621329097e-05  1.960284702748104e+00  1.960277601546730e+00  1.906936665935365e+00  1.988792207538274e-05 
 5.945668621329097e-05  1.961934589506988e+00  1.961927482187266e+00  1.908586566742815e+00  1.990440716560676e-05 
 5.950668621329097e-05  1.963584476266134e+00  1.963577362828199e+00  1.910236467566004e+00  1.992089193653063e-05 
 5.955668621329097e-05  1.965234363024559e+00  1.965227243468443e+00  1.911886368404637e+00  1.993737717108365e-05 
 5.960668621329097e-05  1.966884249782761e+00  1.966877124108766e+00  1.913536269258417e+00  1.995386224576454e-05 
 5.965668621329098e-05  1.968534136542347e+00  1.968527004749794e+00  1.915186170127152e+00  1.997034708663246e-05 
 5.970668621329098e-05  1.970184023300343e+00  1.970176885390007e+00  1.916836071010520e+00  1.998683221682450e-05 
 5.975668621329098e-05  1.971833910059135e+00  1.971826766030524e+00  1.918485971908350e+00  2.000331731193351e-05 
 5.980668621329098e-05  1.973483796816733e+00  1.973476646670484e+00  1.920135872820372e+00  2.001980256624848e-05 
 5.985668621329098e-05  1.975133683575886e+00  1.975126527311260e+00  1.921785773746403e+00  2.003628753212753e-05 
 5.990668621329098e-05  1.976783570333672e+00  1.976776407951357e+00  1.923435674686110e+00  2.005277271805277e-05 
 5.995668621329098e-05  1.978433457091584e+00  1.978426288591330e+00  1.925085575639304e+00  2.006925808272392e-05 
 6.000668621329098e-05  1.980083343850312e+00  1.980076169232065e+00  1.926735476605724e+00  2.008574294846084e-05 
 6.005668621329099e-05  1.981733230609566e+00  1.981726049872938e+00  1.928385377585137e+00  2.010222786260349e-05 
 6.010668621329099e-05  1.983383117367104e+00  1.983375930512907e+00  1.930035278577351e+00  2.011871311025712e-05 
 6.015668621329099e-05  1.985033004124868e+00  1.985025811152809e+00  1.931685179582182e+00  2.013519850845700e-05 
 6.020668621329099e-05  1.986682890884080e+00  1.986675691793895e+00  1.933335080599436e+00  2.015168319678028e-05 
 6.025668621329099e-05  1.988332777641279e+00  1.988325572433440e+00  1.934984981628808e+00  2.016816877305994e-05 
 6.030668621329099e-05  1.989982664400165e+00  1.989975453074334e+00  1.936634882670181e+00  2.018465355530809e-05 
 6.035668621329099e-05  1.991632551157718e+00  1.991625333714132e+00  1.938284783723355e+00  2.020113900502233e-05 
 6.040668621329099e-05  1.993282437914795e+00  1.993275214353840e+00  1.939934684788046e+00  2.021762437835321e-05 
 6.045668621329100e-05  1.994932324672228e+00  1.994925094993573e+00  1.941584585864090e+00  2.023410986093005e-05 
 6.050668621329100e-05  1.996582211431274e+00  1.996574975634597e+00  1.943234486951354e+00  2.025059457501050e-05 
 6.055668621329100e-05  1.998232098188774e+00  1.998224856274396e+00  1.944884388049645e+00  2.026708002405860e-05 
 6.060668621329100e-05  1.999881984946338e+00  1.999874736914453e+00  1.946534289158803e+00  2.028356522064198e-05 
 6.065668621329100e-05  2.001531871703192e+00  2.001524617553842e+00  1.948184190278572e+00  2.030005087352703e-05 
 6.070668621329100e-05  2.003181758460789e+00  2.003174498193940e+00  1.949834091408848e+00  2.031653604701778e-05 
 6.075668621329100e-05  2.004831645219286e+00  2.004824378834418e+00  1.951483992549524e+00  2.033302115500535e-05 
 6.080668621329100e-05  2.006481531976042e+00  2.006474259473975e+00  1.953133893700237e+00  2.034950659828029e-05 
 6.085668621329101e-05  2.008131418734130e+00  2.008124140114206e+00  1.954783794860966e+00  2.036599182839240e-05 
 6.090668621329101e-05  2.009781305492425e+00  2.009774020754795e+00  1.956433696031537e+00  2.038247675607977e-05 
 6.095668621329101e-05  2.011431192248319e+00  2.011423901393593e+00  1.958083597211676e+00  2.039896270228574e-05 
 6.100668621329101e-05  2.013081079005655e+00  2.013073782033561e+00  1.959733498401335e+00  2.041544793683875e-05 
 6.105668621329100e-05  2.014730965763998e+00  2.014723662673989e+00  1.961383399600418e+00  2.043193306725284e-05 
 6.110668621329100e-05  2.016380852520237e+00  2.016373543313249e+00  1.963033300808662e+00  2.044841865707722e-05 
 6.115668621329101e-05  2.018030739277910e+00  2.018023423953251e+00  1.964683202026016e+00  2.046490399776755e-05 
 6.120668621329101e-05  2.019680626034511e+00  2.019673304592769e+00  1.966333103252303e+00  2.048138945836197e-05 
 6.125668621329101e-05  2.021330512791658e+00  2.021323185232439e+00  1.967983004487334e+00  2.049787496425348e-05 
 6.130668621329101e-05  2.022980399549207e+00  2.022973065872598e+00  1.969632905730948e+00  2.051436010288322e-05 
 6.135668621329101e-05  2.024630286304995e+00  2.024622946511383e+00  1.971282806983100e+00  2.053084605130963e-05 
 6.140668621329101e-05  2.026280173061964e+00  2.026272827151173e+00  1.972932708243686e+00  2.054733137223799e-05 
 6.145668621329101e-05  2.027930059818082e+00  2.027922707790197e+00  1.974582609512495e+00  2.056381720120441e-05 
 6.150668621329101e-05  2.029579946575446e+00  2.029572588430260e+00  1.976232510789476e+00  2.058030238268876e-05 
 6.155668621329102e-05  2.031229833332553e+00  2.031222469069953e+00  1.977882412074443e+00  2.059678787681191e-05 
 6.160668621329102e-05  2.032879720088733e+00  2.032872349709246e+00  1.979532313367218e+00  2.061327344398774e-05 
 6.165668621329102e-05  2.034529606846146e+00  2.034522230349158e+00  1.981182214667771e+00  2.062975882664448e-05 
 6.170668621329102e-05  2.036179493601296e+00  2.036172110987788e+00  1.982832115975930e+00  2.064624472533292e-05 
 6.175668621329102e-05  2.037829380360118e+00  2.037821991628637e+00  1.984482017291760e+00  2.066272963703307e-05 
 6.180668621329102e-05  2.039479267115289e+00  2.039471872267298e+00  1.986131918614937e+00  2.067921552084450e-05 
 6.185668621329102e-05  2.041129153873063e+00  2.041121752907473e+00  1.987781819945465e+00  2.069570076716587e-05 
 6.190668621329102e-05  2.042779040628559e+00  2.042771633546363e+00  1.989431721283128e+00  2.071218653618024e-05 
 6.195668621329103e-05  2.044428927385381e+00  2.044421514185925e+00  1.991081622627915e+00  2.072867208847908e-05 
 6.200668621329103e-05  2.046078814141925e+00  2.046071394825525e+00  1.992731523979682e+00  2.074515750111186e-05 
 6.205668621329103e-05  2.047728700898967e+00  2.047721275465245e+00  1.994381425338359e+00  2.076164297369668e-05 
 6.210668621329103e-05  2.049378587655114e+00  2.049371156104596e+00  1.996031326703806e+00  2.077812850889809e-05 
 6.215668621329103e-05  2.051028474410629e+00  2.051021036743324e+00  1.997681228075924e+00  2.079461447619829e-05 
 6.220668621329103e-05  2.052678361165976e+00  2.052670917382160e+00  1.999331129454595e+00  2.081110026919348e-05 
 6.225668621329103e-05  2.054328247922595e+00  2.054320798021629e+00  2.000981030839779e+00  2.082758586434693e-05 
 6.230668621329103e-05  2.055978134678234e+00  2.055970678660676e+00  2.002630932231353e+00  2.084407155164888e-05 
 6.235668621329103e-05  2.057628021434954e+00  2.057620559300230e+00  2.004280833629268e+00  2.086055710305954e-05 
 6.240668621329104e-05  2.059277908190364e+00  2.059270439939144e+00  2.005930735033361e+00  2.087704285630873e-05 
 6.245668621329104e-05  2.060927794946496e+00  2.060920320578317e+00  2.007580636443596e+00  2.089352859756753e-05 
 6.250668621329104e-05  2.062577681702577e+00  2.062570201217679e+00  2.009230537859867e+00  2.091001412588555e-05 
 6.255668621329104e-05  2.064227568457999e+00  2.064220081856407e+00  2.010880439282094e+00  2.092650008852282e-05 
 6.260668621329104e-05  2.065877455215178e+00  2.065869962496512e+00  2.012530340710244e+00  2.094298524269568e-05 
 6.265668621329104e-05  2.067527341969202e+00  2.067519843134328e+00  2.014180242144079e+00  2.095947166207870e-05 
 6.270668621329104e-05  2.069177228725783e+00  2.069169723774056e+00  2.015830143583691e+00  2.097595700343517e-05 
 6.275668621329104e-05  2.070827115480723e+00  2.070819604412492e+00  2.017480045028905e+00  2.099244311217778e-05 
 6.280668621329105e-05  2.072477002236022e+00  2.072469485051382e+00  2.019129946479620e+00  2.100892887097810e-05 
 6.285668621329105e-05  2.074126888992494e+00  2.074119365690850e+00  2.020779847935858e+00  2.102541446346701e-05 
 6.290668621329105e-05  2.075776775748753e+00  2.075769246330387e+00  2.022429749397550e+00  2.104189989719402e-05 
 6.295668621329105e-05  2.077426662502083e+00  2.077419126967789e+00  2.024079650864533e+00  2.105838652285648e-05 
 6.300668621329105e-05  2.079076549258913e+00  2.079069007607719e+00  2.025729552336788e+00  2.107487175763153e-05 
 6.305668621329105e-05  2.080726436014083e+00  2.080718888246352e+00  2.027379453814217e+00  2.109135776756431e-05 
 6.310668621329105e-05  2.082376322769760e+00  2.082368768885537e+00  2.029029355296738e+00  2.110784337337589e-05 
 6.315668621329105e-05  2.084026209523920e+00  2.084018649523520e+00  2.030679256784263e+00  2.112432970860400e-05 
 6.320668621329106e-05  2.085676096279592e+00  2.085668530162711e+00  2.032329158276796e+00  2.114081530930856e-05 
 6.325668621329106e-05  2.087325983034790e+00  2.087318410801394e+00  2.033979059774288e+00  2.115730129370620e-05 
 6.330668621329106e-05  2.088975869789595e+00  2.088968291440027e+00  2.035628961276597e+00  2.117378717307674e-05 
 6.335668621329106e-05  2.090625756544280e+00  2.090618172078395e+00  2.037278862783649e+00  2.119027331557013e-05 
 6.340668621329106e-05  2.092275643299244e+00  2.092268052717145e+00  2.038928764295441e+00  2.120675913387840e-05 
 6.345668621329106e-05  2.093925530055701e+00  2.093917933356690e+00  2.040578665811993e+00  2.122324468617723e-05 
 6.350668621329106e-05  2.095575416810732e+00  2.095567813995497e+00  2.042228567333156e+00  2.123973047606379e-05 
 6.355668621329106e-05  2.097225303565043e+00  2.097217694633640e+00  2.043878468858850e+00  2.125621672802518e-05 
 6.360668621329107e-05  2.098875190320188e+00  2.098867575272540e+00  2.045528370389028e+00  2.127270247039419e-05 
 6.365668621329107e-05  2.100525077074956e+00  2.100517455910994e+00  2.047178271923624e+00  2.128918856625823e-05 
 6.370668621329107e-05  2.102174963829329e+00  2.102167336549399e+00  2.048828173462606e+00  2.130567455620697e-05 
 6.375668621329107e-05  2.103824850584427e+00  2.103817217188094e+00  2.050478075005970e+00  2.132216053016851e-05 
 6.380668621329107e-05  2.105474737338867e+00  2.105467097826552e+00  2.052127976553550e+00  2.133864649191761e-05 
 6.385668621329107e-05  2.107124624093765e+00  2.107116978465125e+00  2.053777878105354e+00  2.135513252649732e-05 
 6.390668621329107e-05  2.108774510848306e+00  2.108766859103670e+00  2.055427779661324e+00  2.137161844472567e-05 
 6.395668621329107e-05  2.110424397603189e+00  2.110416739742244e+00  2.057077681221446e+00  2.138810447730698e-05 
 6.400668621329108e-05  2.112074284356944e+00  2.112066620380281e+00  2.058727582785672e+00  2.140459064800004e-05 
 6.405668621329108e-05  2.113724171111293e+00  2.113716501018520e+00  2.060377484353904e+00  2.142107684755891e-05 
 6.410668621329108e-05  2.115374057867061e+00  2.115366381657904e+00  2.062027385926069e+00  2.143756234323636e-05 
 6.415668621329108e-05  2.117023944620029e+00  2.117016262295243e+00  2.063677287502110e+00  2.145404899287962e-05 
 6.420668621329108e-05  2.118673831374489e+00  2.118666142933773e+00  2.065327189082074e+00  2.147053491355047e-05 
 6.425668621329108e-05  2.120323718129474e+00  2.120316023572464e+00  2.066977090665909e+00  2.148702088617974e-05 
 6.430668621329108e-05  2.121973604883312e+00  2.121965904210597e+00  2.068626992253505e+00  2.150350700535845e-05 
 6.435668621329108e-05  2.123623491639139e+00  2.123615784849849e+00  2.070276893844932e+00  2.151999269687926e-05 
 6.440668621329108e-05  2.125273378392549e+00  2.125265665487720e+00  2.071926795440023e+00  2.153647894617611e-05 
 6.445668621329109e-05  2.126923265145831e+00  2.126915546125306e+00  2.073576697038718e+00  2.155296546969804e-05 
 6.450668621329109e-05  2.128573151899622e+00  2.128565426763434e+00  2.075226598641033e+00  2.156945158976493e-05 
 6.455668621329109e-05  2.130223038652851e+00  2.130215307401007e+00  2.076876500246969e+00  2.158593811883798e-05 
 6.460668621329109e-05  2.131872925406473e+00  2.131865188039036e+00  2.078526401856380e+00  2.160242428686650e-05 
 6.465668621329109e-05  2.133522812160946e+00  2.133515068677438e+00  2.080176303469250e+00  2.161891040027206e-05 
 6.470668621329109e-05  2.135172698916093e+00  2.135164949316491e+00  2.081826205085649e+00  2.163539605493346e-05 
 6.475668621329109e-05  2.136822585668970e+00  2.136814829953861e+00  2.083476106705491e+00  2.165188268636907e-05 
 6.480668621329109e-05  2.138472472422619e+00  2.138464710591932e+00  2.085126008328725e+00  2.166836882975065e-05 
 6.485668621329110e-05  2.140122359176261e+00  2.140114591229814e+00  2.086775909955318e+00  2.168485520339248e-05 
 6.490668621329110e-05  2.141772245929610e+00  2.141764471867712e+00  2.088425811585206e+00  2.170134143314939e-05 
 6.495668621329110e-05  2.143422132685686e+00  2.143414352507218e+00  2.090075713218363e+00  2.171782699299775e-05 
 6.500668621329110e-05  2.145072019438441e+00  2.145064233144731e+00  2.091725614854654e+00  2.173431341571144e-05 
 6.505668621329110e-05  2.146721906192012e+00  2.146714113782595e+00  2.093375516494271e+00  2.175079979512642e-05 
 6.510668621329110e-05  2.148371792944756e+00  2.148363994420113e+00  2.095025418137086e+00  2.176728621473148e-05 
 6.515668621329110e-05  2.150021679698265e+00  2.150013875057952e+00  2.096675319783057e+00  2.178377260547074e-05 
 6.520668621329110e-05  2.151671566451729e+00  2.151663755695961e+00  2.098325221432115e+00  2.180025877882833e-05 
 6.525668621329111e-05  2.153321453205334e+00  2.153313636333873e+00  2.099975123084293e+00  2.181674513159797e-05 
 6.530668621329111e-05  2.154971339957857e+00  2.154963516971274e+00  2.101625024739469e+00  2.183323160849054e-05 
 6.535668621329111e-05  2.156621226712441e+00  2.156613397609848e+00  2.103274926397693e+00  2.184971762930349e-05 
 6.540668621329111e-05  2.158271113464768e+00  2.158263278247134e+00  2.104924828058856e+00  2.186620416348356e-05 
 6.545668621329111e-05  2.159921000217958e+00  2.159913158884796e+00  2.106574729722925e+00  2.188269063837773e-05 
 6.550668621329111e-05  2.161570886971665e+00  2.161563039523008e+00  2.108224631389882e+00  2.189917670915072e-05 
 6.555668621329111e-05  2.163220773725263e+00  2.163212920160958e+00  2.109874533059815e+00  2.191566303971589e-05 
 6.560668621329111e-05  2.164870660477561e+00  2.164862800798256e+00  2.111524434732586e+00  2.193214956701260e-05 
 6.565668621329112e-05  2.166520547231899e+00  2.166512681436702e+00  2.113174336408236e+00  2.194863564777758e-05 
 6.570668621329112e-05  2.168170433983470e+00  2.168162562073527e+00  2.114824238086675e+00  2.196512241199587e-05 
 6.575668621329112e-05  2.169820320736334e+00  2.169812442711024e+00  2.116474139767909e+00  2.198160896593791e-05 
 6.580668621329112e-05  2.171470207489641e+00  2.171462323349010e+00  2.118124041451948e+00  2.199809514795526e-05 
 6.585668621329112e-05  2.173120094241860e+00  2.173112203986086e+00  2.119773943138633e+00  2.201458191150740e-05 
 6.590668621329112e-05  2.174769980995455e+00  2.174762084624273e+00  2.121423844828040e+00  2.203106799205036e-05 
 6.595668621329112e-05  2.176419867747787e+00  2.176411965261440e+00  2.123073746520193e+00  2.204755471052745e-05 
 6.600668621329112e-05  2.178069754500357e+00  2.178061845898965e+00  2.124723648215023e+00  2.206404111991846e-05 
 6.605668621329112e-05  2.179719641254178e+00  2.179711726537126e+00  2.126373549912496e+00  2.208052734012747e-05 
 6.610668621329113e-05  2.181369528005829e+00  2.181361607174064e+00  2.128023451612447e+00  2.209701404350554e-05 
 6.615668621329113e-05  2.183019414759241e+00  2.183011487811971e+00  2.129673353315042e+00  2.211350039027996e-05 
 6.620668621329113e-05  2.184669301511975e+00  2.184661368449629e+00  2.131323255020209e+00  2.212998673283554e-05 
 6.625668621329113e-05  2.186319188264661e+00  2.186311249087070e+00  2.132973156727947e+00  2.214647331009227e-05 
 6.630668621329113e-05  2.187969075016944e+00  2.187961129724449e+00  2.134623058438176e+00  2.216295979120368e-05 
 6.635668621329113e-05  2.189618961768690e+00  2.189611010361279e+00  2.136272960150749e+00  2.217944667465992e-05 
 6.640668621329113e-05  2.191268848521734e+00  2.191260890999170e+00  2.137922861865800e+00  2.219593289797756e-05 
 6.645668621329113e-05  2.192918735274121e+00  2.192910771636435e+00  2.139572763583412e+00  2.221241956338600e-05 
 6.650668621329114e-05  2.194568622026104e+00  2.194560652273641e+00  2.141222665303510e+00  2.222890612843028e-05 
 6.655668621329114e-05  2.196218508778897e+00  2.196210532911191e+00  2.142872567025974e+00  2.224539265061994e-05 
 6.660668621329114e-05  2.197868395531456e+00  2.197860413548791e+00  2.144522468750733e+00  2.226187901848861e-05 
 6.665668621329114e-05  2.199518282283969e+00  2.199510294186168e+00  2.146172370477946e+00  2.227836562616545e-05 
 6.670668621329114e-05  2.201168169036467e+00  2.201160174823733e+00  2.147822272207554e+00  2.229485200957724e-05 
 6.675668621329114e-05  2.202818055788153e+00  2.202810055460579e+00  2.149472173939352e+00  2.231133888259739e-05 
 6.680668621329114e-05  2.204467942540336e+00  2.204459936097952e+00  2.151122075673504e+00  2.232782536171040e-05 
 6.685668621329114e-05  2.206117829292182e+00  2.206109816734923e+00  2.152771977409981e+00  2.234431217211397e-05 
 6.690668621329115e-05  2.207767716044093e+00  2.207759697372129e+00  2.154421879148701e+00  2.236079873249531e-05 
 6.695668621329115e-05  2.209417602796617e+00  2.209409578009556e+00  2.156071780889786e+00  2.237728531286067e-05 
 6.700668621329115e-05  2.211067489548433e+00  2.211059458646708e+00  2.157721682633095e+00  2.239377190055348e-05 
 6.705668621329115e-05  2.212717376299552e+00  2.212709339283220e+00  2.159371584378511e+00  2.241025893788663e-05 
 6.710668621329115e-05  2.214367263051581e+00  2.214359219920528e+00  2.161021486126070e+00  2.242674544608749e-05 
 6.715668621329115e-05  2.216017149804210e+00  2.216009100558046e+00  2.162671387875925e+00  2.244323198026757e-05 
 6.720668621329115e-05  2.217667036556572e+00  2.217658981195596e+00  2.164321289628014e+00  2.245971836634389e-05 
 6.725668621329115e-05  2.219316923306811e+00  2.219308861831549e+00  2.165971191382193e+00  2.247620568367529e-05 
 6.730668621329116e-05  2.220966810058656e+00  2.220958742468763e+00  2.167621093138419e+00  2.249269223561894e-05 
 6.735668621329116e-05  2.222616696811357e+00  2.222608623106356e+00  2.169270994896776e+00  2.250917873205143e-05 
 6.740668621329116e-05  2.224266583562531e+00  2.224258503743141e+00  2.170920896657295e+00  2.252566549782402e-05 
 6.745668621329116e-05  2.225916470314457e+00  2.225908384380237e+00  2.172570798419831e+00  2.254215224117012e-05 
 6.750668621329116e-05  2.227566357066040e+00  2.227558265017301e+00  2.174220700184390e+00  2.255863886794279e-05 
 6.755668621329116e-05  2.229216243816434e+00  2.229208145653399e+00  2.175870601951089e+00  2.257512611000107e-05 
 6.760668621329116e-05  2.230866130567994e+00  2.230858026290463e+00  2.177520503719742e+00  2.259161273455330e-05 
 6.765668621329116e-05  2.232516017318048e+00  2.232507906926347e+00  2.179170405490333e+00  2.260810008363708e-05 
 6.770668621329116e-05  2.234165904070337e+00  2.234157787563898e+00  2.180820307263020e+00  2.262458646238593e-05 
 6.775668621329117e-05  2.235815790821814e+00  2.235807668200738e+00  2.182470209037638e+00  2.264107333362971e-05 
 6.780668621329117e-05  2.237465677573511e+00  2.237457548837920e+00  2.184120110814248e+00  2.265755989623150e-05 
 6.785668621329117e-05  2.239115564324301e+00  2.239107429474319e+00  2.185770012592894e+00  2.267404698840966e-05 
 6.790668621329117e-05  2.240765451076058e+00  2.240757310111543e+00  2.187419914373633e+00  2.269053352836290e-05 
 6.795668621329117e-05  2.242415337827260e+00  2.242407190748232e+00  2.189069816156402e+00  2.270702047376959e-05 
 6.800668621329117e-05  2.244065224578856e+00  2.244057071385362e+00  2.190719717941051e+00  2.272350705990809e-05 
 6.805668621329117e-05  2.245715111330233e+00  2.245706952022172e+00  2.192369619727640e+00  2.273999394447456e-05 
 6.810668621329117e-05  2.247364998081018e+00  2.247356832658784e+00  2.194019521516108e+00  2.275648078885095e-05 
 6.815668621329118e-05  2.249014884831409e+00  2.249006713294954e+00  2.195669423306271e+00  2.277296799293960e-05 
 6.820668621329118e-05  2.250664771583145e+00  2.250656593932214e+00  2.197319325098358e+00  2.278945451202065e-05 
 6.825668621329118e-05  2.252314658333577e+00  2.252306474568427e+00  2.198969226892276e+00  2.280594169523710e-05 
 6.830668621329118e-05  2.253964545085387e+00  2.253956355205734e+00  2.200619128688060e+00  2.282242818811688e-05 
 6.835668621329118e-05  2.255614431836019e+00  2.255606235842093e+00  2.202269030485830e+00  2.283891529783656e-05 
 6.840668621329118e-05  2.257264318585958e+00  2.257256116478175e+00  2.203918932285313e+00  2.285540240200514e-05 
 6.845668621329118e-05  2.258914205337559e+00  2.258905997115193e+00  2.205568834086574e+00  2.287188918176655e-05 
 6.850668621329118e-05  2.260564092088744e+00  2.260555877752112e+00  2.207218735889670e+00  2.288837586782513e-05 
 6.855668621329119e-05  2.262213978839258e+00  2.262205758388420e+00  2.208868637694655e+00  2.290486300174769e-05 
 6.860668621329119e-05  2.263863865589873e+00  2.263855639024977e+00  2.210518539501428e+00  2.292134986788445e-05 
 6.865668621329119e-05  2.265513752340178e+00  2.265505519661158e+00  2.212168441309858e+00  2.293783706420153e-05 
 6.870668621329119e-05  2.267163639090442e+00  2.267155400297496e+00  2.213818343119943e+00  2.295432403891810e-05 
 6.875668621329119e-05  2.268813525842111e+00  2.268805280934593e+00  2.215468244931830e+00  2.297081077626899e-05 
 6.880668621329119e-05  2.270463412592197e+00  2.270455161570828e+00  2.217118146745456e+00  2.298729780249991e-05 
 6.885668621329119e-05  2.272113299343434e+00  2.272105042207649e+00  2.218768048560736e+00  2.300378467618618e-05 
 6.890668621329119e-05  2.273763186092921e+00  2.273754922843501e+00  2.220417950377621e+00  2.302027189293138e-05 
 6.895668621329120e-05  2.275413072843250e+00  2.275404803479729e+00  2.222067852196301e+00  2.303675906304720e-05 
 6.900668621329120e-05  2.277062959594737e+00  2.277054684116917e+00  2.223717754016848e+00  2.305324561121608e-05 
 6.905668621329120e-05  2.278712846344357e+00  2.278704564752692e+00  2.225367655839110e+00  2.306973300692923e-05 
 6.910668621329120e-05  2.280362733094321e+00  2.280354445388876e+00  2.227017557662867e+00  2.308622005536461e-05 
 6.915668621329120e-05  2.282012619845013e+00  2.282004326025378e+00  2.228667459488335e+00  2.310270708714664e-05 
 6.920668621329120e-05  2.283662506593851e+00  2.283654206660835e+00  2.230317361315398e+00  2.311919449795881e-05 
 6.925668621329120e-05  2.285312393346011e+00  2.285304087298313e+00  2.231967263144091e+00  2.313568104124272e-05 
 6.930668621329120e-05  2.286962280094334e+00  2.286953967933447e+00  2.233617164974285e+00  2.315216861570177e-05 
 6.935668621329121e-05  2.288612166846644e+00  2.288603848571037e+00  2.235267066806233e+00  2.316865509858954e-05 
 6.940668621329121e-05  2.290262053595800e+00  2.290253729206729e+00  2.236916968639729e+00  2.318514239460465e-05 
 6.945668621329121e-05  2.291911940346372e+00  2.291903609843178e+00  2.238566870474883e+00  2.320162944637069e-05 
 6.950668621329121e-05  2.293561827094607e+00  2.293553490478279e+00  2.240216772311577e+00  2.321811703814922e-05 
 6.955668621329121e-05  2.295211713845893e+00  2.295203371115215e+00  2.241866674149921e+00  2.323460384522211e-05 
 6.960668621329121e-05  2.296861600594615e+00  2.296853251750652e+00  2.243516575989890e+00  2.325109126935697e-05 
 6.965668621329121e-05  2.298511487345987e+00  2.298503132387656e+00  2.245166477831402e+00  2.326757804068069e-05 
 6.970668621329121e-05  2.300161374095083e+00  2.300153013023343e+00  2.246816379674378e+00  2.328406533936033e-05 
 6.975668621329121e-05  2.301811260845484e+00  2.301802893659722e+00  2.248466281518994e+00  2.330055242154649e-05 
 6.980668621329122e-05  2.303461147594660e+00  2.303452774295479e+00  2.250116183365211e+00  2.331703968469901e-05 
 6.985668621329122e-05  2.305111034342564e+00  2.305102654930212e+00  2.251766085212812e+00  2.333352758933837e-05 
 6.990668621329122e-05  2.306760921094336e+00  2.306752535567695e+00  2.253415987061882e+00  2.335001398740511e-05 
 6.995668621329122e-05  2.308410807844694e+00  2.308402416204065e+00  2.255065888912612e+00  2.336650107447625e-05 
 7.000668621329122e-05  2.310060694593457e+00  2.310052296839572e+00  2.256715790764951e+00  2.338298846064147e-05 
 7.005668621329122e-05  2.311710581343012e+00  2.311702177475421e+00  2.258365692618697e+00  2.339947580639458e-05 
 7.010668621329122e-05  2.313360468091239e+00  2.313352058110590e+00  2.260015594473810e+00  2.341596336109166e-05 
 7.015668621329122e-05  2.315010354842246e+00  2.315001938747407e+00  2.261665496330417e+00  2.343245022078913e-05 
 7.020668621329123e-05  2.316660241592103e+00  2.316651819383666e+00  2.263315398188565e+00  2.344893723036670e-05 
 7.025668621329123e-05  2.318310128340712e+00  2.318301700018912e+00  2.264965300048275e+00  2.346542487565797e-05 
 7.030668621329123e-05  2.319960015090656e+00  2.319951580655236e+00  2.266615201909433e+00  2.348191185126272e-05 
 7.035668621329123e-05  2.321609901839639e+00  2.321601461290749e+00  2.268265103772067e+00  2.349839936243906e-05 
 7.040668621329123e-05  2.323259788589157e+00  2.323251341926798e+00  2.269915005636131e+00  2.351488647437920e-05 
 7.045668621329123e-05  2.324909675336869e+00  2.324901222561482e+00  2.271564907501540e+00  2.353137440055690e-05 
 7.050668621329123e-05  2.326559562086638e+00  2.326551103197712e+00  2.273214809368478e+00  2.354786142034852e-05 
 7.055668621329123e-05  2.328209448837001e+00  2.328200983834154e+00  2.274864711236865e+00  2.356434846722960e-05 
 7.060668621329124e-05  2.329859335584947e+00  2.329850864469192e+00  2.276514613106551e+00  2.358083608165667e-05 
 7.065668621329124e-05  2.331509222332490e+00  2.331500745103789e+00  2.278164514977571e+00  2.359732405024489e-05 
 7.070668621329124e-05  2.333159109082919e+00  2.333150625740474e+00  2.279814416850089e+00  2.361381084177466e-05 
 7.075668621329124e-05  2.334808995832134e+00  2.334800506376186e+00  2.281464318723953e+00  2.363029825214274e-05 
 7.080668621329124e-05  2.336458882581268e+00  2.336450387012031e+00  2.283114220599122e+00  2.364678546045024e-05 
 7.085668621329124e-05  2.338108769330888e+00  2.338100267648013e+00  2.284764122475625e+00  2.366327273537112e-05 
 7.090668621329124e-05  2.339758656079258e+00  2.339750148283372e+00  2.286414024353442e+00  2.367976018792768e-05 
 7.095668621329124e-05  2.341408542829711e+00  2.341400028919922e+00  2.288063926232828e+00  2.369624717729919e-05 
 7.100668621329125e-05  2.343058429576627e+00  2.343049909554325e+00  2.289713828113571e+00  2.371273510813983e-05 
 7.105668621329125e-05  2.344708316327903e+00  2.344699790191429e+00  2.291363729995754e+00  2.372922181862332e-05 
 7.110668621329125e-05  2.346358203075154e+00  2.346349670826069e+00  2.293013631879241e+00  2.374570963022601e-05 
 7.115668621329125e-05  2.348008089824403e+00  2.347999551461843e+00  2.294663533764015e+00  2.376219700417878e-05 
 7.120668621329125e-05  2.349657976573296e+00  2.349649432097579e+00  2.296313435649924e+00  2.377868426821947e-05 
 7.125668621329125e-05  2.351307863321125e+00  2.351299312732425e+00  2.297963337537098e+00  2.379517210602343e-05 
 7.130668621329125e-05  2.352957750070678e+00  2.352949193368610e+00  2.299613239425841e+00  2.381165914402270e-05 
 7.135668621329125e-05  2.354607636818872e+00  2.354599074003709e+00  2.301263141315965e+00  2.382814685437305e-05 
 7.140668621329125e-05  2.356257523567628e+00  2.356248954639380e+00  2.302913043207402e+00  2.384463414816772e-05 
 7.145668621329126e-05  2.357907410315207e+00  2.357898835274084e+00  2.304562945100125e+00  2.386112205658185e-05 
 7.150668621329126e-05  2.359557297063811e+00  2.359548715909662e+00  2.306212846993986e+00  2.387760939567362e-05 
 7.155668621329126e-05  2.361207183812536e+00  2.361198596545137e+00  2.307862748889186e+00  2.389409691773013e-05 
 7.160668621329126e-05  2.362857070560535e+00  2.362848477180323e+00  2.309512650785618e+00  2.391058445133298e-05 
 7.165668621329126e-05  2.364506957309482e+00  2.364498357815965e+00  2.311162552683362e+00  2.392707188990073e-05 
 7.170668621329126e-05  2.366156844057962e+00  2.366148238451479e+00  2.312812454582493e+00  2.394355925919056e-05 
 7.175668621329126e-05  2.367806730806757e+00  2.367798119087028e+00  2.314462356482887e+00  2.396004674394359e-05 
 7.180668621329126e-05  2.369456617555596e+00  2.369447999722794e+00  2.316112258384625e+00  2.397653398666799e-05 
 7.185668621329127e-05  2.371106504303631e+00  2.371097880357846e+00  2.317762160287671e+00  2.399302171744644e-05 
 7.190668621329127e-05  2.372756391051400e+00  2.372747760992915e+00  2.319412062191747e+00  2.400950930789270e-05 
 7.195668621329127e-05  2.374406277799461e+00  2.374397641627997e+00  2.321061964097078e+00  2.402599702401620e-05 
 7.200668621329127e-05  2.376056164548054e+00  2.376047522263626e+00  2.322711866003692e+00  2.404248433335399e-05 
 7.205668621329127e-05  2.377706051296975e+00  2.377697402899289e+00  2.324361767911447e+00  2.405897175815499e-05 
 7.210668621329127e-05  2.379355938042629e+00  2.379347283532987e+00  2.326011669820376e+00  2.407546003383090e-05 
 7.215668621329127e-05  2.381005824791639e+00  2.380997164168719e+00  2.327661571730500e+00  2.409194742177248e-05 
 7.220668621329127e-05  2.382655711538541e+00  2.382647044803250e+00  2.329311473641853e+00  2.410843528133679e-05 
 7.225668621329128e-05  2.384305598287740e+00  2.384296925439116e+00  2.330961375554494e+00  2.412492260044455e-05 
 7.230668621329128e-05  2.385955485034697e+00  2.385946806073699e+00  2.332611277468370e+00  2.414141043380760e-05 
 7.235668621329128e-05  2.387605371783089e+00  2.387596686709042e+00  2.334261179383575e+00  2.415789801359572e-05 
 7.240668621329128e-05  2.389255258531767e+00  2.389246567344770e+00  2.335911081300050e+00  2.417438527408369e-05 
 7.245668621329128e-05  2.390905145279264e+00  2.390896447979539e+00  2.337560983217809e+00  2.419087314030935e-05 
 7.250668621329128e-05  2.392555032026605e+00  2.392546328614396e+00  2.339210885136757e+00  2.420736083556067e-05 
 7.255668621329128e-05  2.394204918773806e+00  2.394196209248971e+00  2.340860787056764e+00  2.422384879770959e-05 
 7.260668621329128e-05  2.395854805523268e+00  2.395846089885240e+00  2.342510688977970e+00  2.424033578463862e-05 
 7.265668621329129e-05  2.397504692269126e+00  2.397495970518951e+00  2.344160590900210e+00  2.425682418110679e-05 
 7.270668621329129e-05  2.399154579017742e+00  2.399145851154667e+00  2.345810492823553e+00  2.427331144203886e-05 
 7.275668621329129e-05  2.400804465765258e+00  2.400795731789480e+00  2.347460394748223e+00  2.428979928739233e-05 
 7.280668621329129e-05  2.402454352512623e+00  2.402445612424386e+00  2.349110296673948e+00  2.430628695288966e-05 
 7.285668621329129e-05  2.404104239259738e+00  2.404095493058940e+00  2.350760198600740e+00  2.432277492614082e-05 
 7.290668621329129e-05  2.405754126007990e+00  2.405745373694443e+00  2.352410100528925e+00  2.433926229143385e-05 
 7.295668621329129e-05  2.407404012754557e+00  2.407395254328655e+00  2.354060002458228e+00  2.435575043787980e-05 
 7.300668621329129e-05  2.409053899501918e+00  2.409045134963572e+00  2.355709904388539e+00  2.437223809449535e-05 
 7.305668621329130e-05  2.410703786249317e+00  2.410695015598344e+00  2.357359806319989e+00  2.438872595894465e-05 
 7.310668621329130e-05  2.412353672997987e+00  2.412344896234140e+00  2.359009708252716e+00  2.440521317546779e-05 
 7.315668621329130e-05  2.414003559744189e+00  2.413994776868136e+00  2.360659610186566e+00  2.442170142893925e-05 
 7.320668621329130e-05  2.415653446492117e+00  2.415644657503445e+00  2.362309512121533e+00  2.443818888660283e-05 
 7.325668621329130e-05  2.417303333239395e+00  2.417294538138160e+00  2.363959414057530e+00  2.445467678036202e-05 
 7.330668621329130e-05  2.418953219986286e+00  2.418944418772803e+00  2.365609315994530e+00  2.447116457020433e-05 
 7.335668621329130e-05  2.420603106732821e+00  2.420594299407037e+00  2.367259217932769e+00  2.448765270421578e-05 
 7.340668621329130e-05  2.422252993480205e+00  2.422244180042016e+00  2.368909119872200e+00  2.450414032619238e-05 
 7.345668621329130e-05  2.423902880227520e+00  2.423894060676778e+00  2.370559021812596e+00  2.452062819463848e-05 
 7.350668621329131e-05  2.425552766973872e+00  2.425543941311081e+00  2.372208923753978e+00  2.453711615367878e-05 
 7.355668621329131e-05  2.427202653722479e+00  2.427193821946706e+00  2.373858825696525e+00  2.455360359047017e-05 
 7.360668621329131e-05  2.428852540468693e+00  2.428843702580935e+00  2.375508727640186e+00  2.457009158636988e-05 
 7.365668621329131e-05  2.430502427216676e+00  2.430493583216156e+00  2.377158629585121e+00  2.458657922255733e-05 
 7.370668621329131e-05  2.432152313962926e+00  2.432143463850420e+00  2.378808531531109e+00  2.460306720024937e-05 
 7.375668621329131e-05  2.433802200709589e+00  2.433793344484785e+00  2.380458433478000e+00  2.461955526498291e-05 
 7.380668621329131e-05  2.435452087456091e+00  2.435443225119219e+00  2.382108335425918e+00  2.463604315740984e-05 
 7.385668621329131e-05  2.437101974204906e+00  2.437093105755013e+00  2.383758237375177e+00  2.465253050538339e-05 
 7.390668621329132e-05  2.438751860951685e+00  2.438742986389647e+00  2.385408139325484e+00  2.466901829789024e-05 
 7.395668621329132e-05  2.440401747697596e+00  2.440392867023532e+00  2.387058041276808e+00  2.468550660021150e-05 
 7.400668621329132e-05  2.442051634444914e+00  2.442042747658531e+00  2.388707943229213e+00  2.470199420886540e-05 
 7.405668621329132e-05  2.443701521191048e+00  2.443692628292577e+00  2.390357845182527e+00  2.471848243125061e-05 
 7.410668621329132e-05  2.445351407936476e+00  2.445342508926332e+00  2.392007747136688e+00  2.473497066074125e-05 
 7.415668621329132e-05  2.447001294685007e+00  2.446992389561976e+00  2.393657649092066e+00  2.475145808198951e-05 
 7.420668621329132e-05  2.448651181430614e+00  2.448642270195863e+00  2.395307551048531e+00  2.476794624664312e-05 
 7.425668621329132e-05  2.450301068176110e+00  2.450292150829513e+00  2.396957453006120e+00  2.478443466353940e-05 
 7.430668621329133e-05  2.451950954923011e+00  2.451942031464268e+00  2.398607354964876e+00  2.480092239254149e-05 
 7.435668621329133e-05  2.453600841670234e+00  2.453591912099064e+00  2.400257256924547e+00  2.481741023700678e-05 
 7.440668621329133e-05  2.455250728417564e+00  2.455241792734110e+00  2.401907158885165e+00  2.483389782034760e-05 
 7.445668621329133e-05  2.456900615163073e+00  2.456891673367789e+00  2.403557060846745e+00  2.485038622258894e-05 
 7.450668621329133e-05  2.458550501909350e+00  2.458541554002149e+00  2.405206962809371e+00  2.486687414610210e-05 
 7.455668621329133e-05  2.460200388655553e+00  2.460191434636289e+00  2.406856864773131e+00  2.488336231786114e-05 
 7.460668621329133e-05  2.461850275402035e+00  2.461841315270801e+00  2.408506766737901e+00  2.489985016543505e-05 
 7.465668621329133e-05  2.463500162149510e+00  2.463491195905796e+00  2.410156668703522e+00  2.491633790909209e-05 
 7.470668621329134e-05  2.465150048894293e+00  2.465141076539198e+00  2.411806570669965e+00  2.493282631177751e-05 
 7.475668621329134e-05  2.466799935640630e+00  2.466790957173445e+00  2.413456472637417e+00  2.494931442713721e-05 
 7.480668621329134e-05  2.468449822387866e+00  2.468440837808473e+00  2.415106374605998e+00  2.496580201625120e-05 
 7.485668621329134e-05  2.470099709134043e+00  2.470090718442634e+00  2.416756276575550e+00  2.498229017513165e-05 
 7.490668621329134e-05  2.471749595881036e+00  2.471740599077513e+00  2.418406178545997e+00  2.499877783840853e-05 
 7.495668621329134e-05  2.473399482626482e+00  2.473390479711199e+00  2.420056080517456e+00  2.501526623398853e-05 
 7.500668621329134e-05  2.475049369372011e+00  2.475040360345118e+00  2.421705982489843e+00  2.503175437510540e-05 
 7.505668621329134e-05  2.476699256117639e+00  2.476690240978940e+00  2.423355884463354e+00  2.504824270229567e-05 
 7.510668621329134e-05  2.478349142864555e+00  2.478340121613779e+00  2.425005786437886e+00  2.506473038244795e-05 
 7.515668621329135e-05  2.479999029609863e+00  2.479990002247402e+00  2.426655688413319e+00  2.508121881000237e-05 
 7.520668621329135e-05  2.481648916356283e+00  2.481639882881927e+00  2.428305590389901e+00  2.509770664602996e-05 
 7.525668621329135e-05  2.483298803101607e+00  2.483289763515569e+00  2.429955492367523e+00  2.511419506337033e-05 
 7.530668621329135e-05  2.484948689847906e+00  2.484939644150026e+00  2.431605394346130e+00  2.513068293226052e-05 
 7.535668621329135e-05  2.486598576593243e+00  2.486589524783684e+00  2.433255296325662e+00  2.514717134205137e-05 
 7.540668621329135e-05  2.488248463339464e+00  2.488239405418096e+00  2.434905198306101e+00  2.516365923136966e-05 
 7.545668621329135e-05  2.489898350083841e+00  2.489889286051138e+00  2.436555100287360e+00  2.518014794891434e-05 
 7.550668621329135e-05  2.491548236830542e+00  2.491539166685877e+00  2.438205002269493e+00  2.519663567347555e-05 
 7.555668621329136e-05  2.493198123577688e+00  2.493189047320755e+00  2.439854904252547e+00  2.521312347308782e-05 
 7.560668621329136e-05  2.494848010321848e+00  2.494838927953827e+00  2.441504806236634e+00  2.522961203076037e-05 
 7.565668621329136e-05  2.496497897067573e+00  2.496488808587779e+00  2.443154708221781e+00  2.524610029222542e-05 
 7.570668621329136e-05  2.498147783814081e+00  2.498138689222416e+00  2.444804610207746e+00  2.526258806741279e-05 
 7.575668621329136e-05  2.499797670559143e+00  2.499788569855934e+00  2.446454512194503e+00  2.527907654559339e-05 
 7.580668621329136e-05  2.501447557304380e+00  2.501438450489736e+00  2.448104414182299e+00  2.529556473689234e-05 
 7.585668621329136e-05  2.503097444050586e+00  2.503088331124020e+00  2.449754316171203e+00  2.531205283049168e-05 
 7.590668621329136e-05  2.504747330796337e+00  2.504738211758176e+00  2.451404218160965e+00  2.532854084459904e-05 
 7.595668621329137e-05  2.506397217540498e+00  2.506388092391124e+00  2.453054120151535e+00  2.534502960655263e-05 
 7.600668621329137e-05  2.508047104287024e+00  2.508037973025798e+00  2.454704022143043e+00  2.536151735997963e-05 
 7.605668621329137e-05  2.509696991030768e+00  2.509687853658481e+00  2.456353924135440e+00  2.537800625560408e-05 
 7.610668621329137e-05  2.511346877778004e+00  2.511337734293626e+00  2.458003826128866e+00  2.539449376922290e-05 
 7.615668621329137e-05  2.512996764521048e+00  2.512987614925867e+00  2.459653728123190e+00  2.541098288866831e-05 
 7.620668621329137e-05  2.514646651269626e+00  2.514637495561910e+00  2.461303630118412e+00  2.542746995109250e-05 
 7.625668621329137e-05  2.516296538014067e+00  2.516287376195079e+00  2.462953532114470e+00  2.544395860690877e-05 
 7.630668621329137e-05  2.517946424758586e+00  2.517937256828452e+00  2.464603434111396e+00  2.546044700382104e-05 
 7.635668621329138e-05  2.519596311503241e+00  2.519587137461773e+00  2.466253336109072e+00  2.547693558280988e-05 
 7.640668621329138e-05  2.521246198248324e+00  2.521237018095531e+00  2.467903238107805e+00  2.549342378565516e-05 
 7.645668621329138e-05  2.522896084994443e+00  2.522886898729829e+00  2.469553140107661e+00  2.550991187570177e-05 
 7.650668621329138e-05  2.524545971739697e+00  2.524536779363705e+00  2.471203042108169e+00  2.552640001948319e-05 
 7.655668621329138e-05  2.526195858484494e+00  2.526186659997136e+00  2.472852944109392e+00  2.554288854207269e-05 
 7.660668621329138e-05  2.527845745230715e+00  2.527836540631666e+00  2.474502846111733e+00  2.555937635767218e-05 
 7.665668621329138e-05  2.529495631974300e+00  2.529486421264314e+00  2.476152748114933e+00  2.557586527283655e-05 
 7.670668621329138e-05  2.531145518720808e+00  2.531136301899032e+00  2.477802650118851e+00  2.559235299073641e-05 
 7.675668621329138e-05  2.532795405465589e+00  2.532786182532481e+00  2.479452552123560e+00  2.560884150666458e-05 
 7.680668621329139e-05  2.534445292209645e+00  2.534436063165598e+00  2.481102454129113e+00  2.562533002481320e-05 
 7.685668621329139e-05  2.536095178954366e+00  2.536085943799012e+00  2.482752356135630e+00  2.564181855717268e-05 
 7.690668621329139e-05  2.537745065699352e+00  2.537735824432748e+00  2.484402258143256e+00  2.565830676490293e-05 
 7.695668621329139e-05  2.539394952446221e+00  2.539385705067597e+00  2.486052160151906e+00  2.567479457872606e-05 
 7.700668621329139e-05  2.541044839189528e+00  2.541035585700234e+00  2.487702062161248e+00  2.569128333668286e-05 
 7.705668621329139e-05  2.542694725933671e+00  2.542685466333295e+00  2.489351964171425e+00  2.570777204312530e-05 
 7.710668621329139e-05  2.544344612678719e+00  2.544335346967095e+00  2.491001866182530e+00  2.572426021888113e-05 
 7.715668621329139e-05  2.545994499423507e+00  2.545985227600583e+00  2.492651768194438e+00  2.574074871127258e-05 
 7.720668621329140e-05  2.547644386167751e+00  2.547635108233860e+00  2.494301670207017e+00  2.575723714859696e-05 
 7.725668621329140e-05  2.549294272913000e+00  2.549284988867665e+00  2.495951572220406e+00  2.577372548111628e-05 
 7.730668621329140e-05  2.550944159657965e+00  2.550934869501427e+00  2.497601474234695e+00  2.579021367507978e-05 
 7.735668621329140e-05  2.552594046402413e+00  2.552584750134718e+00  2.499251376249973e+00  2.580670226472676e-05 
 7.740668621329140e-05  2.554243933147315e+00  2.554234630768447e+00  2.500901278266088e+00  2.582319047467747e-05 
 7.745668621329140e-05  2.555893819890546e+00  2.555884511400945e+00  2.502551180282887e+00  2.583967946089611e-05 
 7.750668621329140e-05  2.557543706635708e+00  2.557534392034855e+00  2.504201082300558e+00  2.585616757803217e-05 
 7.755668621329140e-05  2.559193593381225e+00  2.559184272668867e+00  2.505850984319223e+00  2.587265580663463e-05 
 7.760668621329141e-05  2.560843480124477e+00  2.560834153301528e+00  2.507500886338641e+00  2.588914454816012e-05 
 7.765668621329141e-05  2.562493366868907e+00  2.562484033934829e+00  2.509150788358754e+00  2.590563313070166e-05 
 7.770668621329141e-05  2.564143253613956e+00  2.564133914568685e+00  2.510800690379706e+00  2.592212127448308e-05 
 7.775668621329141e-05  2.565793140358289e+00  2.565783795201936e+00  2.512450592401621e+00  2.593860988278181e-05 
 7.780668621329141e-05  2.567443027103593e+00  2.567433675835976e+00  2.514100494424363e+00  2.595509793374857e-05 
 7.785668621329141e-05  2.569092913846075e+00  2.569083556468010e+00  2.515750396447697e+00  2.597158715000543e-05 
 7.790668621329141e-05  2.570742800591652e+00  2.570733437102239e+00  2.517400298471926e+00  2.598807510460484e-05 
 7.795668621329141e-05  2.572392687333991e+00  2.572383317734194e+00  2.519050200497065e+00  2.600456436127381e-05 
 7.800668621329142e-05  2.574042574078797e+00  2.574033198367912e+00  2.520700102523044e+00  2.602105256900407e-05 
 7.805668621329142e-05  2.575692460823777e+00  2.575683079001621e+00  2.522350004549740e+00  2.603754094904094e-05 
 7.810668621329142e-05  2.577342347568329e+00  2.577332959635189e+00  2.523999906577275e+00  2.605402923093409e-05 
 7.815668621329142e-05  2.578992234309935e+00  2.578982840266680e+00  2.525649808605437e+00  2.607051871986173e-05 
 7.820668621329142e-05  2.580642121056623e+00  2.580632720901666e+00  2.527299710634301e+00  2.608700629032397e-05 
 7.825668621329142e-05  2.582292007801027e+00  2.582282601535015e+00  2.528949612663923e+00  2.610349485199333e-05 
 7.830668621329142e-05  2.583941894544255e+00  2.583932482167720e+00  2.530599514694378e+00  2.611998356154440e-05 
 7.835668621329142e-05  2.585591781288453e+00  2.585582362800949e+00  2.532249416725906e+00  2.613647218227762e-05 
 7.840668621329143e-05  2.587241668031463e+00  2.587232243433521e+00  2.533899318758277e+00  2.615296095755389e-05 
 7.845668621329143e-05  2.588891554776056e+00  2.588882124067015e+00  2.535549220791433e+00  2.616944944461627e-05 
 7.850668621329143e-05  2.590541441520573e+00  2.590532004700592e+00  2.537199122825251e+00  2.618593771762764e-05 
 7.855668621329143e-05  2.592191328262552e+00  2.592181885332370e+00  2.538849024859790e+00  2.620242706267037e-05 
 7.860668621329143e-05  2.593841215007422e+00  2.593831765966186e+00  2.540498926895280e+00  2.621891521488948e-05 
 7.865668621329143e-05  2.595491101752418e+00  2.595481646599968e+00  2.542148828931369e+00  2.623540355762285e-05 
 7.870668621329143e-05  2.597140988494681e+00  2.597131527232077e+00  2.543798730968128e+00  2.625189256293733e-05 
 7.875668621329143e-05  2.598790875237923e+00  2.598781407864708e+00  2.545448633005749e+00  2.626838148076624e-05 
 7.880668621329143e-05  2.600440761981845e+00  2.600431288497920e+00  2.547098535044058e+00  2.628486993318965e-05 
 7.885668621329144e-05  2.602090648725667e+00  2.602081169130940e+00  2.548748437083211e+00  2.630135865561931e-05 
 7.890668621329144e-05  2.603740535468737e+00  2.603731049763602e+00  2.550398339123093e+00  2.631784738248985e-05 
 7.895668621329144e-05  2.605390422214247e+00  2.605380930397752e+00  2.552048241163692e+00  2.633433554003803e-05 
 7.900668621329144e-05  2.607040308956877e+00  2.607030811030129e+00  2.553698143205003e+00  2.635082440946122e-05 
 7.905668621329144e-05  2.608690195700293e+00  2.608680691662902e+00  2.555348045246971e+00  2.636731325312722e-05 
 7.910668621329144e-05  2.610340082444104e+00  2.610330572296068e+00  2.556997947289775e+00  2.638380172864328e-05 
 7.915668621329144e-05  2.611989969186537e+00  2.611980452928204e+00  2.558647849333524e+00  2.640029089072126e-05 
 7.920668621329144e-05  2.613639855930517e+00  2.613630333561495e+00  2.560297751377882e+00  2.641677930228845e-05 
 7.925668621329145e-05  2.615289742673507e+00  2.615280214194008e+00  2.561947653422943e+00  2.643326827562851e-05 
 7.930668621329145e-05  2.616939629417712e+00  2.616930094827451e+00  2.563597555468869e+00  2.644975661036829e-05 
 7.935668621329145e-05  2.618589516159651e+00  2.618579975459280e+00  2.565247457515476e+00  2.646624592521294e-05 
 7.940668621329145e-05  2.620239402902907e+00  2.620229856092105e+00  2.566897359562734e+00  2.648273456637428e-05 
 7.945668621329145e-05  2.621889289646476e+00  2.621879736725023e+00  2.568547261610815e+00  2.649922333765374e-05 
 7.950668621329145e-05  2.623539176390310e+00  2.623529617358240e+00  2.570197163659822e+00  2.651571178341581e-05 
 7.955668621329145e-05  2.625189063133628e+00  2.625179497991000e+00  2.571847065709335e+00  2.653220063329908e-05 
 7.960668621329145e-05  2.626838949877581e+00  2.626829378624299e+00  2.573496967759544e+00  2.654868903509632e-05 
 7.965668621329146e-05  2.628488836621055e+00  2.628479259257173e+00  2.575146869810556e+00  2.656517782813616e-05 
 7.970668621329146e-05  2.630138723365588e+00  2.630129139890868e+00  2.576796771862250e+00  2.658166603231370e-05 
 7.975668621329146e-05  2.631788610107930e+00  2.631779020523005e+00  2.578446673914756e+00  2.659815519305941e-05 
 7.980668621329146e-05  2.633438496851047e+00  2.633428901155776e+00  2.580096575967996e+00  2.661464385864564e-05 
 7.985668621329146e-05  2.635088383593795e+00  2.635078781788188e+00  2.581746478021828e+00  2.663113288172369e-05 
 7.990668621329146e-05  2.636738270335127e+00  2.636728662419786e+00  2.583396380076340e+00  2.664762213217541e-05 
 7.995668621329146e-05  2.638388157078475e+00  2.638378543052606e+00  2.585046282131490e+00  2.666411095052833e-05 
 8.000668621329146e-05  2.640038043822952e+00  2.640028423686287e+00  2.586696184187416e+00  2.668059915914677e-05 
 8.005668621329147e-05  2.641687930565228e+00  2.641678304318413e+00  2.588346086244197e+00  2.669708832433337e-05 
 8.010668621329147e-05  2.643337817307124e+00  2.643328184950399e+00  2.589995988301707e+00  2.671357737938584e-05 
 8.015668621329147e-05  2.644987704051783e+00  2.644978065584105e+00  2.591645890359933e+00  2.673006575453773e-05 
 8.020668621329147e-05  2.646637590794174e+00  2.646627946216428e+00  2.593295792418624e+00  2.674655464128039e-05 
 8.025668621329147e-05  2.648287477537048e+00  2.648277826848968e+00  2.594945694477927e+00  2.676304359818915e-05 
 8.030668621329147e-05  2.649937364279737e+00  2.649927707481494e+00  2.596595596537969e+00  2.677953238279129e-05 
 8.035668621329147e-05  2.651587251022768e+00  2.651577588114142e+00  2.598245498598697e+00  2.679602128463298e-05 
 8.040668621329147e-05  2.653237137765630e+00  2.653227468746793e+00  2.599895400660238e+00  2.681251000617447e-05 
 8.045668621329147e-05  2.654887024508106e+00  2.654877349379085e+00  2.601545302722702e+00  2.682899908520775e-05 
 8.050668621329148e-05  2.656536911249000e+00  2.656527230010447e+00  2.603195204785631e+00  2.684548845112268e-05 
 8.055668621329148e-05  2.658186797993498e+00  2.658177110644080e+00  2.604845106849299e+00  2.686197685913716e-05 
 8.060668621329148e-05  2.659836684737020e+00  2.659826991277192e+00  2.606495008913785e+00  2.687846535064043e-05 
 8.065668621329148e-05  2.661486571479073e+00  2.661476871909217e+00  2.608144910978914e+00  2.689495455979185e-05 
 8.070668621329148e-05  2.663136458221813e+00  2.663126752541812e+00  2.609794813044786e+00  2.691144330842276e-05 
 8.075668621329148e-05  2.664786344963852e+00  2.664776633173842e+00  2.611444715111231e+00  2.692793251713011e-05 
 8.080668621329148e-05  2.666436231705322e+00  2.666426513805615e+00  2.613094617178168e+00  2.694442167609946e-05 
 8.085668621329148e-05  2.668086118449998e+00  2.668076394439390e+00  2.614744519245833e+00  2.696091001083924e-05 
 8.090668621329149e-05  2.669736005191913e+00  2.669726275071469e+00  2.616394421314224e+00  2.697739901704190e-05 
 8.095668621329149e-05  2.671385891933060e+00  2.671376155702924e+00  2.618044323383207e+00  2.699388851041042e-05 
 8.100668621329149e-05  2.673035778675979e+00  2.673026036335674e+00  2.619694225452968e+00  2.701037718088162e-05 
 8.105668621329149e-05  2.674685665418741e+00  2.674675916968204e+00  2.621344127523616e+00  2.702686613690220e-05 
 8.110668621329149e-05  2.676335552161404e+00  2.676325797600787e+00  2.622994029594706e+00  2.704335488952992e-05 
 8.115668621329149e-05  2.677985438904261e+00  2.677975678233391e+00  2.624643931666388e+00  2.705984380780292e-05 
 8.120668621329149e-05  2.679635325644747e+00  2.679625558864553e+00  2.626293833738685e+00  2.707633327008520e-05 
 8.125668621329149e-05  2.681285212388195e+00  2.681275439497552e+00  2.627943735811589e+00  2.709282198985031e-05 
 8.130668621329150e-05  2.682935099129962e+00  2.682925320129560e+00  2.629593637885168e+00  2.710931103024783e-05 
 8.135668621329150e-05  2.684584985873408e+00  2.684575200762575e+00  2.631243539959594e+00  2.712579974024299e-05 
 8.140668621329150e-05  2.686234872615175e+00  2.686225081394600e+00  2.632893442034644e+00  2.714228877220283e-05 
 8.145668621329150e-05  2.687884759358217e+00  2.687874962027349e+00  2.634543344110245e+00  2.715877761409248e-05 
 8.150668621329150e-05  2.689534646099275e+00  2.689524842658910e+00  2.636193246186429e+00  2.717526687831097e-05 
 8.155668621329150e-05  2.691184532842308e+00  2.691174723291663e+00  2.637843148263353e+00  2.719175571620382e-05 
 8.160668621329150e-05  2.692834419583066e+00  2.692824603923040e+00  2.639493050341045e+00  2.720824507323696e-05 
 8.165668621329150e-05  2.694484306326059e+00  2.694474484555776e+00  2.641142952419468e+00  2.722473391779113e-05 
 8.170668621329151e-05  2.696134193068360e+00  2.696124365188179e+00  2.642792854498389e+00  2.724122276190123e-05 
 8.175668621329151e-05  2.697784079810460e+00  2.697774245820332e+00  2.644442756577933e+00  2.725771189866612e-05 
 8.180668621329151e-05  2.699433966552587e+00  2.699424126452635e+00  2.646092658658246e+00  2.727420079162602e-05 
 8.185668621329151e-05  2.701083853292879e+00  2.701074007083595e+00  2.647742560739112e+00  2.729069052347045e-05 
 8.190668621329151e-05  2.702733740035701e+00  2.702723887716370e+00  2.649392462820408e+00  2.730717917973080e-05 
 8.195668621329151e-05  2.704383626776631e+00  2.704373768347762e+00  2.651042364902452e+00  2.732366869619197e-05 
 8.200668621329151e-05  2.706033513519307e+00  2.706023648980437e+00  2.652692266985170e+00  2.734015740041396e-05 
 8.205668621329151e-05  2.707683400260556e+00  2.707673529612060e+00  2.654342169068343e+00  2.735664680230011e-05 
 8.210668621329151e-05  2.709333287002972e+00  2.709323410244571e+00  2.655992071152383e+00  2.737313558690226e-05 
 8.215668621329152e-05  2.710983173745196e+00  2.710973290876844e+00  2.657641973237143e+00  2.738962466327101e-05 
 8.220668621329152e-05  2.712633060486366e+00  2.712623171508540e+00  2.659291875322357e+00  2.740611385510296e-05 
 8.225668621329152e-05  2.714282947229870e+00  2.714273052141667e+00  2.660941777408210e+00  2.742260250381380e-05 
 8.230668621329152e-05  2.715932833970088e+00  2.715922932772747e+00  2.662591679494691e+00  2.743909200384366e-05 
 8.235668621329152e-05  2.717582720712284e+00  2.717572813405020e+00  2.664241581581725e+00  2.745558107799197e-05 
 8.240668621329152e-05  2.719232607453174e+00  2.719222694036548e+00  2.665891483669369e+00  2.747207035375677e-05 
 8.245668621329152e-05  2.720882494195862e+00  2.720872574669146e+00  2.667541385757778e+00  2.748855926359207e-05 
 8.250668621329152e-05  2.722532380937441e+00  2.722522455301150e+00  2.669191287846724e+00  2.750504830265733e-05 
 8.255668621329153e-05  2.724182267679097e+00  2.724172335933079e+00  2.670841189936295e+00  2.752153754689181e-05 
 8.260668621329153e-05  2.725832154419882e+00  2.725822216564560e+00  2.672491092026533e+00  2.753802684619335e-05 
 8.265668621329153e-05  2.727482041162067e+00  2.727472097196844e+00  2.674140994117339e+00  2.755451591101578e-05 
 8.270668621329153e-05  2.729131927903694e+00  2.729121977828894e+00  2.675790896208789e+00  2.757100492654431e-05 
 8.275668621329153e-05  2.730781814642432e+00  2.730771858458918e+00  2.677440798300889e+00  2.758749512290605e-05 
 8.280668621329153e-05  2.732431701385311e+00  2.732421739091795e+00  2.679090700393552e+00  2.760398372099073e-05 
 8.285668621329153e-05  2.734081588127517e+00  2.734071619724112e+00  2.680740602486823e+00  2.762047277115821e-05 
 8.290668621329153e-05  2.735731474867842e+00  2.735721500355314e+00  2.682390504580738e+00  2.763696220679515e-05 
 8.295668621329154e-05  2.737381361609900e+00  2.737371380987544e+00  2.684040406675198e+00  2.765345129870703e-05 
 8.300668621329154e-05  2.739031248349734e+00  2.739021261618433e+00  2.685690308770194e+00  2.766994089243970e-05 
 8.305668621329154e-05  2.740681135091088e+00  2.740671142250208e+00  2.687340210865897e+00  2.768643021039299e-05 
 8.310668621329154e-05  2.742331021834460e+00  2.742321022883439e+00  2.688990112962117e+00  2.770291863217424e-05 
 8.315668621329154e-05  2.743980908575158e+00  2.743970903514784e+00  2.690640015058826e+00  2.771940816506670e-05 
 8.320668621329154e-05  2.745630795316897e+00  2.745620784146948e+00  2.692289917156185e+00  2.773589711797866e-05 
 8.325668621329154e-05  2.747280682057057e+00  2.747270664777953e+00  2.693939819254220e+00  2.775238682228955e-05 
 8.330668621329154e-05  2.748930568797484e+00  2.748920545409255e+00  2.695589721352742e+00  2.776887620463577e-05 
 8.335668621329155e-05  2.750580455538346e+00  2.750570426040728e+00  2.697239623451836e+00  2.778536567491166e-05 
 8.340668621329155e-05  2.752230342280291e+00  2.752220306673042e+00  2.698889525551589e+00  2.780185455099617e-05 
 8.345668621329155e-05  2.753880229021570e+00  2.753870187304801e+00  2.700539427651789e+00  2.781834387694306e-05 
 8.350668621329155e-05  2.755530115762742e+00  2.755520067936616e+00  2.702189329752528e+00  2.783483300260572e-05 
 8.355668621329155e-05  2.757180002502999e+00  2.757169948567711e+00  2.703839231853847e+00  2.785132266073134e-05 
 8.360668621329155e-05  2.758829889244747e+00  2.758819829199908e+00  2.705489133955846e+00  2.786781159410336e-05 
 8.365668621329155e-05  2.760479775985850e+00  2.760469709831572e+00  2.707139036058531e+00  2.788430096756780e-05 
 8.370668621329155e-05  2.762129662727188e+00  2.762119590463502e+00  2.708788938161704e+00  2.790079003283432e-05 
 8.375668621329156e-05  2.763779549467696e+00  2.763769471094780e+00  2.710438840265465e+00  2.791727959947755e-05 
 8.380668621329156e-05  2.765429436208999e+00  2.765419351726707e+00  2.712088742369857e+00  2.793376866563226e-05 
 8.385668621329156e-05  2.767079322948984e+00  2.767069232357647e+00  2.713738644474604e+00  2.795025840102941e-05 
 8.390668621329156e-05  2.768729209690148e+00  2.768719112989478e+00  2.715388546579826e+00  2.796674751336938e-05 
 8.395668621329156e-05  2.770379096430564e+00  2.770368993620718e+00  2.717038448685562e+00  2.798323709999664e-05 
 8.400668621329156e-05  2.772028983171178e+00  2.772018874252193e+00  2.718688350791863e+00  2.799972638997231e-05 
 8.405668621329156e-05  2.773678869911604e+00  2.773668754883447e+00  2.720338252898824e+00  2.801621596816187e-05 
 8.410668621329156e-05  2.775328756653738e+00  2.775318635515941e+00  2.721988155006507e+00  2.803270474699085e-05 
 8.415668621329156e-05  2.776978643395090e+00  2.776968516147808e+00  2.723638057114932e+00  2.804919401964702e-05 
 8.420668621329157e-05  2.778628530135678e+00  2.778618396779291e+00  2.725287959223867e+00  2.806568330429362e-05 
 8.425668621329157e-05  2.780278416875680e+00  2.780268277410280e+00  2.726937861333342e+00  2.808217301393358e-05 
 8.430668621329157e-05  2.781928303616028e+00  2.781918158041603e+00  2.728587763443437e+00  2.809866237718396e-05 
 8.435668621329157e-05  2.783578190357575e+00  2.783568038673624e+00  2.730237665553923e+00  2.811515157123636e-05 
 8.440668621329157e-05  2.785228077097353e+00  2.785217919304583e+00  2.731887567664776e+00  2.813164111656332e-05 
 8.445668621329157e-05  2.786877963837365e+00  2.786867799935593e+00  2.733537469776130e+00  2.814813081510106e-05 
 8.450668621329157e-05  2.788527850579715e+00  2.788517680568262e+00  2.735187371888059e+00  2.816461950466810e-05 
 8.455668621329157e-05  2.790177737318422e+00  2.790167561198424e+00  2.736837274000495e+00  2.818110962731105e-05 
 8.460668621329158e-05  2.791827624059459e+00  2.791817441830231e+00  2.738487176113524e+00  2.819759874586827e-05 
 8.465668621329158e-05  2.793477510800468e+00  2.793467322461918e+00  2.740137078227178e+00  2.821408810689821e-05 
 8.470668621329158e-05  2.795127397539908e+00  2.795117203092677e+00  2.741786980341478e+00  2.823057774903662e-05 
 8.475668621329158e-05  2.796777284281027e+00  2.796767083724447e+00  2.743436882456543e+00  2.824706706787808e-05 
 8.480668621329158e-05  2.798427171020260e+00  2.798416964355079e+00  2.745086784571953e+00  2.826355677396534e-05 
 8.485668621329158e-05  2.800077057761897e+00  2.800066844987196e+00  2.746736686687883e+00  2.828004591739155e-05 
 8.490668621329158e-05  2.801726944501537e+00  2.801716725618105e+00  2.748386588804359e+00  2.829653548447889e-05 
 8.495668621329158e-05  2.803376831241959e+00  2.803366606249430e+00  2.750036490921405e+00  2.831302502270042e-05 
 8.500668621329159e-05  2.805026717982483e+00  2.805016486880929e+00  2.751686393038987e+00  2.832951429535660e-05 
 8.505668621329159e-05  2.806676604724188e+00  2.806666367513111e+00  2.753336295156915e+00  2.834600340503204e-05 
 8.510668621329159e-05  2.808326491463113e+00  2.808316248143563e+00  2.754986197275494e+00  2.836249320082531e-05 
 8.515668621329159e-05  2.809976378202687e+00  2.809966128774344e+00  2.756636099394781e+00  2.837898300860899e-05 
 8.520668621329159e-05  2.811626264943067e+00  2.811616009405769e+00  2.758286001514436e+00  2.839547231768050e-05 
 8.525668621329159e-05  2.813276151681577e+00  2.813265890035852e+00  2.759935903634413e+00  2.841196247540648e-05 
 8.530668621329159e-05  2.814926038421545e+00  2.814915770667012e+00  2.761585805754878e+00  2.842845191548430e-05 
 8.535668621329159e-05  2.816575925162115e+00  2.816565651298467e+00  2.763235707875877e+00  2.844494138664836e-05 
 8.540668621329160e-05  2.818225811901988e+00  2.818215531929571e+00  2.764885609997371e+00  2.846143085514788e-05 
 8.545668621329160e-05  2.819875698642670e+00  2.819865412561110e+00  2.766535512119400e+00  2.847792028412347e-05 
 8.550668621329160e-05  2.821525585382523e+00  2.821515293192207e+00  2.768185414241908e+00  2.849440975484344e-05 
 8.555668621329160e-05  2.823175472124668e+00  2.823165173824716e+00  2.769835316365052e+00  2.851089869665316e-05 
 8.560668621329160e-05  2.824825358862011e+00  2.824815054454169e+00  2.771485218488698e+00  2.852738899160271e-05 
 8.565668621329160e-05  2.826475245602962e+00  2.826464935085894e+00  2.773135120612956e+00  2.854387832243457e-05 
 8.570668621329160e-05  2.828125132343301e+00  2.828114815717335e+00  2.774785022737752e+00  2.856036762395656e-05 
 8.575668621329160e-05  2.829775019083282e+00  2.829764696348429e+00  2.776434924863131e+00  2.857685727097994e-05 
 8.580668621329160e-05  2.831424905822733e+00  2.831414576979293e+00  2.778084826989104e+00  2.859334685938356e-05 
 8.585668621329161e-05  2.833074792563050e+00  2.833064457610613e+00  2.779734729115690e+00  2.860983639272011e-05 
 8.590668621329161e-05  2.834724679302439e+00  2.834714338241443e+00  2.781384631242821e+00  2.862632599844320e-05 
 8.595668621329161e-05  2.836374566041950e+00  2.836364218872241e+00  2.783034533370261e+00  2.864281579157193e-05 
 8.600668621329161e-05  2.838024452782328e+00  2.838014099503730e+00  2.784684435498040e+00  2.865930506689264e-05 
 8.605668621329161e-05  2.839674339522062e+00  2.839663980134687e+00  2.786334337626446e+00  2.867579478052942e-05 
 8.610668621329161e-05  2.841324226260781e+00  2.841313860765093e+00  2.787984239755455e+00  2.869228459675080e-05 
 8.615668621329161e-05  2.842974113000079e+00  2.842963741395763e+00  2.789634141885097e+00  2.870877445338430e-05 
 8.620668621329161e-05  2.844623999739615e+00  2.844613622026711e+00  2.791284044015041e+00  2.872526399826717e-05 
 8.625668621329162e-05  2.846273886482214e+00  2.846263502659577e+00  2.792933946145404e+00  2.874175275533578e-05 
 8.630668621329162e-05  2.847923773219770e+00  2.847913383289226e+00  2.794583848276274e+00  2.875824295125343e-05 
 8.635668621329162e-05  2.849573659959954e+00  2.849563263920500e+00  2.796233750407792e+00  2.877473250190946e-05 
 8.640668621329162e-05  2.851223546697874e+00  2.851213144550401e+00  2.797883652539836e+00  2.879122257214986e-05 
 8.645668621329162e-05  2.852873433438759e+00  2.852863025182147e+00  2.799533554672486e+00  2.880771188610633e-05 
 8.650668621329162e-05  2.854523320176125e+00  2.854512905811692e+00  2.801183456805621e+00  2.882420213531470e-05 
 8.655668621329162e-05  2.856173206916535e+00  2.856162786443123e+00  2.802833358939059e+00  2.884069160425830e-05 
 8.660668621329162e-05  2.857823093656245e+00  2.857812667074223e+00  2.804483261072713e+00  2.885718107631054e-05 
 8.665668621329163e-05  2.859472980396005e+00  2.859462547705241e+00  2.806133163206884e+00  2.887367075131156e-05 
 8.670668621329163e-05  2.861122867135682e+00  2.861112428336325e+00  2.807783065341600e+00  2.889016023091330e-05 
 8.675668621329163e-05  2.862772753874877e+00  2.862762308966975e+00  2.809432967476796e+00  2.890665008887908e-05 
 8.680668621329163e-05  2.864422640615054e+00  2.864412189598401e+00  2.811082869612470e+00  2.892313939573013e-05 
 8.685668621329163e-05  2.866072527353559e+00  2.866062070228601e+00  2.812732771748585e+00  2.893962948062549e-05 
 8.690668621329163e-05  2.867722414093038e+00  2.867711950859571e+00  2.814382673885441e+00  2.895611901440611e-05 
 8.695668621329163e-05  2.869372300832496e+00  2.869361831490412e+00  2.816032576022978e+00  2.897260877778088e-05 
 8.700668621329163e-05  2.871022187570371e+00  2.871011712120329e+00  2.817682478160822e+00  2.898909883869541e-05 
 8.705668621329164e-05  2.872672074310603e+00  2.872661592751685e+00  2.819332380299067e+00  2.900558834316616e-05 
 8.710668621329164e-05  2.874321961049038e+00  2.874311473381994e+00  2.820982282437556e+00  2.902207820779326e-05 
 8.715668621329164e-05  2.875971847788958e+00  2.875961354013146e+00  2.822632184576665e+00  2.903856781262817e-05 
 8.720668621329164e-05  2.877621734527741e+00  2.877611234643686e+00  2.824282086716334e+00  2.905505756312434e-05 
 8.725668621329164e-05  2.879271621268359e+00  2.879261115275309e+00  2.825931988856598e+00  2.907154693125970e-05 
 8.730668621329164e-05  2.880921508006021e+00  2.880910995905114e+00  2.827581890997305e+00  2.908803704857356e-05 
 8.735668621329164e-05  2.882571394744564e+00  2.882560876535376e+00  2.829231793138456e+00  2.910452709616543e-05 
 8.740668621329164e-05  2.884221281484321e+00  2.884210757166577e+00  2.830881695280082e+00  2.912101651492696e-05 
 8.745668621329165e-05  2.885871168223542e+00  2.885860637797291e+00  2.832531597422081e+00  2.913750633692149e-05 
 8.750668621329165e-05  2.887521054960535e+00  2.887510518426669e+00  2.834181499564643e+00  2.915399666606592e-05 
 8.755668621329165e-05  2.889170941700662e+00  2.889160399057993e+00  2.835831401707560e+00  2.917048618163890e-05 
 8.760668621329165e-05  2.890820828440408e+00  2.890810279689202e+00  2.837481303850748e+00  2.918697559684770e-05 
 8.765668621329165e-05  2.892470715180423e+00  2.892460160320457e+00  2.839131205994500e+00  2.920346514572738e-05 
 8.770668621329165e-05  2.894120601917532e+00  2.894110040949933e+00  2.840781108138688e+00  2.921995542779834e-05 
 8.775668621329165e-05  2.895770488657480e+00  2.895759921581147e+00  2.842431010283401e+00  2.923644499532977e-05 
 8.780668621329165e-05  2.897420375396441e+00  2.897409802211855e+00  2.844080912428756e+00  2.925293466100490e-05 
 8.785668621329165e-05  2.899070262134179e+00  2.899059682841616e+00  2.845730814574678e+00  2.926942495506627e-05 
 8.790668621329166e-05  2.900720148875285e+00  2.900709563473749e+00  2.847380716720997e+00  2.928591390709003e-05 
 8.795668621329166e-05  2.902370035612119e+00  2.902359444102933e+00  2.849030618867455e+00  2.930240449202983e-05 
 8.800668621329166e-05  2.904019922351792e+00  2.904009324734116e+00  2.850680521014423e+00  2.931889391567634e-05 
 8.805668621329166e-05  2.905669809091171e+00  2.905659205364980e+00  2.852330423162153e+00  2.933538365906709e-05 
 8.810668621329166e-05  2.907319695829067e+00  2.907309085995001e+00  2.853980325310196e+00  2.935187366447047e-05 
 8.815668621329166e-05  2.908969582568544e+00  2.908958966625942e+00  2.855630227458574e+00  2.936836336966954e-05 
 8.820668621329166e-05  2.910619469307134e+00  2.910608847256435e+00  2.857280129607537e+00  2.938485313837337e-05 
 8.825668621329166e-05  2.912269356046861e+00  2.912258727887544e+00  2.858930031757070e+00  2.940134275919551e-05 
 8.830668621329167e-05  2.913919242784339e+00  2.913908608517306e+00  2.860579933906958e+00  2.941783289338475e-05 
 8.835668621329167e-05  2.915569129524550e+00  2.915558489148748e+00  2.862229836057267e+00  2.943432234545298e-05 
 8.840668621329167e-05  2.917219016260364e+00  2.917208369777414e+00  2.863879738207811e+00  2.945081302898058e-05 
 8.845668621329167e-05  2.918868903000768e+00  2.918858250408995e+00  2.865529640358991e+00  2.946730240866226e-05 
 8.850668621329167e-05  2.920518789737852e+00  2.920508131038513e+00  2.867179542510583e+00  2.948379266808467e-05 
 8.855668621329167e-05  2.922168676476243e+00  2.922158011668754e+00  2.868829444662623e+00  2.950028271523243e-05 
 8.860668621329167e-05  2.923818563216115e+00  2.923807892300125e+00  2.870479346815046e+00  2.951677204828475e-05 
 8.865668621329167e-05  2.925468449954041e+00  2.925457772930076e+00  2.872129248967736e+00  2.953326224198196e-05 
 8.870668621329168e-05  2.927118336691305e+00  2.927107653559732e+00  2.873779151120966e+00  2.954975243079418e-05 
 8.875668621329168e-05  2.928768223430247e+00  2.928757534190362e+00  2.875429053274670e+00  2.956624228387497e-05 
 8.880668621329168e-05  2.930418110167921e+00  2.930407414820292e+00  2.877078955428686e+00  2.958273233635180e-05 
 8.885668621329168e-05  2.932067996907628e+00  2.932057295451434e+00  2.878728857583370e+00  2.959922193274902e-05 
 8.890668621329168e-05  2.933717883645441e+00  2.933707176081458e+00  2.880378759738511e+00  2.961571193726421e-05 
 8.895668621329168e-05  2.935367770385564e+00  2.935357056712886e+00  2.882028661893849e+00  2.963220138888835e-05 
 8.900668621329168e-05  2.937017657122970e+00  2.937006937342654e+00  2.883678564049588e+00  2.964869152307761e-05 
 8.905668621329168e-05  2.938667543862001e+00  2.938656817973362e+00  2.885328466205959e+00  2.966518133308173e-05 
 8.910668621329169e-05  2.940317430598782e+00  2.940306698602733e+00  2.886978368362745e+00  2.968167166666705e-05 
 8.915668621329169e-05  2.941967317336549e+00  2.941956579232611e+00  2.888628270519952e+00  2.969816188967414e-05 
 8.920668621329169e-05  2.943617204074731e+00  2.943606459862909e+00  2.890278172677503e+00  2.971465175874213e-05 
 8.925668621329169e-05  2.945267090813591e+00  2.945256340493518e+00  2.891928074835338e+00  2.973114161670789e-05 
 8.930668621329169e-05  2.946916977550241e+00  2.946906221122812e+00  2.893577976993644e+00  2.974763198804078e-05 
 8.935668621329169e-05  2.948566864288656e+00  2.948556101753137e+00  2.895227879152682e+00  2.976412198722691e-05 
 8.940668621329169e-05  2.950216751028810e+00  2.950205982384749e+00  2.896877781312055e+00  2.978061119771060e-05 
 8.945668621329169e-05  2.951866637766344e+00  2.951855863014499e+00  2.898527683471603e+00  2.979710148511063e-05 
 8.950668621329169e-05  2.953516524504568e+00  2.953505743644846e+00  2.900177585631589e+00  2.981359132708918e-05 
 8.955668621329170e-05  2.955166411241096e+00  2.955155624273939e+00  2.901827487791877e+00  2.983008194355931e-05 
 8.960668621329170e-05  2.956816297979017e+00  2.956805504904100e+00  2.903477389952764e+00  2.984657187835252e-05 
 8.965668621329170e-05  2.958466184719136e+00  2.958455385535569e+00  2.905127292114132e+00  2.986306130555174e-05 
 8.970668621329170e-05  2.960116071456843e+00  2.960105266165592e+00  2.906777194275805e+00  2.987955130829059e-05 
 8.975668621329170e-05  2.961765958193892e+00  2.961755146795042e+00  2.908427096438079e+00  2.989604174534868e-05 
 8.980668621329170e-05  2.963415844931194e+00  2.963405027424799e+00  2.910076998600764e+00  2.991253188087020e-05 
 8.985668621329170e-05  2.965065731668478e+00  2.965054908054418e+00  2.911726900763738e+00  2.992902223177498e-05 
 8.990668621329170e-05  2.966715618406919e+00  2.966704788684934e+00  2.913376802927055e+00  2.994551198671205e-05 
 8.995668621329171e-05  2.968365505144126e+00  2.968354669314501e+00  2.915026705090859e+00  2.996200236426219e-05 
 9.000668621329171e-05  2.970015391883563e+00  2.970004549945692e+00  2.916676607255337e+00  2.997849178124737e-05 
 9.005668621329171e-05  2.971665278621108e+00  2.971654430575492e+00  2.918326509420038e+00  2.999498204289022e-05 
 9.010668621329171e-05  2.973315165358388e+00  2.973304311205258e+00  2.919976411584861e+00  3.001147217130631e-05 
 9.015668621329171e-05  2.974965052096871e+00  2.974954191835685e+00  2.921626313750373e+00  3.002796211808991e-05 
 9.020668621329171e-05  2.976614938833645e+00  2.976604072465125e+00  2.923276215916407e+00  3.004445240859857e-05 
 9.025668621329171e-05  2.978264825572066e+00  2.978253953095519e+00  2.924926118082585e+00  3.006094237225757e-05 
 9.030668621329171e-05  2.979914712310890e+00  2.979903833726322e+00  2.926576020249113e+00  3.007743198064519e-05 
 9.035668621329172e-05  2.981564599048214e+00  2.981553714356000e+00  2.928225922416137e+00  3.009392230224009e-05 
 9.040668621329172e-05  2.983214485784509e+00  2.983203594985139e+00  2.929875824583512e+00  3.011041274329498e-05 
 9.045668621329172e-05  2.984864372523254e+00  2.984853475615768e+00  2.931525726751261e+00  3.012690258793807e-05 
 9.050668621329172e-05  2.986514259262040e+00  2.986503356246555e+00  2.933175628919492e+00  3.014339220387521e-05 
 9.055668621329172e-05  2.988164145997451e+00  2.988153236874977e+00  2.934825531088305e+00  3.015988315252408e-05 
 9.060668621329172e-05  2.989814032736104e+00  2.989803117505690e+00  2.936475433257451e+00  3.017637280354426e-05 
 9.065668621329172e-05  2.991463919473996e+00  2.991452998135770e+00  2.938125335426736e+00  3.019286292263448e-05 
 9.070668621329172e-05  2.993113806211027e+00  2.993102878765409e+00  2.939775237596587e+00  3.020935311189080e-05 
 9.075668621329173e-05  2.994763692948335e+00  2.994752759395108e+00  2.941425139766915e+00  3.022584342149529e-05 
 9.080668621329173e-05  2.996413579684727e+00  2.996402640024339e+00  2.943075041937568e+00  3.024233381370038e-05 
 9.085668621329173e-05  2.998063466423809e+00  2.998052520655216e+00  2.944724944108866e+00  3.025882353311029e-05 
 9.090668621329173e-05  2.999713353161266e+00  2.999702401285156e+00  2.946374846280573e+00  3.027531357004401e-05 
 9.095668621329173e-05  3.001363239897579e+00  3.001352281914206e+00  2.948024748452492e+00  3.029180420338953e-05 
 9.100668621329173e-05  3.003013126635832e+00  3.003002162544682e+00  2.949674650624627e+00  3.030829397120519e-05 
 9.105668621329173e-05  3.004663013373361e+00  3.004652043174552e+00  2.951324552797118e+00  3.032478419465635e-05 
 9.110668621329173e-05  3.006312900109608e+00  3.006301923803707e+00  2.952974454970071e+00  3.034127462283267e-05 
 9.115668621329173e-05  3.007962786847476e+00  3.007951804433799e+00  2.954624357143445e+00  3.035776473304111e-05 
 9.120668621329174e-05  3.009612673585208e+00  3.009601685063941e+00  2.956274259317087e+00  3.037425466827838e-05 
 9.125668621329174e-05  3.011262560322528e+00  3.011251565693681e+00  2.957924161491211e+00  3.039074495434615e-05 
 9.130668621329174e-05  3.012912447058083e+00  3.012901446322395e+00  2.959574063665873e+00  3.040723560323480e-05 
 9.135668621329174e-05  3.014562333797520e+00  3.014551326953542e+00  2.961223965841078e+00  3.042372518364480e-05 
 9.140668621329174e-05  3.016212220532158e+00  3.016201207581659e+00  2.962873868016518e+00  3.044021613318184e-05 
 9.145668621329174e-05  3.017862107272094e+00  3.017851088213130e+00  2.964523770192241e+00  3.045670554883476e-05 
 9.150668621329174e-05  3.019511994007058e+00  3.019500968841478e+00  2.966173672368241e+00  3.047319638512904e-05 
 9.155668621329174e-05  3.021161880745999e+00  3.021150849472305e+00  2.967823574544826e+00  3.048968612052619e-05 
 9.160668621329175e-05  3.022811767482126e+00  3.022800730101425e+00  2.969473476721730e+00  3.050617657135105e-05 
 9.165668621329175e-05  3.024461654219600e+00  3.024450610731290e+00  2.971123378898934e+00  3.052266678636452e-05 
 9.170668621329175e-05  3.026111540956895e+00  3.026100491361183e+00  2.972773281076563e+00  3.053915684905543e-05 
 9.175668621329175e-05  3.027761427693133e+00  3.027750371990243e+00  2.974423183254705e+00  3.055564746819008e-05 
 9.180668621329175e-05  3.029411314429828e+00  3.029400252619742e+00  2.976073085433230e+00  3.057213772761250e-05 
 9.185668621329175e-05  3.031061201166370e+00  3.031050133249011e+00  2.977722987612003e+00  3.058862824194210e-05 
 9.190668621329175e-05  3.032711087904231e+00  3.032700013879290e+00  2.979372889790960e+00  3.060511810923374e-05 
 9.195668621329175e-05  3.034360974640477e+00  3.034349894508365e+00  2.981022791970183e+00  3.062160871904253e-05 
 9.200668621329176e-05  3.036010861378022e+00  3.035999775138447e+00  2.982672694149848e+00  3.063809868581015e-05 
 9.205668621329176e-05  3.037660748115150e+00  3.037649655768112e+00  2.984322596329839e+00  3.065458900163190e-05 
 9.210668621329176e-05  3.039310634851539e+00  3.039299536397438e+00  2.985972498510244e+00  3.067107934498716e-05 
 9.215668621329176e-05  3.040960521589817e+00  3.040949417027871e+00  2.987622400691316e+00  3.068756927622765e-05 
 9.220668621329176e-05  3.042610408325662e+00  3.042599297656844e+00  2.989272302872775e+00  3.070405979633041e-05 
 9.225668621329176e-05  3.044260295062522e+00  3.044249178286342e+00  2.990922205054516e+00  3.072055019342049e-05 
 9.230668621329176e-05  3.045910181798709e+00  3.045899058915551e+00  2.992572107236390e+00  3.073704059495144e-05 
 9.235668621329176e-05  3.047560068535865e+00  3.047548939545253e+00  2.994222009418567e+00  3.075353089034508e-05 
 9.240668621329177e-05  3.049209955274349e+00  3.049198820175981e+00  2.995871911601231e+00  3.077002053159530e-05 
 9.245668621329177e-05  3.050859842010713e+00  3.050848700805175e+00  2.997521813784084e+00  3.078651108189614e-05 
 9.250668621329177e-05  3.052509728746191e+00  3.052498581433924e+00  2.999171715967285e+00  3.080300171168895e-05 
 9.255668621329177e-05  3.054159615482421e+00  3.054148462063029e+00  3.000821618151073e+00  3.081949230417828e-05 
 9.260668621329177e-05  3.055809502221082e+00  3.055798342693887e+00  3.002471520335315e+00  3.083598188014738e-05 
 9.265668621329177e-05  3.057459388954548e+00  3.057448223321179e+00  3.004121422519687e+00  3.085247338079913e-05 
 9.270668621329177e-05  3.059109275692656e+00  3.059098103951676e+00  3.005771324704512e+00  3.086896313307168e-05 
 9.275668621329177e-05  3.060759162430534e+00  3.060747984581892e+00  3.007421226889897e+00  3.088545317311399e-05 
 9.280668621329178e-05  3.062409049167010e+00  3.062397865211319e+00  3.009071129075556e+00  3.090194346140220e-05 
 9.285668621329178e-05  3.064058935904193e+00  3.064047745841075e+00  3.010721031261416e+00  3.091843372926231e-05 
 9.290668621329178e-05  3.065708822640463e+00  3.065697626470379e+00  3.012370933447654e+00  3.093492407794664e-05 
 9.295668621329178e-05  3.067358709376091e+00  3.067347507099115e+00  3.014020835634303e+00  3.095141485650934e-05 
 9.300668621329178e-05  3.069008596113286e+00  3.068997387729029e+00  3.015670737821246e+00  3.096790489966030e-05 
 9.305668621329178e-05  3.070658482849774e+00  3.070647268358345e+00  3.017320640008573e+00  3.098439538734456e-05 
 9.310668621329178e-05  3.072308369586224e+00  3.072297148987773e+00  3.018970542196413e+00  3.100088567296824e-05 
 9.315668621329178e-05  3.073958256322408e+00  3.073947029616895e+00  3.020620444384678e+00  3.101737625879621e-05 
 9.320668621329178e-05  3.075608143060215e+00  3.075596910247233e+00  3.022270346573159e+00  3.103386608834027e-05 
 9.325668621329179e-05  3.077258029794810e+00  3.077246790875312e+00  3.023920248761845e+00  3.105035719597307e-05 
 9.330668621329179e-05  3.078907916533525e+00  3.078896671506244e+00  3.025570150951065e+00  3.106684672575690e-05 
 9.335668621329179e-05  3.080557803268817e+00  3.080546552134799e+00  3.027220053140542e+00  3.108333759624606e-05 
 9.340668621329179e-05  3.082207690003699e+00  3.082196432763202e+00  3.028869955330363e+00  3.109982838946371e-05 
 9.345668621329179e-05  3.083857576740729e+00  3.083846313392907e+00  3.030519857520422e+00  3.111631868441325e-05 
 9.350668621329179e-05  3.085507463476529e+00  3.085496194021943e+00  3.032169759710869e+00  3.113280916232755e-05 
 9.355668621329179e-05  3.087157350212206e+00  3.087146074650748e+00  3.033819661901787e+00  3.114929990625129e-05 
 9.360668621329179e-05  3.088807236949769e+00  3.088795955280947e+00  3.035469564092978e+00  3.116578980018827e-05 
 9.365668621329180e-05  3.090457123686542e+00  3.090445835910502e+00  3.037119466284579e+00  3.118228017107707e-05 
 9.370668621329180e-05  3.092107010421626e+00  3.092095716539057e+00  3.038769368476365e+00  3.119877088569092e-05 
 9.375668621329180e-05  3.093756897157288e+00  3.093745597167879e+00  3.040419270668529e+00  3.121526162250924e-05 
 9.380668621329180e-05  3.095406783895438e+00  3.095395477798474e+00  3.042069172861220e+00  3.123175131660607e-05 
 9.385668621329180e-05  3.097056670629516e+00  3.097045358426262e+00  3.043719075054097e+00  3.124824257078832e-05 
 9.390668621329180e-05  3.098706557366041e+00  3.098695239055794e+00  3.045368977247379e+00  3.126473279601585e-05 
 9.395668621329180e-05  3.100356444102025e+00  3.100345119684835e+00  3.047018879440853e+00  3.128122342314414e-05 
 9.400668621329180e-05  3.102006330838216e+00  3.101995000314143e+00  3.048668781634643e+00  3.129771375894988e-05 
 9.405668621329181e-05  3.103656217573802e+00  3.103644880942945e+00  3.050318683828837e+00  3.131420450642634e-05 
 9.410668621329181e-05  3.105306104309937e+00  3.105294761572225e+00  3.051968586023285e+00  3.133069485511068e-05 
 9.415668621329181e-05  3.106955991045566e+00  3.106944642201054e+00  3.053618488218094e+00  3.134718558793218e-05 
 9.420668621329181e-05  3.108605877781895e+00  3.108594522830468e+00  3.055268390413401e+00  3.136367586867087e-05 
 9.425668621329181e-05  3.110255764517968e+00  3.110244403459602e+00  3.056918292608995e+00  3.138016645094614e-05 
 9.430668621329181e-05  3.111905651255309e+00  3.111894284089686e+00  3.058568194804647e+00  3.139665639550929e-05 
 9.435668621329181e-05  3.113555537989870e+00  3.113544164717832e+00  3.060218097000707e+00  3.141314747116767e-05 
 9.440668621329181e-05  3.115205424725364e+00  3.115194045346705e+00  3.061867999197371e+00  3.142963802058033e-05 
 9.445668621329182e-05  3.116855311460733e+00  3.116843925975390e+00  3.063517901394393e+00  3.144612882712065e-05 
 9.450668621329182e-05  3.118505198197135e+00  3.118493806604871e+00  3.065167803591600e+00  3.146261907055584e-05 
 9.455668621329182e-05  3.120155084933376e+00  3.120143687234134e+00  3.066817705789182e+00  3.147910958843817e-05 
 9.460668621329182e-05  3.121804971668394e+00  3.121793567862709e+00  3.068467607987122e+00  3.149560028528845e-05 
 9.465668621329182e-05  3.123454858405900e+00  3.123443448492818e+00  3.070117510185306e+00  3.151209037862150e-05 
 9.470668621329182e-05  3.125104745141662e+00  3.125093329121882e+00  3.071767412383751e+00  3.152858083077862e-05 
 9.475668621329182e-05  3.126754631877411e+00  3.126743209750839e+00  3.073417314582597e+00  3.154507149965128e-05 
 9.480668621329182e-05  3.128404518612979e+00  3.128393090379784e+00  3.075067216781620e+00  3.156156201087227e-05 
 9.485668621329182e-05  3.130054405347636e+00  3.130042971008021e+00  3.076717118980868e+00  3.157805303945719e-05 
 9.490668621329183e-05  3.131704292085370e+00  3.131692851638415e+00  3.078367021180624e+00  3.159454282548050e-05 
 9.495668621329183e-05  3.133354178818269e+00  3.133342732265491e+00  3.080016923380470e+00  3.161103443582230e-05 
 9.500668621329183e-05  3.135004065554541e+00  3.134992612894915e+00  3.081666825580631e+00  3.162752470412648e-05 
 9.505668621329183e-05  3.136653952290272e+00  3.136642493523890e+00  3.083316727781169e+00  3.164401536544961e-05 
 9.510668621329183e-05  3.138303839026129e+00  3.138292374153036e+00  3.084966629982184e+00  3.166050577142147e-05 
 9.515668621329183e-05  3.139953725761637e+00  3.139942254781864e+00  3.086616532183440e+00  3.167699650646342e-05 
 9.520668621329183e-05  3.141603612497318e+00  3.141592135410915e+00  3.088266434385025e+00  3.169348696084100e-05 
 9.525668621329183e-05  3.143253499232462e+00  3.143242016039501e+00  3.089916336587029e+00  3.170997781667522e-05 
 9.530668621329184e-05  3.144903385968269e+00  3.144891896668640e+00  3.091566238789229e+00  3.172646822575569e-05 
 9.535668621329184e-05  3.146553272702555e+00  3.146541777296667e+00  3.093216140991699e+00  3.174295936047792e-05 
 9.540668621329184e-05  3.148203159438923e+00  3.148191657926179e+00  3.094866043194590e+00  3.175944958126457e-05 
 9.545668621329184e-05  3.149853046173716e+00  3.149841538554556e+00  3.096515945397649e+00  3.177594054190384e-05 
 9.550668621329184e-05  3.151502932909733e+00  3.151491419183843e+00  3.098165847601011e+00  3.179243087504506e-05 
 9.555668621329184e-05  3.153152819643770e+00  3.153141299811715e+00  3.099815749804766e+00  3.180892208792699e-05 
 9.560668621329184e-05  3.154802706380272e+00  3.154791180441330e+00  3.101465652008730e+00  3.182541225542294e-05 
 9.565668621329184e-05  3.156452593114246e+00  3.156441061069176e+00  3.103115554213189e+00  3.184190348340391e-05 
 9.570668621329185e-05  3.158102479850738e+00  3.158090941698787e+00  3.104765456417995e+00  3.185839365001167e-05 
 9.575668621329185e-05  3.159752366584887e+00  3.159740822326761e+00  3.106415358622828e+00  3.187488481448789e-05 
 9.580668621329185e-05  3.161402253320424e+00  3.161390702955739e+00  3.108065260828127e+00  3.189137529639900e-05 
 9.585668621329185e-05  3.163052140056779e+00  3.163040583585177e+00  3.109715163034022e+00  3.190786572812802e-05 
 9.590668621329185e-05  3.164702026792465e+00  3.164690464214268e+00  3.111365065240223e+00  3.192435615363979e-05 
 9.595668621329185e-05  3.166351913526070e+00  3.166340344841895e+00  3.113014967446439e+00  3.194084749219897e-05 
 9.600668621329185e-05  3.168001800262258e+00  3.167990225471317e+00  3.114664869652839e+00  3.195733775028911e-05 
 9.605668621329185e-05  3.169651686997693e+00  3.169640106100164e+00  3.116314771859483e+00  3.197382847911382e-05 
 9.610668621329186e-05  3.171301573733725e+00  3.171289986729485e+00  3.117964674066521e+00  3.199031878605376e-05 
 9.615668621329186e-05  3.172951460470344e+00  3.172939867359122e+00  3.119614576274039e+00  3.200680911963907e-05 
 9.620668621329186e-05  3.174601347203518e+00  3.174589747986570e+00  3.121264478482005e+00  3.202330036449545e-05 
 9.625668621329186e-05  3.176251233938562e+00  3.176239628615167e+00  3.122914380690215e+00  3.203979121677695e-05 
 9.630668621329186e-05  3.177901120673357e+00  3.177889509243685e+00  3.124564282898384e+00  3.205628192650581e-05 
 9.635668621329186e-05  3.179551007409460e+00  3.179539389872990e+00  3.126214185106987e+00  3.207277242351595e-05 
 9.640668621329186e-05  3.181200894144701e+00  3.181189270501813e+00  3.127864087316069e+00  3.208926298047814e-05 
 9.645668621329186e-05  3.182850780880481e+00  3.182839151130910e+00  3.129513989525391e+00  3.210575358140514e-05 
 9.650668621329187e-05  3.184500667614756e+00  3.184489031759099e+00  3.131163891734978e+00  3.212224445455884e-05 
 9.655668621329187e-05  3.186150554349886e+00  3.186138912387772e+00  3.132813793944941e+00  3.213873526687231e-05 
 9.660668621329187e-05  3.187800441084979e+00  3.187788793016520e+00  3.134463696154979e+00  3.215522586158207e-05 
 9.665668621329187e-05  3.189450327819326e+00  3.189438673644677e+00  3.136113598365191e+00  3.217171693102320e-05 
 9.670668621329187e-05  3.191100214554762e+00  3.191088554273653e+00  3.137763500576038e+00  3.218820741071385e-05 
 9.675668621329187e-05  3.192750101290354e+00  3.192738434902640e+00  3.139413402787238e+00  3.220469806359930e-05 
 9.680668621329187e-05  3.194399988023704e+00  3.194388315530239e+00  3.141063304998423e+00  3.222118923162824e-05 
 9.685668621329187e-05  3.196049874758621e+00  3.196038196158787e+00  3.142713207210091e+00  3.223768010433783e-05 
 9.690668621329187e-05  3.197699761495174e+00  3.197688076788514e+00  3.144363109422353e+00  3.225417020832902e-05 
 9.695668621329188e-05  3.199349648228626e+00  3.199337957416102e+00  3.146013011634902e+00  3.227066156154314e-05 
 9.700668621329188e-05  3.200999534964060e+00  3.200987838045089e+00  3.147662913847462e+00  3.228715203324020e-05 
 9.705668621329188e-05  3.202649421698971e+00  3.202637718673653e+00  3.149312816060078e+00  3.230364289928847e-05 
 9.710668621329188e-05  3.204299308431986e+00  3.204287599301051e+00  3.150962718273089e+00  3.232013416590521e-05 
 9.715668621329188e-05  3.205949195168883e+00  3.205937479930926e+00  3.152612620486722e+00  3.233662437381327e-05 
 9.720668621329188e-05  3.207599081905788e+00  3.207587360560899e+00  3.154262522700673e+00  3.235311435301538e-05 
 9.725668621329188e-05  3.209248968638042e+00  3.209237241187724e+00  3.155912424914862e+00  3.236960608770216e-05 
 9.730668621329188e-05  3.210898855372801e+00  3.210887121816285e+00  3.157562327129440e+00  3.238609677078566e-05 
 9.735668621329189e-05  3.212548742106846e+00  3.212537002444292e+00  3.159212229344108e+00  3.240258791394561e-05 
 9.740668621329189e-05  3.214198628840837e+00  3.214186883072351e+00  3.160862131558954e+00  3.241907884749542e-05 
 9.745668621329189e-05  3.215848515575245e+00  3.215836763700601e+00  3.162512033774029e+00  3.243556986897492e-05 
 9.750668621329189e-05  3.217498402309286e+00  3.217486644328701e+00  3.164161935989364e+00  3.245206078209663e-05 
 9.755668621329189e-05  3.219148289044285e+00  3.219136524957353e+00  3.165811838205059e+00  3.246855160151554e-05 
 9.760668621329189e-05  3.220798175779363e+00  3.220786405586145e+00  3.167461740420799e+00  3.248504216824769e-05 
 9.765668621329189e-05  3.222448062513949e+00  3.222436286214525e+00  3.169111642636707e+00  3.250153312444606e-05 
 9.770668621329189e-05  3.224097949247470e+00  3.224086166842290e+00  3.170761544853132e+00  3.251802420410126e-05 
 9.775668621329190e-05  3.225747835983296e+00  3.225736047471508e+00  3.172411447070151e+00  3.253451473974716e-05 
 9.780668621329190e-05  3.227397722718191e+00  3.227385928100186e+00  3.174061349287412e+00  3.255100536287863e-05 
 9.785668621329190e-05  3.229047609452931e+00  3.229035808728683e+00  3.175711251504683e+00  3.256749625868087e-05 
 9.790668621329190e-05  3.230697496187637e+00  3.230685689357254e+00  3.177361153722066e+00  3.258398693510305e-05 
 9.795668621329190e-05  3.232347382920747e+00  3.232335569984675e+00  3.179011055939866e+00  3.260047836869733e-05 
 9.800668621329190e-05  3.233997269655952e+00  3.233985450613576e+00  3.180660958158178e+00  3.261696887903013e-05 
 9.805668621329190e-05  3.235647156389935e+00  3.235635331241587e+00  3.182310860376674e+00  3.263346001774918e-05 
 9.810668621329190e-05  3.237297043124157e+00  3.237285211869844e+00  3.183960762595444e+00  3.264995084915849e-05 
 9.815668621329191e-05  3.238946929857839e+00  3.238935092497668e+00  3.185610664814515e+00  3.266644208202445e-05 
 9.820668621329191e-05  3.240596816594215e+00  3.240584973127346e+00  3.187260567033972e+00  3.268293220111466e-05 
 9.825668621329191e-05  3.242246703328415e+00  3.242234853755514e+00  3.188910469253798e+00  3.269942326211810e-05 
 9.830668621329191e-05  3.243896590062988e+00  3.243884734384013e+00  3.190560371473740e+00  3.271591397095878e-05 
 9.835668621329191e-05  3.245546476795086e+00  3.245534615010799e+00  3.192210273693756e+00  3.273240572340912e-05 
 9.840668621329191e-05  3.247196363529629e+00  3.247184495639283e+00  3.193860175914002e+00  3.274889643757888e-05 
 9.845668621329191e-05  3.248846250263909e+00  3.248834376267521e+00  3.195510078134492e+00  3.276538746527561e-05 
 9.850668621329191e-05  3.250496136999439e+00  3.250484256896652e+00  3.197159980355301e+00  3.278187785437208e-05 
 9.855668621329191e-05  3.252146023732781e+00  3.252134137524276e+00  3.198809882576451e+00  3.279836918849038e-05 
 9.860668621329192e-05  3.253795910468347e+00  3.253784018153447e+00  3.200459784797993e+00  3.281485955627054e-05 
 9.865668621329192e-05  3.255445797201673e+00  3.255433898781066e+00  3.202109687019549e+00  3.283135089527383e-05 
 9.870668621329192e-05  3.257095683937214e+00  3.257083779410218e+00  3.203759589241255e+00  3.284784127015944e-05 
 9.875668621329192e-05  3.258745570669781e+00  3.258733660037346e+00  3.205409491463396e+00  3.286433285518813e-05 
 9.880668621329192e-05  3.260395457401163e+00  3.260383540663758e+00  3.207059393685978e+00  3.288082459964486e-05 
 9.885668621329192e-05  3.262045344136534e+00  3.262033421292748e+00  3.208709295908807e+00  3.289731525253031e-05 
 9.890668621329192e-05  3.263695230871507e+00  3.263683301921541e+00  3.210359198131907e+00  3.291380580727204e-05 
 9.895668621329192e-05  3.265345117606001e+00  3.265333182549951e+00  3.212009100355317e+00  3.293029674837138e-05 
 9.900668621329193e-05  3.266995004339969e+00  3.266983063178087e+00  3.213659002578994e+00  3.294678763129504e-05 
 9.905668621329193e-05  3.268644891076204e+00  3.268632943807649e+00  3.215308904803092e+00  3.296327799596659e-05 
 9.910668621329193e-05  3.270294777806979e+00  3.270282824433688e+00  3.216958807027129e+00  3.297976992871715e-05 
 9.915668621329193e-05  3.271944664542171e+00  3.271932705062564e+00  3.218608709251320e+00  3.299626063444920e-05 
 9.920668621329193e-05  3.273594551276072e+00  3.273582585690670e+00  3.220258611475941e+00  3.301275153424825e-05 
 9.925668621329193e-05  3.275244438011101e+00  3.275232466319449e+00  3.221908513701051e+00  3.302924228705377e-05 
 9.930668621329193e-05  3.276894324743904e+00  3.276882346946838e+00  3.223558415926232e+00  3.304573354567690e-05 
 9.935668621329193e-05  3.278544211476294e+00  3.278532227573882e+00  3.225208318151588e+00  3.306222516534457e-05 
 9.940668621329194e-05  3.280194098211049e+00  3.280182108202557e+00  3.226858220377218e+00  3.307871578092653e-05 
 9.945668621329194e-05  3.281843984944101e+00  3.281831988830054e+00  3.228508122603035e+00  3.309520717455277e-05 
 9.950668621329194e-05  3.283493871677850e+00  3.283481869458072e+00  3.230158024829139e+00  3.311169811742847e-05 
 9.955668621329194e-05  3.285143758413166e+00  3.285131750087056e+00  3.231807927055597e+00  3.312818876587303e-05 
 9.960668621329194e-05  3.286793645144879e+00  3.286781630713744e+00  3.233457829282280e+00  3.314468037532663e-05 
 9.965668621329194e-05  3.288443531881136e+00  3.288431511343358e+00  3.235107731509014e+00  3.316117070757967e-05 
 9.970668621329194e-05  3.290093418614382e+00  3.290081391971063e+00  3.236757633736101e+00  3.317766180855113e-05 
 9.975668621329194e-05  3.291743305348117e+00  3.291731272599018e+00  3.238407535963566e+00  3.319415296858645e-05 
 9.980668621329195e-05  3.293393192082751e+00  3.293381153227637e+00  3.240057438191124e+00  3.321064361214604e-05 
 9.985668621329195e-05  3.295043078816146e+00  3.295031033855377e+00  3.241707340419108e+00  3.322713488053913e-05 
 9.990668621329195e-05  3.296692965550438e+00  3.296680914483782e+00  3.243357242647571e+00  3.324362563023602e-05 
 9.995334310664597e-05  3.298232537337664e+00  3.298220480573621e+00  3.244896828894093e+00  3.325901429736117e-05 
 9.999999999999999e-05  3.299772109124518e+00  3.299760046663294e+00  3.246436415140541e+00  3.327440286027117e-05 
 1.000000103039209e-04  3.299772308274442e+00  3.299760290305719e+00  3.246436751552905e+00  3.323892652731136e-05 
 1.000000309117628e-04  3.299772568994451e+00  3.299760634374840e+00  3.246437422362347e+00  3.319502850318610e-05 
 1.000000402822610e-04  3.299772618308183e+00  3.299760709920934e+00  3.246437726496154e+00  3.318806114306765e-05 
 1.000000472425032e-04  3.299772646264533e+00  3.299760748582872e+00  3.246437952372062e+00  3.318377039461895e-05 
 1.000000576798675e-04  3.299772677184053e+00  3.299760789267785e+00  3.246438290972189e+00  3.317872320221553e-05 
 1.000000708435606e-04  3.299772703466256e+00  3.299760821326166e+00  3.246438717886126e+00  3.317422737720586e-05 
 1.000000864296474e-04  3.299772723574530e+00  3.299760843275267e+00  3.246439223226973e+00  3.317055580304685e-05 
 1.000001035596207e-04  3.299772738183258e+00  3.299760856881025e+00  3.246439778518950e+00  3.316770085386722e-05 
 1.000001256597598e-04  3.299772751269180e+00  3.299760866904100e+00  3.246440494816337e+00  3.316496190114262e-05 
 1.000001541015028e-04  3.299772763561164e+00  3.299760874508660e+00  3.246441416527408e+00  3.316225067602102e-05 
 1.000002021820857e-04  3.299772779211119e+00  3.299760882777135e+00  3.246442974420399e+00  3.315868752766326e-05 
 1.000002398963550e-04  3.299772788907447e+00  3.299760887556590e+00  3.246444196231864e+00  3.315645981421459e-05 
 1.000002786040050e-04  3.299772797302216e+00  3.299760891680213e+00  3.246445450061590e+00  3.315452814233058e-05 
 1.000003251918263e-04  3.299772805731373e+00  3.299760895802000e+00  3.246446958944328e+00  3.315259194256643e-05 
 1.000003704511536e-04  3.299772812457168e+00  3.299760899085917e+00  3.246448424599183e+00  3.315104503159151e-05 
 1.000004219850393e-04  3.299772818724208e+00  3.299760902133507e+00  3.246450093224663e+00  3.314960705780792e-05 
 1.000004733290182e-04  3.299772823756015e+00  3.299760904577079e+00  3.246451755481423e+00  3.314845099344340e-05 
 1.000005316442830e-04  3.299772828333177e+00  3.299760906787877e+00  3.246453643187563e+00  3.314740261216872e-05 
 1.000005911095819e-04  3.299772831998506e+00  3.299760908554577e+00  3.246455567868642e+00  3.314656196608931e-05 
 1.000006583003254e-04  3.299772835228003e+00  3.299760910098914e+00  3.246457742310026e+00  3.314582419561019e-05 
 1.000007281391105e-04  3.299772837786622e+00  3.299760911318551e+00  3.246460002145630e+00  3.314523858341651e-05 
 1.000008069691423e-04  3.299772839971947e+00  3.299760912348438e+00  3.246462552572673e+00  3.314474126242393e-05 
 1.000008904040291e-04  3.299772841676800e+00  3.299760913147795e+00  3.246465251604103e+00  3.314435219657852e-05 
 1.000009848008185e-04  3.299772843093332e+00  3.299760913800996e+00  3.246468304799798e+00  3.314403146979486e-05 
 1.000010864303078e-04  3.299772844181300e+00  3.299760914299437e+00  3.246471591434180e+00  3.314378397912574e-05 
 1.000012019031911e-04  3.299772845067920e+00  3.299760914696158e+00  3.246475325163243e+00  3.314358460451252e-05 
 1.000013281654804e-04  3.299772845744398e+00  3.299760914997371e+00  3.246479407075639e+00  3.314343098498271e-05 
 1.000014723051388e-04  3.299772846298564e+00  3.299760915237632e+00  3.246484066115265e+00  3.314330691796864e-05 
 1.000016319408820e-04  3.299772846730952e+00  3.299760915427162e+00  3.246489225057807e+00  3.314320779269821e-05 
 1.000018149509884e-04  3.299772847095298e+00  3.299760915583829e+00  3.246495138190525e+00  3.314312602381849e-05 
 1.000020196815612e-04  3.299772847390272e+00  3.299760915714988e+00  3.246501751680309e+00  3.314305706034582e-05 
 1.000022556835924e-04  3.299772847662084e+00  3.299760915836963e+00  3.246509373557644e+00  3.314299407300305e-05 
 1.000025231352826e-04  3.299772847896328e+00  3.299760915949470e+00  3.246518008935037e+00  3.314293681866505e-05 
 1.000028353435934e-04  3.299772848124573e+00  3.299760916059497e+00  3.246528086611125e+00  3.314288199057471e-05 
 1.000031987928848e-04  3.299772848335527e+00  3.299760916168633e+00  3.246539814703415e+00  3.314282849483198e-05 
 1.000036367156492e-04  3.299772848562315e+00  3.299760916285229e+00  3.246553941147385e+00  3.314277219377029e-05 
 1.000041720601652e-04  3.299772848801263e+00  3.299760916415542e+00  3.246571203453480e+00  3.314270985223189e-05 
 1.000048607891095e-04  3.299772849093416e+00  3.299760916572663e+00  3.246593401386181e+00  3.314263515007630e-05 
 1.000057855231258e-04  3.299772849444719e+00  3.299760916767660e+00  3.246623188678269e+00  3.314254288144328e-05 
 1.000071457885020e-04  3.299772849942193e+00  3.299760917039543e+00  3.246666971495165e+00  3.314241425844796e-05 
 1.000089019050213e-04  3.299772850547640e+00  3.299760917376504e+00  3.246723438984087e+00  3.314225511540335e-05 
 1.000112373085584e-04  3.299772851345002e+00  3.299760917815967e+00  3.246798437887065e+00  3.314204741633060e-05 
 1.000145089088292e-04  3.299772852432633e+00  3.299760918420860e+00  3.246903322020516e+00  3.314176189393858e-05 
 1.000198153934100e-04  3.299772854201599e+00  3.299760919399178e+00  3.247073000656950e+00  3.314129977499815e-05 
 1.000302039741782e-04  3.299772857635197e+00  3.299760921305182e+00  3.247403609462388e+00  3.314039977852455e-05 
 1.000509811357147e-04  3.299772864446778e+00  3.299760925078820e+00  3.248058627825555e+00  3.313861764582384e-05 
 1.000925354587877e-04  3.299772877808049e+00  3.299760932488498e+00  3.249344252519263e+00  3.313511859695810e-05 
 1.001425354587877e-04  3.299772893450921e+00  3.299760941157888e+00  3.250848938901109e+00  3.313102452728517e-05 
 1.001925354587877e-04  3.299772908621408e+00  3.299760949570397e+00  3.252308754675529e+00  3.312705192991323e-05 
 1.002425354587877e-04  3.299772923346656e+00  3.299760957731232e+00  3.253725038013465e+00  3.312319799229025e-05 
 1.002925354587877e-04  3.299772937626461e+00  3.299760965650057e+00  3.255099087149121e+00  3.311945851510869e-05 
 1.003425354587877e-04  3.299772951486657e+00  3.299760973331333e+00  3.256432161615428e+00  3.311583104433155e-05 
 1.003925354587877e-04  3.299772964926447e+00  3.299760980784398e+00  3.257725483360818e+00  3.311231153075342e-05 
 1.004425354587877e-04  3.299772977971164e+00  3.299760988013456e+00  3.258980237903846e+00  3.310889763935322e-05 
 1.004925354587877e-04  3.299772990622169e+00  3.299760995029349e+00  3.260197575390085e+00  3.310558455220710e-05 
 1.005425354587877e-04  3.299773002902020e+00  3.299761001834545e+00  3.261378611673430e+00  3.310237079937976e-05 
 1.005925354587877e-04  3.299773014809142e+00  3.299761008438007e+00  3.262524429317067e+00  3.309925248354432e-05 
 1.006425354587877e-04  3.299773026366065e+00  3.299761014842257e+00  3.263636078605346e+00  3.309622810367922e-05 
 1.006925354587877e-04  3.299773037572803e+00  3.299761021057380e+00  3.264714578490647e+00  3.309329318558566e-05 
 1.007425354587877e-04  3.299773048451547e+00  3.299761027085741e+00  3.265760917542269e+00  3.309044630196091e-05 
 1.007925354587877e-04  3.299773059000370e+00  3.299761032936212e+00  3.266776054839277e+00  3.308768357102120e-05 
 1.008425354587878e-04  3.299773069240430e+00  3.299761038610546e+00  3.267760920862825e+00  3.308500386655626e-05 
 1.008925354587878e-04  3.299773079169095e+00  3.299761044117189e+00  3.268716418337856e+00  3.308240350751066e-05 
 1.009425354587878e-04  3.299773088809143e+00  3.299761049459056e+00  3.269643423071815e+00  3.307988078103230e-05 
 1.009925354587878e-04  3.299773098152519e+00  3.299761054641052e+00  3.270542784747402e+00  3.307743376377078e-05 
 1.010425354587878e-04  3.299773107225301e+00  3.299761059668312e+00  3.271415327710538e+00  3.307505962643377e-05 
 1.010925354587878e-04  3.299773116020924e+00  3.299761064546805e+00  3.272261851719123e+00  3.307275590654658e-05 
 1.011425354587878e-04  3.299773124560733e+00  3.299761069278589e+00  3.273083132682788e+00  3.307052130781280e-05 
 1.011925354587878e-04  3.299773132839518e+00  3.299761073870573e+00  3.273879923367685e+00  3.306835288414462e-05 
 1.012425354587878e-04  3.299773140877265e+00  3.299761078323975e+00  3.274652954093104e+00  3.306624975846583e-05 
 1.012925354587878e-04  3.299773148670238e+00  3.299761082646713e+00  3.275402933395485e+00  3.306420846643650e-05 
 1.013425354587878e-04  3.299773156237263e+00  3.299761086839311e+00  3.276130548683699e+00  3.306222847825822e-05 
 1.013925354587878e-04  3.299773163571370e+00  3.299761090907579e+00  3.276836466863086e+00  3.306030737186841e-05 
 1.014425354587878e-04  3.299773170692476e+00  3.299761094852795e+00  3.277521334952830e+00  3.305844423644011e-05 
 1.014925354587878e-04  3.299773177595895e+00  3.299761098682344e+00  3.278185780674147e+00  3.305663585321472e-05 
 1.015425354587878e-04  3.299773184299603e+00  3.299761102396262e+00  3.278830413030304e+00  3.305488193042561e-05 
 1.015925354587878e-04  3.299773190797164e+00  3.299761106000801e+00  3.279455822860450e+00  3.305317980620207e-05 
 1.016425354587878e-04  3.299773197107061e+00  3.299761109496388e+00  3.280062583386611e+00  3.305152899115780e-05 
 1.016925354587878e-04  3.299773203223475e+00  3.299761112889712e+00  3.280651250733461e+00  3.304992659471608e-05 
 1.017425354587878e-04  3.299773209162292e+00  3.299761116179521e+00  3.281222364443038e+00  3.304837296726334e-05 
 1.017925354587878e-04  3.299773214918169e+00  3.299761119372856e+00  3.281776447965131e+00  3.304686503081726e-05 
 1.018425354587878e-04  3.299773220508340e+00  3.299761122469406e+00  3.282314009141881e+00  3.304540266725009e-05 
 1.018925354587878e-04  3.299773225925105e+00  3.299761125474657e+00  3.282835540668180e+00  3.304398356330113e-05 
 1.019425354587878e-04  3.299773231188253e+00  3.299761128390049e+00  3.283341520548790e+00  3.304260672687509e-05 
 1.019925354587878e-04  3.299773236286576e+00  3.299761131218776e+00  3.283832412530995e+00  3.304127098291192e-05 
 1.020425354587878e-04  3.299773241240838e+00  3.299761133962937e+00  3.284308666534843e+00  3.303997500580531e-05 
 1.020925354587878e-04  3.299773246039928e+00  3.299761136625833e+00  3.284770719061261e+00  3.303871756409592e-05 
 1.021425354587878e-04  3.299773250702881e+00  3.299761139208446e+00  3.285218993596179e+00  3.303749788551256e-05 
 1.021925354587878e-04  3.299773255220564e+00  3.299761141715415e+00  3.285653900994544e+00  3.303631406313619e-05 
 1.022425354587878e-04  3.299773259609725e+00  3.299761144146244e+00  3.286075839861550e+00  3.303516606410418e-05 
 1.022925354587878e-04  3.299773263860897e+00  3.299761146505361e+00  3.286485196913135e+00  3.303405207919712e-05 
 1.023425354587878e-04  3.299773267991838e+00  3.299761148792986e+00  3.286882347335396e+00  3.303297171717241e-05 
 1.023925354587878e-04  3.299773271993728e+00  3.299761151013988e+00  3.287267655124147e+00  3.303192294143690e-05 
 1.024425354587878e-04  3.299773275883060e+00  3.299761153167769e+00  3.287641473422517e+00  3.303090577019827e-05 
 1.024925354587878e-04  3.299773279649259e+00  3.299761155258061e+00  3.288004144840686e+00  3.302991872774806e-05 
 1.025425354587878e-04  3.299773283309307e+00  3.299761157284618e+00  3.288356001773887e+00  3.302896165554644e-05 
 1.025925354587878e-04  3.299773286854704e+00  3.299761159252581e+00  3.288697366703130e+00  3.302803236734221e-05 
 1.026425354587878e-04  3.299773290299902e+00  3.299761161160033e+00  3.289028552495109e+00  3.302713154170368e-05 
 1.026925354587878e-04  3.299773293635762e+00  3.299761163011713e+00  3.289349862684380e+00  3.302625718600258e-05 
 1.027425354587878e-04  3.299773296878795e+00  3.299761164807101e+00  3.289661591756542e+00  3.302540928114305e-05 
 1.027925354587878e-04  3.299773300020068e+00  3.299761166551076e+00  3.289964025413349e+00  3.302458575544893e-05 
 1.028425354587878e-04  3.299773303073084e+00  3.299761168241168e+00  3.290257440838495e+00  3.302378757037338e-05 
 1.028925354587878e-04  3.299773306027516e+00  3.299761169881331e+00  3.290542106948168e+00  3.302301310898757e-05 
 1.029425354587878e-04  3.299773308901478e+00  3.299761171472174e+00  3.290818284641912e+00  3.302226179042281e-05 
 1.029925354587878e-04  3.299773311684265e+00  3.299761173017418e+00  3.291086227036469e+00  3.302153211099301e-05 
 1.030425354587878e-04  3.299773314388911e+00  3.299761174514320e+00  3.291346179703204e+00  3.302082516981902e-05 
 1.030925354587878e-04  3.299773317007002e+00  3.299761175968139e+00  3.291598380888607e+00  3.302013868294998e-05 
 1.031425354587878e-04  3.299773319554314e+00  3.299761177377974e+00  3.291843061736531e+00  3.301947283290657e-05 
 1.031925354587878e-04  3.299773322018538e+00  3.299761178746508e+00  3.292080446495588e+00  3.301882661782354e-05 
 1.032425354587878e-04  3.299773324415542e+00  3.299761180072919e+00  3.292310752730054e+00  3.301820018069759e-05 
 1.032925354587878e-04  3.299773326734634e+00  3.299761181360978e+00  3.292534191514187e+00  3.301759197165742e-05 
 1.033425354587878e-04  3.299773328991618e+00  3.299761182609829e+00  3.292750967630083e+00  3.301700215057509e-05 
 1.033925354587878e-04  3.299773331173649e+00  3.299761183821841e+00  3.292961279751545e+00  3.301642986391119e-05 
 1.034425354587878e-04  3.299773333297658e+00  3.299761184996913e+00  3.293165320629821e+00  3.301587489628241e-05 
 1.034925354587878e-04  3.299773335352014e+00  3.299761186138220e+00  3.293363277266057e+00  3.301533598514315e-05 
 1.035425354587878e-04  3.299773337351182e+00  3.299761187244058e+00  3.293555331087621e+00  3.301481371669115e-05 
 1.035925354587878e-04  3.299773339284294e+00  3.299761188318111e+00  3.293741658109464e+00  3.301430657125314e-05 
 1.036425354587878e-04  3.299773341166407e+00  3.299761189359083e+00  3.293922429099964e+00  3.301381493163403e-05 
 1.036925354587878e-04  3.299773342986102e+00  3.299761190370298e+00  3.294097809732990e+00  3.301333745224350e-05 
 1.037425354587878e-04  3.299773344757783e+00  3.299761191350046e+00  3.294267960744406e+00  3.301287472771701e-05 
 1.037925354587878e-04  3.299773346470182e+00  3.299761192301751e+00  3.294433038075114e+00  3.301242535517671e-05 
 1.038425354587878e-04  3.299773348138076e+00  3.299761193223977e+00  3.294593193017913e+00  3.301198979247862e-05 
 1.038925354587878e-04  3.299773349749701e+00  3.299761194119817e+00  3.294748572351844e+00  3.301156679972564e-05 
 1.039425354587878e-04  3.299773351319740e+00  3.299761194987794e+00  3.294899318481820e+00  3.301115685742231e-05 
 1.039925354587878e-04  3.299773352835565e+00  3.299761195830423e+00  3.295045569563401e+00  3.301075900900045e-05 
 1.040425354587878e-04  3.299773354314139e+00  3.299761196647758e+00  3.295187459634650e+00  3.301037297201934e-05 
 1.040925354587878e-04  3.299773355741805e+00  3.299761197441637e+00  3.295325118735150e+00  3.300999812342181e-05 
 1.041425354587878e-04  3.299773357133895e+00  3.299761198211038e+00  3.295458673028758e+00  3.300963471944734e-05 
 1.041925354587878e-04  3.299773358477539e+00  3.299761198958342e+00  3.295588244914807e+00  3.300928186436799e-05 
 1.042425354587878e-04  3.299773359787208e+00  3.299761199681959e+00  3.295713953144930e+00  3.300894009864032e-05 
 1.042925354587878e-04  3.299773361052033e+00  3.299761200385603e+00  3.295835912927626e+00  3.300860785329716e-05 
 1.043425354587878e-04  3.299773362285069e+00  3.299761201066745e+00  3.295954236038352e+00  3.300828614530279e-05 
 1.043925354587878e-04  3.299773363474086e+00  3.299761201728227e+00  3.296069030917333e+00  3.300797383556839e-05 
 1.044425354587878e-04  3.299773364635255e+00  3.299761202369571e+00  3.296180402773083e+00  3.300767091387991e-05 
 1.044925354587878e-04  3.299773365755077e+00  3.299761202992780e+00  3.296288453674896e+00  3.300737666081283e-05 
 1.045425354587878e-04  3.299773366847263e+00  3.299761203595787e+00  3.296393282650477e+00  3.300709186284914e-05 
 1.045925354587878e-04  3.299773367901506e+00  3.299761204182682e+00  3.296494985772299e+00  3.300681474940515e-05 
 1.046425354587878e-04  3.299773368929237e+00  3.299761204749908e+00  3.296593656250817e+00  3.300654685791773e-05 
 1.046925354587878e-04  3.299773369920668e+00  3.299761205301907e+00  3.296689384514485e+00  3.300628623572658e-05 
 1.047425354587878e-04  3.299773370891034e+00  3.299761205837637e+00  3.296782258297736e+00  3.300603316527247e-05 
 1.047925354587878e-04  3.299773371823859e+00  3.299761206357125e+00  3.296872362716149e+00  3.300578789790989e-05 
 1.048425354587878e-04  3.299773372735510e+00  3.299761206860098e+00  3.296959780349531e+00  3.300555033416286e-05 
 1.048925354587878e-04  3.299773373614074e+00  3.299761207349582e+00  3.297044591313428e+00  3.300531922169979e-05 
 1.049425354587878e-04  3.299773374472993e+00  3.299761207823393e+00  3.297126873336472e+00  3.300509541805695e-05 
 1.049925354587879e-04  3.299773375299150e+00  3.299761208283758e+00  3.297206701827338e+00  3.300487806747444e-05 
 1.050425354587879e-04  3.299773376107533e+00  3.299761208729517e+00  3.297284149947958e+00  3.300466751723002e-05 
 1.050925354587879e-04  3.299773376885519e+00  3.299761209163243e+00  3.297359288676779e+00  3.300446273481627e-05 
 1.051425354587879e-04  3.299773377646507e+00  3.299761209582723e+00  3.297432186878006e+00  3.300426459775347e-05 
 1.051925354587879e-04  3.299773378378639e+00  3.299761209991022e+00  3.297502911359992e+00  3.300407182084744e-05 
 1.052425354587879e-04  3.299773379094640e+00  3.299761210385513e+00  3.297571526941069e+00  3.300388549389312e-05 
 1.052925354587879e-04  3.299773379783302e+00  3.299761210769685e+00  3.297638096504599e+00  3.300370411498079e-05 
 1.053425354587879e-04  3.299773380458375e+00  3.299761211141593e+00  3.297702681061532e+00  3.300352843595348e-05 
 1.053925354587879e-04  3.299773381106400e+00  3.299761211503234e+00  3.297765339800845e+00  3.300335769608636e-05 
 1.054425354587879e-04  3.299773381741194e+00  3.299761211852721e+00  3.297826130148506e+00  3.300319262102123e-05 
 1.054925354587879e-04  3.299773382351248e+00  3.299761212193342e+00  3.297885107816782e+00  3.300303180166301e-05 
 1.055425354587879e-04  3.299773382949118e+00  3.299761212522386e+00  3.297942326858307e+00  3.300287637798869e-05 
 1.055925354587879e-04  3.299773383522921e+00  3.299761212842887e+00  3.297997839711457e+00  3.300272506302776e-05 
 1.056425354587879e-04  3.299773384086058e+00  3.299761213152695e+00  3.298051697253535e+00  3.300257872008963e-05 
 1.056925354587879e-04  3.299773384625140e+00  3.299761213453857e+00  3.298103948842547e+00  3.300243655292234e-05 
 1.057425354587879e-04  3.299773385155499e+00  3.299761213745500e+00  3.298154642366979e+00  3.300229878667915e-05 
 1.057925354587879e-04  3.299773385663732e+00  3.299761214029674e+00  3.298203824285149e+00  3.300216462111128e-05 
 1.058425354587879e-04  3.299773386162485e+00  3.299761214303740e+00  3.298251539672191e+00  3.300203516910628e-05 
 1.058925354587879e-04  3.299773386640982e+00  3.299761214571452e+00  3.298297832256818e+00  3.300190877021462e-05 
 1.059425354587879e-04  3.299773387110882e+00  3.299761214829553e+00  3.298342744465941e+00  3.300178685351536e-05 
 1.059925354587879e-04  3.299773387560306e+00  3.299761215081063e+00  3.298386317459428e+00  3.300166811960347e-05 
 1.060425354587879e-04  3.299773388002432e+00  3.299761215323731e+00  3.298428591171626e+00  3.300155349884587e-05 
 1.060925354587879e-04  3.299773388425717e+00  3.299761215560801e+00  3.298469604344042e+00  3.300144157415385e-05 
 1.061425354587879e-04  3.299773388843285e+00  3.299761215789983e+00  3.298509394565653e+00  3.300133329898698e-05 
 1.061925354587879e-04  3.299773389240972e+00  3.299761216012796e+00  3.298547998301916e+00  3.300122811778963e-05 
 1.062425354587879e-04  3.299773389633408e+00  3.299761216227972e+00  3.298585450933096e+00  3.300112647243058e-05 
 1.062925354587879e-04  3.299773390007430e+00  3.299761216437655e+00  3.298621786782305e+00  3.300102749249499e-05 
 1.063425354587879e-04  3.299773390377396e+00  3.299761216640400e+00  3.298657039151499e+00  3.300093171044579e-05 
 1.063925354587879e-04  3.299773390729795e+00  3.299761216838157e+00  3.298691240347547e+00  3.300083835134733e-05 
 1.064425354587879e-04  3.299773391077697e+00  3.299761217028623e+00  3.298724421715974e+00  3.300074837976137e-05 
 1.064925354587879e-04  3.299773391408828e+00  3.299761217214554e+00  3.298756613665285e+00  3.300066061130199e-05 
 1.065425354587879e-04  3.299773391736954e+00  3.299761217394105e+00  3.298787845699852e+00  3.300057578582181e-05 
 1.065925354587879e-04  3.299773392048715e+00  3.299761217569320e+00  3.298818146441754e+00  3.300049307154174e-05 
 1.066425354587879e-04  3.299773392357285e+00  3.299761217737989e+00  3.298847543661706e+00  3.300041339483186e-05 
 1.066925354587879e-04  3.299773392650347e+00  3.299761217902816e+00  3.298876064300396e+00  3.300033558818166e-05 
 1.067425354587879e-04  3.299773392941284e+00  3.299761218061739e+00  3.298903734497216e+00  3.300026050912740e-05 
 1.067925354587879e-04  3.299773393216893e+00  3.299761218216887e+00  3.298930579610314e+00  3.300018727348744e-05 
 1.068425354587879e-04  3.299773393490792e+00  3.299761218366348e+00  3.298956624243579e+00  3.300011666596744e-05 
 1.068925354587879e-04  3.299773393750082e+00  3.299761218512457e+00  3.298981892264665e+00  3.300004769713662e-05 
 1.069425354587879e-04  3.299773394008166e+00  3.299761218653163e+00  3.299006406831942e+00  3.299998122275490e-05 
 1.069925354587879e-04  3.299773394252024e+00  3.299761218790714e+00  3.299030190411504e+00  3.299991629469181e-05 
 1.070425354587879e-04  3.299773394495101e+00  3.299761218923098e+00  3.299053264801523e+00  3.299985375227597e-05 
 1.070925354587879e-04  3.299773394724268e+00  3.299761219052490e+00  3.299075651147984e+00  3.299979267846315e-05 
 1.071425354587879e-04  3.299773394953390e+00  3.299761219177147e+00  3.299097369968361e+00  3.299973378290790e-05 
 1.071925354587879e-04  3.299773395169141e+00  3.299761219299123e+00  3.299118441166054e+00  3.299967620718579e-05 
 1.072425354587879e-04  3.299773395384764e+00  3.299761219416280e+00  3.299138884053267e+00  3.299962085857108e-05 
 1.072925354587879e-04  3.299773395587301e+00  3.299761219530892e+00  3.299158717364024e+00  3.299956676539656e-05 
 1.073425354587879e-04  3.299773395790739e+00  3.299761219641324e+00  3.299177959276079e+00  3.299951458846699e-05 
 1.073925354587879e-04  3.299773395981537e+00  3.299761219749461e+00  3.299196627423189e+00  3.299946354574126e-05 
 1.074425354587879e-04  3.299773396172730e+00  3.299761219853056e+00  3.299214738915166e+00  3.299941460666612e-05 
 1.074925354587879e-04  3.299773396352225e+00  3.299761219954941e+00  3.299232310349408e+00  3.299936651313685e-05 
 1.075425354587879e-04  3.299773396532781e+00  3.299761220052684e+00  3.299249357830991e+00  3.299932033096754e-05 
 1.075925354587879e-04  3.299773396701199e+00  3.299761220148391e+00  3.299265896982122e+00  3.299927516087754e-05 
 1.076425354587879e-04  3.299773396871266e+00  3.299761220240311e+00  3.299281942961723e+00  3.299923173028498e-05 
 1.076925354587879e-04  3.299773397029694e+00  3.299761220330488e+00  3.299297510474329e+00  3.299918916877500e-05 
 1.077425354587879e-04  3.299773397190008e+00  3.299761220417007e+00  3.299312613788128e+00  3.299914828947495e-05 
 1.077925354587879e-04  3.299773397338813e+00  3.299761220501845e+00  3.299327266743739e+00  3.299910825083578e-05 
 1.078425354587879e-04  3.299773397490106e+00  3.299761220583385e+00  3.299341482770923e+00  3.299906971987949e-05 
 1.078925354587879e-04  3.299773397630111e+00  3.299761220663350e+00  3.299355274897377e+00  3.299903197895789e-05 
 1.079425354587879e-04  3.299773397772120e+00  3.299761220739678e+00  3.299368655764330e+00  3.299899592069032e-05 
 1.079925354587879e-04  3.299773397904096e+00  3.299761220815238e+00  3.299381637633932e+00  3.299896025100081e-05 
 1.080425354587879e-04  3.299773398038450e+00  3.299761220887383e+00  3.299394232404892e+00  3.299892616004845e-05 
 1.080925354587879e-04  3.299773398162193e+00  3.299761220958337e+00  3.299406451618516e+00  3.299889267083696e-05 
 1.081425354587879e-04  3.299773398288571e+00  3.299761221026026e+00  3.299418306474474e+00  3.299886069019652e-05 
 1.081925354587879e-04  3.299773398404848e+00  3.299761221092846e+00  3.299429807836068e+00  3.299882915231302e-05 
 1.082425354587879e-04  3.299773398524115e+00  3.299761221156614e+00  3.299440966245307e+00  3.299879902174824e-05 
 1.082925354587879e-04  3.299773398633492e+00  3.299761221219617e+00  3.299451791927334e+00  3.299876928331423e-05 
 1.083425354587879e-04  3.299773398746074e+00  3.299761221279689e+00  3.299462294804666e+00  3.299874089668778e-05 
 1.083925354587879e-04  3.299773398848491e+00  3.299761221338793e+00  3.299472484501876e+00  3.299871300566488e-05 
 1.084425354587879e-04  3.299773398954786e+00  3.299761221395401e+00  3.299482370358524e+00  3.299868625284264e-05 
 1.084925354587879e-04  3.299773399051045e+00  3.299761221451097e+00  3.299491961433702e+00  3.299865996942269e-05 
 1.085425354587879e-04  3.299773399151307e+00  3.299761221504356e+00  3.299501266518306e+00  3.299863479889030e-05 
 1.085925354587879e-04  3.299773399241944e+00  3.299761221556964e+00  3.299510294139043e+00  3.299860996764207e-05 
 1.086425354587879e-04  3.299773399336602e+00  3.299761221607126e+00  3.299519052570567e+00  3.299858625949546e-05 
 1.086925354587879e-04  3.299773399421306e+00  3.299761221656403e+00  3.299527549838668e+00  3.299856300876072e-05 
 1.087425354587879e-04  3.299773399510389e+00  3.299761221703447e+00  3.299535793731913e+00  3.299854077721074e-05 
 1.087925354587879e-04  3.299773399590002e+00  3.299761221749907e+00  3.299543791804281e+00  3.299851885474684e-05 
 1.088425354587879e-04  3.299773399674127e+00  3.299761221794221e+00  3.299551551387095e+00  3.299849791149965e-05 
 1.088925354587879e-04  3.299773399748789e+00  3.299761221837923e+00  3.299559079590771e+00  3.299847729243759e-05 
 1.089425354587879e-04  3.299773399828170e+00  3.299761221879601e+00  3.299566383315382e+00  3.299845759397246e-05 
 1.089925354587879e-04  3.299773399898280e+00  3.299761221920785e+00  3.299573469253337e+00  3.299843816196085e-05 
 1.090425354587879e-04  3.299773399973108e+00  3.299761221959930e+00  3.299580343900065e+00  3.299841966342478e-05 
 1.090925354587880e-04  3.299773400039086e+00  3.299761221998845e+00  3.299587013555098e+00  3.299840129944772e-05 
 1.091425354587880e-04  3.299773400109693e+00  3.299761222035650e+00  3.299593484331922e+00  3.299838390580559e-05 
 1.091925354587880e-04  3.299773400171565e+00  3.299761222072286e+00  3.299599762159475e+00  3.299836661741261e-05 
 1.092425354587880e-04  3.299773400238497e+00  3.299761222107084e+00  3.299605852792535e+00  3.299835016790415e-05 
 1.092925354587880e-04  3.299773400296491e+00  3.299761222141569e+00  3.299611761811958e+00  3.299833389558728e-05 
 1.093425354587880e-04  3.299773400359584e+00  3.299761222174227e+00  3.299617494634163e+00  3.299831845949040e-05 
 1.093925354587880e-04  3.299773400413789e+00  3.299761222206586e+00  3.299623056511898e+00  3.299830319347969e-05 
 1.094425354587880e-04  3.299773400473164e+00  3.299761222237155e+00  3.299628452543458e+00  3.299828874858992e-05 
 1.094925354587880e-04  3.299773400523813e+00  3.299761222267524e+00  3.299633687673042e+00  3.299827442493652e-05 
 1.095425354587880e-04  3.299773400580077e+00  3.299761222296398e+00  3.299638766699676e+00  3.299826077718688e-05 
 1.095925354587880e-04  3.299773400627976e+00  3.299761222325292e+00  3.299643694277039e+00  3.299824714142766e-05 
 1.096425354587880e-04  3.299773400681172e+00  3.299761222352459e+00  3.299648474922388e+00  3.299823430014404e-05 
 1.096925354587880e-04  3.299773400725971e+00  3.299761222379625e+00  3.299653113015583e+00  3.299822148106487e-05 
 1.097425354587880e-04  3.299773400776281e+00  3.299761222405202e+00  3.299657612808670e+00  3.299820939073611e-05 
 1.097925354587880e-04  3.299773400818323e+00  3.299761222430844e+00  3.299661978424473e+00  3.299819728974919e-05 
 1.098425354587880e-04  3.299773400865678e+00  3.299761222454758e+00  3.299666213864724e+00  3.299818598901104e-05 
 1.098925354587880e-04  3.299773400904865e+00  3.299761222478798e+00  3.299670323010319e+00  3.299817464697260e-05 
 1.099425354587880e-04  3.299773400949783e+00  3.299761222501384e+00  3.299674309628156e+00  3.299816397151205e-05 
 1.099925354587880e-04  3.299773400986406e+00  3.299761222523992e+00  3.299678177370378e+00  3.299815330582147e-05 
 1.100425354587880e-04  3.299773401028981e+00  3.299761222545288e+00  3.299681929782962e+00  3.299814323876315e-05 
 1.100925354587880e-04  3.299773401063472e+00  3.299761222566735e+00  3.299685570304047e+00  3.299813311663777e-05 
 1.101425354587880e-04  3.299773401103653e+00  3.299761222586697e+00  3.299689102271148e+00  3.299812368196248e-05 
 1.101925354587880e-04  3.299773401135888e+00  3.299761222606892e+00  3.299692528919881e+00  3.299811415180802e-05 
 1.102425354587880e-04  3.299773401173846e+00  3.299761222625612e+00  3.299695853391925e+00  3.299810530510684e-05 
 1.102925354587880e-04  3.299773401204044e+00  3.299761222644686e+00  3.299699078732857e+00  3.299809630253036e-05 
 1.103425354587880e-04  3.299773401240027e+00  3.299761222662317e+00  3.299702207899501e+00  3.299808796919632e-05 
 1.103925354587880e-04  3.299773401268081e+00  3.299761222680179e+00  3.299705243758353e+00  3.299807954171536e-05 
 1.104425354587880e-04  3.299773401302156e+00  3.299761222696754e+00  3.299708189093228e+00  3.299807170798168e-05 
 1.104925354587880e-04  3.299773401328675e+00  3.299761222713802e+00  3.299711046602321e+00  3.299806365842064e-05 
 1.105425354587880e-04  3.299773401360981e+00  3.299761222729404e+00  3.299713818905399e+00  3.299805628476338e-05 
 1.105925354587880e-04  3.299773401385543e+00  3.299761222745335e+00  3.299716508542222e+00  3.299804876455669e-05 
 1.106425354587880e-04  3.299773401416155e+00  3.299761222760001e+00  3.299719117978678e+00  3.299804183365637e-05 
 1.106925354587880e-04  3.299773401439152e+00  3.299761222775075e+00  3.299721649605327e+00  3.299803471712677e-05 
 1.107425354587880e-04  3.299773401468176e+00  3.299761222788857e+00  3.299724105743272e+00  3.299802820367031e-05 
 1.107925354587880e-04  3.299773401489266e+00  3.299761222802838e+00  3.299726488642196e+00  3.299802160983371e-05 
 1.108425354587880e-04  3.299773401516600e+00  3.299761222815663e+00  3.299728800487305e+00  3.299801555201278e-05 
 1.108925354587880e-04  3.299773401536204e+00  3.299761222828816e+00  3.299731043396297e+00  3.299800934853059e-05 
 1.109425354587880e-04  3.299773401562291e+00  3.299761222840963e+00  3.299733219426024e+00  3.299800360956572e-05 
 1.109925354587880e-04  3.299773401580843e+00  3.299761222853569e+00  3.299735330569332e+00  3.299799765788211e-05 
 1.110425354587880e-04  3.299773401605607e+00  3.299761222864989e+00  3.299737378762127e+00  3.299799226219820e-05 
 1.110925354587880e-04  3.299773401622800e+00  3.299761222876826e+00  3.299739365880504e+00  3.299798667422366e-05 
 1.111425354587880e-04  3.299773401646224e+00  3.299761222887500e+00  3.299741293746612e+00  3.299798163336702e-05 
 1.111925354587880e-04  3.299773401662305e+00  3.299761222898729e+00  3.299743164126226e+00  3.299797633049776e-05 
 1.112425354587880e-04  3.299773401684600e+00  3.299761222908784e+00  3.299744978734719e+00  3.299797158140774e-05 
 1.112925354587880e-04  3.299773401699527e+00  3.299761222919376e+00  3.299746739233780e+00  3.299796657829869e-05 
 1.113425354587880e-04  3.299773401720797e+00  3.299761222928866e+00  3.299748447237720e+00  3.299796209566219e-05 
 1.113925354587880e-04  3.299773401734674e+00  3.299761222938878e+00  3.299750104311082e+00  3.299795736522392e-05 
 1.114425354587880e-04  3.299773401754766e+00  3.299761222947703e+00  3.299751711973746e+00  3.299795319966712e-05 
 1.114925354587880e-04  3.299773401767626e+00  3.299761222957147e+00  3.299753271698088e+00  3.299794873701463e-05 
 1.115425354587880e-04  3.299773401786691e+00  3.299761222965395e+00  3.299754784914442e+00  3.299794484590497e-05 
 1.115925354587880e-04  3.299773401798558e+00  3.299761222974291e+00  3.299756253008426e+00  3.299794064171241e-05 
 1.116425354587880e-04  3.299773401816855e+00  3.299761222982130e+00  3.299757677326774e+00  3.299793694156110e-05 
 1.116925354587880e-04  3.299773401827876e+00  3.299761222990555e+00  3.299759059173432e+00  3.299793295852497e-05 
 1.117425354587880e-04  3.299773401845092e+00  3.299761222997781e+00  3.299760399816121e+00  3.299792955191664e-05 
 1.117925354587880e-04  3.299773401855222e+00  3.299761223005704e+00  3.299761700482414e+00  3.299792580602414e-05 
 1.118425354587880e-04  3.299773401871838e+00  3.299761223012621e+00  3.299762962365253e+00  3.299792254241253e-05 
 1.118925354587880e-04  3.299773401881082e+00  3.299761223020042e+00  3.299764186620212e+00  3.299791903455185e-05 
 1.119425354587880e-04  3.299773401896771e+00  3.299761223026427e+00  3.299765374370475e+00  3.299791602540336e-05 
 1.119925354587880e-04  3.299773401905328e+00  3.299761223033476e+00  3.299766526703134e+00  3.299791269206974e-05 
 1.120425354587880e-04  3.299773401920426e+00  3.299761223039549e+00  3.299767644675506e+00  3.299790982769433e-05 
 1.120925354587880e-04  3.299773401928315e+00  3.299761223046229e+00  3.299768729311338e+00  3.299790666755551e-05 
 1.121425354587880e-04  3.299773401942709e+00  3.299761223051909e+00  3.299769781605507e+00  3.299790399014166e-05 
 1.121925354587880e-04  3.299773401950039e+00  3.299761223058289e+00  3.299770802521475e+00  3.299790096855866e-05 
 1.122425354587880e-04  3.299773401963750e+00  3.299761223063592e+00  3.299771792995797e+00  3.299789847055685e-05 
 1.122925354587880e-04  3.299773401970218e+00  3.299761223069461e+00  3.299772753935148e+00  3.299789569455519e-05 
 1.123425354587880e-04  3.299773401983403e+00  3.299761223074477e+00  3.299773686221317e+00  3.299789333111241e-05 
 1.123925354587880e-04  3.299773401989230e+00  3.299761223079992e+00  3.299774590707464e+00  3.299789072208830e-05 
 1.124425354587880e-04  3.299773402001859e+00  3.299761223084706e+00  3.299775468223936e+00  3.299788850253042e-05 
 1.124925354587880e-04  3.299773402007261e+00  3.299761223089993e+00  3.299776319573697e+00  3.299788599786727e-05 
 1.125425354587880e-04  3.299773402019228e+00  3.299761223094328e+00  3.299777145538210e+00  3.299788395994188e-05 
 1.125925354587880e-04  3.299773402024162e+00  3.299761223099363e+00  3.299777946873071e+00  3.299788157340646e-05 
 1.126425354587880e-04  3.299773402035737e+00  3.299761223103493e+00  3.299778724313875e+00  3.299787963007207e-05 
 1.126925354587880e-04  3.299773402040078e+00  3.299761223108185e+00  3.299779478572039e+00  3.299787740651740e-05 
 1.127425354587880e-04  3.299773402051192e+00  3.299761223112061e+00  3.299780210339838e+00  3.299787558397527e-05 
 1.127925354587880e-04  3.299773402055064e+00  3.299761223116494e+00  3.299780920287035e+00  3.299787348298922e-05 
 1.128425354587880e-04  3.299773402065685e+00  3.299761223120087e+00  3.299781609065345e+00  3.299787179500613e-05 
 1.128925354587880e-04  3.299773402069159e+00  3.299761223124304e+00  3.299782277304752e+00  3.299786979438423e-05 
 1.129425354587880e-04  3.299773402079321e+00  3.299761223127643e+00  3.299782925618955e+00  3.299786822852568e-05 
 1.129925354587880e-04  3.299773402082374e+00  3.299761223131619e+00  3.299783554600748e+00  3.299786634070244e-05 
 1.130425354587880e-04  3.299773402092100e+00  3.299761223134719e+00  3.299784164827793e+00  3.299786488853072e-05 
 1.130925354587880e-04  3.299773402094845e+00  3.299761223138536e+00  3.299784756858277e+00  3.299786307398221e-05 
 1.131425354587880e-04  3.299773402104158e+00  3.299761223141399e+00  3.299785331235595e+00  3.299786173549732e-05 
 1.131925354587881e-04  3.299773402106469e+00  3.299761223144964e+00  3.299785888485372e+00  3.299786004174107e-05 
 1.132425354587881e-04  3.299773402115497e+00  3.299761223147675e+00  3.299786429119388e+00  3.299785877342228e-05 
 1.132925354587881e-04  3.299773402117532e+00  3.299761223151096e+00  3.299786953631943e+00  3.299785714539123e-05 
 1.133425354587881e-04  3.299773402126290e+00  3.299761223153669e+00  3.299787462505021e+00  3.299785594235356e-05 
 1.133925354587881e-04  3.299773402127979e+00  3.299761223156889e+00  3.299787956203775e+00  3.299785440891352e-05 
 1.134425354587881e-04  3.299773402136441e+00  3.299761223159297e+00  3.299788435181705e+00  3.299785328359146e-05 
 1.134925354587881e-04  3.299773402137855e+00  3.299761223162368e+00  3.299788899876757e+00  3.299785181987342e-05 
 1.135425354587881e-04  3.299773402145995e+00  3.299761223164600e+00  3.299789350716128e+00  3.299785077892831e-05 
 1.135925354587881e-04  3.299773402147136e+00  3.299761223167518e+00  3.299789788111633e+00  3.299784938670863e-05 
 1.136425354587881e-04  3.299773402155016e+00  3.299761223169610e+00  3.299790212464939e+00  3.299784841237690e-05 
 1.136925354587881e-04  3.299773402155794e+00  3.299761223172316e+00  3.299790624164283e+00  3.299784712052139e-05 
 1.137425354587881e-04  3.299773402163388e+00  3.299761223174245e+00  3.299791023588124e+00  3.299784622523754e-05 
 1.137925354587881e-04  3.299773402163958e+00  3.299761223176843e+00  3.299791411101112e+00  3.299784498356411e-05 
 1.138425354587881e-04  3.299773402171331e+00  3.299761223178647e+00  3.299791787059465e+00  3.299784414601186e-05 
 1.138925354587881e-04  3.299773402171696e+00  3.299761223181136e+00  3.299792151806594e+00  3.299784295496459e-05 
 1.139425354587881e-04  3.299773402178852e+00  3.299761223182823e+00  3.299792505678262e+00  3.299784217336758e-05 
 1.139925354587881e-04  3.299773402178920e+00  3.299761223185133e+00  3.299792848997620e+00  3.299784106714136e-05 
 1.140425354587881e-04  3.299773402185851e+00  3.299761223186704e+00  3.299793182080307e+00  3.299784034149959e-05 
 1.140925354587881e-04  3.299773402185693e+00  3.299761223188888e+00  3.299793505230303e+00  3.299783929478131e-05 
 1.141425354587881e-04  3.299773402192443e+00  3.299761223190353e+00  3.299793818744889e+00  3.299783861932163e-05 
 1.141925354587881e-04  3.299773402192138e+00  3.299761223192466e+00  3.299794122910473e+00  3.299783760413369e-05 
 1.142425354587881e-04  3.299773402198659e+00  3.299761223193802e+00  3.299794418007058e+00  3.299783699084649e-05 
 1.142925354587881e-04  3.299773402198186e+00  3.299761223195814e+00  3.299794704303801e+00  3.299783602273201e-05 
 1.143425354587881e-04  3.299773402204528e+00  3.299761223197053e+00  3.299794982064082e+00  3.299783545563009e-05 
 1.143925354587881e-04  3.299773402203917e+00  3.299761223198996e+00  3.299795251541471e+00  3.299783451904594e-05 
 1.144425354587881e-04  3.299773402210110e+00  3.299761223200153e+00  3.299795512983830e+00  3.299783399146796e-05 
 1.144925354587881e-04  3.299773402209310e+00  3.299761223201992e+00  3.299795766629870e+00  3.299783310328954e-05 
 1.145425354587881e-04  3.299773402215339e+00  3.299761223203055e+00  3.299796012713217e+00  3.299783262012048e-05 
 1.145925354587881e-04  3.299773402214384e+00  3.299761223204804e+00  3.299796251457983e+00  3.299783177457461e-05 
 1.146425354587881e-04  3.299773402220195e+00  3.299761223205747e+00  3.299796483084227e+00  3.299783134913715e-05 
 1.146925354587881e-04  3.299773402218994e+00  3.299761223207343e+00  3.299796707803484e+00  3.299783057731010e-05 
 1.147425354587881e-04  3.299773402224746e+00  3.299761223208266e+00  3.299796925822570e+00  3.299783016119851e-05 
 1.147925354587881e-04  3.299773402223459e+00  3.299761223209821e+00  3.299797137339826e+00  3.299782940669095e-05 
 1.148425354587881e-04  3.299773402229004e+00  3.299761223210618e+00  3.299797342550607e+00  3.299782905230775e-05 
 1.148925354587881e-04  3.299773402227620e+00  3.299761223212124e+00  3.299797541641945e+00  3.299782832000464e-05 
 1.149425354587881e-04  3.299773402233057e+00  3.299761223212868e+00  3.299797734797004e+00  3.299782799049045e-05 
 1.149925354587881e-04  3.299773402231564e+00  3.299761223214307e+00  3.299797922192046e+00  3.299782728927359e-05 
 1.150425354587881e-04  3.299773402236929e+00  3.299761223215017e+00  3.299798103999980e+00  3.299782697530252e-05 
 1.150925354587881e-04  3.299773402235267e+00  3.299761223216359e+00  3.299798280385879e+00  3.299782632027093e-05 
 1.151425354587881e-04  3.299773402240528e+00  3.299761223217007e+00  3.299798451512814e+00  3.299782603605383e-05 
 1.151925354587881e-04  3.299773402238783e+00  3.299761223218307e+00  3.299798617536559e+00  3.299782539967399e-05 
 1.152425354587881e-04  3.299773402243931e+00  3.299761223218892e+00  3.299798778610306e+00  3.299782514654314e-05 
 1.152925354587881e-04  3.299773402242109e+00  3.299761223220155e+00  3.299798934880420e+00  3.299782452615052e-05 
 1.153425354587881e-04  3.299773402247166e+00  3.299761223220692e+00  3.299799086491217e+00  3.299782429566822e-05 
 1.153925354587881e-04  3.299773402245243e+00  3.299761223221894e+00  3.299799233580806e+00  3.299782370458547e-05 
 1.154425354587881e-04  3.299773402250207e+00  3.299761223222379e+00  3.299799376285077e+00  3.299782349897217e-05 
 1.154925354587881e-04  3.299773402248161e+00  3.299761223223511e+00  3.299799514733584e+00  3.299782294030794e-05 
 1.155425354587881e-04  3.299773402253033e+00  3.299761223223951e+00  3.299799649054199e+00  3.299782275689909e-05 
 1.155925354587881e-04  3.299773402250932e+00  3.299761223225048e+00  3.299799779369173e+00  3.299782221422208e-05 
 1.156425354587881e-04  3.299773402255727e+00  3.299761223225446e+00  3.299799905798914e+00  3.299782205124134e-05 
 1.156925354587881e-04  3.299773402253527e+00  3.299761223226488e+00  3.299800028458052e+00  3.299782153387741e-05 
 1.157425354587881e-04  3.299773402258179e+00  3.299761223226795e+00  3.299800147460329e+00  3.299782141530559e-05 
 1.157925354587881e-04  3.299773402255913e+00  3.299761223227803e+00  3.299800262913537e+00  3.299782091348478e-05 
 1.158425354587881e-04  3.299773402260585e+00  3.299761223228136e+00  3.299800374924823e+00  3.299782078159029e-05 
 1.158925354587881e-04  3.299773402258220e+00  3.299761223229085e+00  3.299800483595566e+00  3.299782030774710e-05 
 1.159425354587881e-04  3.299773402262791e+00  3.299761223229357e+00  3.299800589026346e+00  3.299782020560658e-05 
 1.159925354587881e-04  3.299773402260388e+00  3.299761223230285e+00  3.299800691312883e+00  3.299781974064517e-05 
 1.160425354587881e-04  3.299773402264908e+00  3.299761223230530e+00  3.299800790549838e+00  3.299781965138324e-05 
 1.160925354587881e-04  3.299773402262422e+00  3.299761223231410e+00  3.299800886826871e+00  3.299781920862630e-05 
 1.161425354587881e-04  3.299773402266885e+00  3.299761223231632e+00  3.299800980233601e+00  3.299781913091069e-05 
 1.161925354587881e-04  3.299773402264368e+00  3.299761223232498e+00  3.299801070854691e+00  3.299781869392690e-05 
 1.162425354587881e-04  3.299773402268774e+00  3.299761223232686e+00  3.299801158774397e+00  3.299781863264259e-05 
 1.162925354587881e-04  3.299773402266185e+00  3.299761223233509e+00  3.299801244071957e+00  3.299781821608691e-05 
 1.163425354587881e-04  3.299773402270526e+00  3.299761223233657e+00  3.299801326826489e+00  3.299781817523071e-05 
 1.163925354587881e-04  3.299773402267886e+00  3.299761223234450e+00  3.299801407112863e+00  3.299781777155362e-05 
 1.164425354587881e-04  3.299773402272181e+00  3.299761223234577e+00  3.299801485005910e+00  3.299781774046737e-05 
 1.164925354587881e-04  3.299773402269495e+00  3.299761223235340e+00  3.299801560575702e+00  3.299781735055704e-05 
 1.165425354587881e-04  3.299773402273764e+00  3.299761223235455e+00  3.299801633892399e+00  3.299781732524395e-05 
 1.165925354587881e-04  3.299773402271024e+00  3.299761223236190e+00  3.299801705022186e+00  3.299781694865630e-05 
 1.166425354587881e-04  3.299773402275241e+00  3.299761223236276e+00  3.299801774031554e+00  3.299781693755407e-05 
 1.166925354587881e-04  3.299773402272459e+00  3.299761223236991e+00  3.299801840982737e+00  3.299781656984821e-05 
 1.167425354587881e-04  3.299773402276610e+00  3.299761223237036e+00  3.299801905938300e+00  3.299781657917408e-05 
 1.167925354587881e-04  3.299773402273761e+00  3.299761223237711e+00  3.299801968956459e+00  3.299781622967587e-05 
 1.168425354587881e-04  3.299773402277886e+00  3.299761223237740e+00  3.299802030095861e+00  3.299781624743944e-05 
 1.168925354587881e-04  3.299773402274997e+00  3.299761223238392e+00  3.299802089411517e+00  3.299781590859937e-05 
 1.169425354587881e-04  3.299773402279088e+00  3.299761223238405e+00  3.299802146959076e+00  3.299781593346837e-05 
 1.169925354587881e-04  3.299773402276193e+00  3.299761223239055e+00  3.299802202790252e+00  3.299781559462830e-05 
 1.170425354587881e-04  3.299773402280248e+00  3.299761223239054e+00  3.299802256957377e+00  3.299781562704681e-05 
 1.170925354587881e-04  3.299773402277310e+00  3.299761223239673e+00  3.299802309508716e+00  3.299781530197351e-05 
 1.170987854587881e-04  3.299773402278070e+00  3.299761223238862e+00  3.299802315954005e+00  3.299781572072147e-05 
 1.171112854587881e-04  3.299773402278189e+00  3.299761223238926e+00  3.299802328795706e+00  3.299781568830296e-05 
 1.171362854587881e-04  3.299773402278045e+00  3.299761223238807e+00  3.299802354189636e+00  3.299781575556130e-05 
 1.171862854587881e-04  3.299773402279907e+00  3.299761223239978e+00  3.299802403841710e+00  3.299781517540809e-05 
 1.172362854587881e-04  3.299773402280415e+00  3.299761223240262e+00  3.299802452013176e+00  3.299781504484586e-05 
 1.172862854587881e-04  3.299773402280900e+00  3.299761223240532e+00  3.299802498748186e+00  3.299781491295136e-05 
 1.173362854587881e-04  3.299773402281372e+00  3.299761223240790e+00  3.299802544089662e+00  3.299781479482363e-05 
 1.173862854587881e-04  3.299773402281833e+00  3.299761223241039e+00  3.299802588079267e+00  3.299781467403136e-05 
 1.174362854587882e-04  3.299773402282293e+00  3.299761223241306e+00  3.299802630757383e+00  3.299781455057456e-05 
 1.174862854587882e-04  3.299773402282717e+00  3.299761223241530e+00  3.299802672162820e+00  3.299781444221680e-05 
 1.175362854587882e-04  3.299773402283154e+00  3.299761223241780e+00  3.299802712333604e+00  3.299781432630951e-05 
 1.175862854587882e-04  3.299773402283560e+00  3.299761223242005e+00  3.299802751306643e+00  3.299781421706357e-05 
 1.176362854587882e-04  3.299773402283953e+00  3.299761223242228e+00  3.299802789117384e+00  3.299781411492305e-05 
 1.176862854587882e-04  3.299773402284317e+00  3.299761223242418e+00  3.299802825800501e+00  3.299781402210840e-05 
 1.177362854587882e-04  3.299773402284709e+00  3.299761223242646e+00  3.299802861389733e+00  3.299781391730335e-05 
 1.177862854587882e-04  3.299773402285052e+00  3.299761223242828e+00  3.299802895917816e+00  3.299781382848551e-05 
 1.178362854587882e-04  3.299773402285415e+00  3.299761223243039e+00  3.299802929416372e+00  3.299781373167406e-05 
 1.178862854587882e-04  3.299773402285753e+00  3.299761223243218e+00  3.299802961916128e+00  3.299781364374440e-05 
 1.179362854587882e-04  3.299773402286065e+00  3.299761223243395e+00  3.299802993446971e+00  3.299781356425243e-05 
 1.179862854587882e-04  3.299773402286384e+00  3.299761223243565e+00  3.299803024037515e+00  3.299781348031957e-05 
 1.180362854587882e-04  3.299773402286709e+00  3.299761223243753e+00  3.299803053715855e+00  3.299781339505444e-05 
 1.180862854587882e-04  3.299773402286987e+00  3.299761223243903e+00  3.299803082509229e+00  3.299781332089154e-05 
 1.181362854587882e-04  3.299773402287284e+00  3.299761223244070e+00  3.299803110444072e+00  3.299781324539637e-05 
 1.181862854587882e-04  3.299773402287551e+00  3.299761223244214e+00  3.299803137546030e+00  3.299781317478619e-05 
 1.182362854587882e-04  3.299773402287839e+00  3.299761223244380e+00  3.299803163839638e+00  3.299781309884694e-05 
 1.182862854587882e-04  3.299773402288103e+00  3.299761223244521e+00  3.299803189349382e+00  3.299781302956902e-05 
 1.183362854587882e-04  3.299773402288379e+00  3.299761223244682e+00  3.299803214098717e+00  3.299781295629430e-05 
 1.183862854587882e-04  3.299773402288614e+00  3.299761223244804e+00  3.299803238110032e+00  3.299781289545408e-05 
 1.184362854587882e-04  3.299773402288867e+00  3.299761223244948e+00  3.299803261405335e+00  3.299781283017296e-05 
 1.184862854587882e-04  3.299773402289091e+00  3.299761223245071e+00  3.299803284006003e+00  3.299781276933274e-05 
 1.185362854587882e-04  3.299773402289346e+00  3.299761223245215e+00  3.299803305932484e+00  3.299781270405163e-05 
 1.185862854587882e-04  3.299773402289535e+00  3.299761223245316e+00  3.299803327204982e+00  3.299781265386955e-05 
 1.186362854587882e-04  3.299773402289760e+00  3.299761223245444e+00  3.299803347843344e+00  3.299781259658204e-05 
 1.186862854587882e-04  3.299773402289952e+00  3.299761223245543e+00  3.299803367866473e+00  3.299781254728814e-05 
 1.187362854587882e-04  3.299773402290167e+00  3.299761223245668e+00  3.299803387292430e+00  3.299781249088881e-05 
 1.187862854587882e-04  3.299773402290357e+00  3.299761223245771e+00  3.299803406139041e+00  3.299781243893037e-05 
 1.188362854587882e-04  3.299773402290559e+00  3.299761223245890e+00  3.299803424423958e+00  3.299781238563966e-05 
 1.188862854587882e-04  3.299773402290733e+00  3.299761223245977e+00  3.299803442163600e+00  3.299781234211892e-05 
 1.189362854587882e-04  3.299773402290919e+00  3.299761223246084e+00  3.299803459374269e+00  3.299781229415729e-05 
 1.189862854587882e-04  3.299773402291091e+00  3.299761223246175e+00  3.299803476071787e+00  3.299781224797201e-05 
 1.190362854587882e-04  3.299773402291271e+00  3.299761223246281e+00  3.299803492271133e+00  3.299781220134264e-05 
 1.190862854587882e-04  3.299773402291412e+00  3.299761223246355e+00  3.299803507987547e+00  3.299781216315096e-05 
 1.191362854587882e-04  3.299773402291587e+00  3.299761223246460e+00  3.299803523235449e+00  3.299781211652160e-05 
 1.191862854587882e-04  3.299773402291736e+00  3.299761223246535e+00  3.299803538028475e+00  3.299781207832992e-05 
 1.192362854587882e-04  3.299773402291899e+00  3.299761223246628e+00  3.299803552380561e+00  3.299781203702963e-05 
 1.192862854587882e-04  3.299773402292041e+00  3.299761223246702e+00  3.299803566304871e+00  3.299781199928205e-05 
 1.193362854587882e-04  3.299773402292193e+00  3.299761223246799e+00  3.299803579813846e+00  3.299781195620539e-05 
 1.193862854587882e-04  3.299773402292315e+00  3.299761223246853e+00  3.299803592919909e+00  3.299781192778368e-05 
 1.194362854587882e-04  3.299773402292453e+00  3.299761223246942e+00  3.299803605635101e+00  3.299781188870383e-05 
 1.194425354587882e-04  3.299773402291525e+00  3.299761223246326e+00  3.299803607194520e+00  3.299781219465312e-05 
 1.194550354587882e-04  3.299773402291547e+00  3.299761223246337e+00  3.299803610301704e+00  3.299781218799178e-05 
 1.194800354587882e-04  3.299773402291181e+00  3.299761223246091e+00  3.299803616446062e+00  3.299781231520217e-05 
 1.194862854587882e-04  3.299773402291620e+00  3.299761223246371e+00  3.299803617964788e+00  3.299781217244865e-05 
 1.194878479587882e-04  3.299773402293440e+00  3.299761223247561e+00  3.299803618344152e+00  3.299781157071243e-05 
 1.194882385837882e-04  3.299773402295691e+00  3.299761223249020e+00  3.299803618439005e+00  3.299781081402053e-05 
